<?xml version="1.0" encoding="utf-8"?>

<!--频道结构信息，创建时间：2019-12-11 18:5-->
<root>
  <channel ListProgram="" DocumentProgram="" FolderName="/" Type="0" Id="16319" Name="APP配置" ImageFolderName="" SerialNo="s53_app_config" auto="false" SiteID="53" AutoSerialNo="s53_app_config_b" IsDisplay="1" IsWeight="0" IsComment="0" IsClick="0" IsShowDraftNumber="0" Href="" Extra1="" ListJS="" DocumentJS="" TemplateInherit="0" Company="0" Application="app_config">
    <fields>
      <group id="8735" Name="内容编辑" Extra="" Url="" LinkChannel="0" Type="0"/>
      <group id="8736" Name="基本属性" Extra="" Url="" LinkChannel="0" Type="0"/>
      <field Name="Title" GroupID="8735" IsHide="0" DisableBlank="0" DisableEdit="0" Description="标题" FieldType="text" Options="" DefaultValue="" Other="" HtmlTemplate="" DictCode="" Size="0" Style="" RecommendChannel="" RecommendValue="" GroupChannel="" DataType="0" Caption="" RelationChannelID="0"/>
      <field Name="SubTitle" GroupID="8735" IsHide="1" DisableBlank="0" DisableEdit="0" Description="副标题" FieldType="text" Options="" DefaultValue="" Other="" HtmlTemplate="" DictCode="" Size="0" Style="" RecommendChannel="" RecommendValue="" GroupChannel="" DataType="0" Caption="" RelationChannelID="0"/>
      <field Name="PublishDate" GroupID="8736" IsHide="0" DisableBlank="0" DisableEdit="0" Description="发布日期" FieldType="datetime" Options="" DefaultValue="" Other="" HtmlTemplate="" DictCode="" Size="0" Style="" RecommendChannel="" RecommendValue="" GroupChannel="" DataType="0" Caption="" RelationChannelID="0"/>
      <field Name="Weight" GroupID="8736" IsHide="1" DisableBlank="0" DisableEdit="0" Description="权重" FieldType="text" Options="" DefaultValue="" Other="" HtmlTemplate="" DictCode="" Size="0" Style="" RecommendChannel="" RecommendValue="" GroupChannel="" DataType="0" Caption="" RelationChannelID="0"/>
      <field Name="DocFrom" GroupID="8736" IsHide="0" DisableBlank="0" DisableEdit="0" Description="文章来源" FieldType="text" Options="" DefaultValue="" Other="" HtmlTemplate="" DictCode="" Size="0" Style="" RecommendChannel="" RecommendValue="" GroupChannel="" DataType="0" Caption="" RelationChannelID="0"/>
      <field Name="IsPhotoNews" GroupID="8736" IsHide="0" DisableBlank="0" DisableEdit="0" Description="图片新闻" FieldType="checkbox" Options="" DefaultValue="" Other="" HtmlTemplate="" DictCode="" Size="0" Style="" RecommendChannel="" RecommendValue="" GroupChannel="" DataType="0" Caption="" RelationChannelID="0"/>
      <field Name="Summary" GroupID="8736" IsHide="0" DisableBlank="0" DisableEdit="0" Description="摘要" FieldType="textarea" Options="" DefaultValue="" Other="" HtmlTemplate="" DictCode="" Size="0" Style="" RecommendChannel="" RecommendValue="" GroupChannel="" DataType="0" Caption="" RelationChannelID="0"/>
      <field Name="Content" GroupID="8735" IsHide="0" DisableBlank="0" DisableEdit="0" Description="内容" FieldType="textarea" Options="" DefaultValue="" Other="" HtmlTemplate="" DictCode="" Size="0" Style="" RecommendChannel="" RecommendValue="" GroupChannel="" DataType="0" Caption="" RelationChannelID="0"/>
      <field Name="Photo" GroupID="8736" IsHide="0" DisableBlank="0" DisableEdit="0" Description="图片" FieldType="image" Options="" DefaultValue="" Other="" HtmlTemplate="" DictCode="" Size="0" Style="" RecommendChannel="" RecommendValue="" GroupChannel="" DataType="0" Caption="" RelationChannelID="0"/>
      <field Name="Keyword" GroupID="8736" IsHide="1" DisableBlank="0" DisableEdit="0" Description="关键词" FieldType="text" Options="" DefaultValue="" Other="" HtmlTemplate="" DictCode="" Size="0" Style="" RecommendChannel="" RecommendValue="" GroupChannel="" DataType="0" Caption="" RelationChannelID="0"/>
      <field Name="Tag" GroupID="8736" IsHide="1" DisableBlank="0" DisableEdit="0" Description="标签" FieldType="text" Options="" DefaultValue="" Other="" HtmlTemplate="" DictCode="" Size="0" Style="" RecommendChannel="" RecommendValue="" GroupChannel="" DataType="0" Caption="" RelationChannelID="0"/>
      <field Name="SetPublishDate" GroupID="8736" IsHide="1" DisableBlank="0" DisableEdit="0" Description="定时发布" FieldType="text" Options="" DefaultValue="" Other="" HtmlTemplate="" DictCode="" Size="0" Style="" RecommendChannel="" RecommendValue="" GroupChannel="" DataType="0" Caption="" RelationChannelID="0"/>
    </fields>
    <templates/>
    <channel ListProgram="../app/app_setting.jsp" DocumentProgram="" FolderName="config" Type="0" Id="15955" Name="基础配置" ImageFolderName="" SerialNo="s53_config" auto="false" SiteID="53" AutoSerialNo="s53_config_a" IsDisplay="1" IsWeight="0" IsComment="0" IsClick="0" IsShowDraftNumber="0" Href="" Extra1="" ListJS="" DocumentJS="" TemplateInherit="0" Company="0" Application="">
      <fields>
        <group id="8512" Name="内容编辑" Extra="" Url="" LinkChannel="0" Type="0"/>
        <field Name="Title" GroupID="8512" IsHide="0" DisableBlank="0" DisableEdit="0" Description="客户端名称" FieldType="text" Options="" DefaultValue="" Other="" HtmlTemplate="" DictCode="" Size="0" Style="" RecommendChannel="" RecommendValue="" GroupChannel="" DataType="0" Caption="" RelationChannelID="0"/>
        <field Name="SubTitle" GroupID="8512" IsHide="1" DisableBlank="0" DisableEdit="0" Description="副标题" FieldType="text" Options="" DefaultValue="" Other="" HtmlTemplate="" DictCode="" Size="0" Style="" RecommendChannel="" RecommendValue="" GroupChannel="" DataType="0" Caption="" RelationChannelID="0"/>
        <field Name="PublishDate" GroupID="0" IsHide="0" DisableBlank="0" DisableEdit="0" Description="发布日期" FieldType="datetime" Options="" DefaultValue="" Other="" HtmlTemplate="" DictCode="" Size="0" Style="" RecommendChannel="" RecommendValue="" GroupChannel="" DataType="0" Caption="" RelationChannelID="0"/>
        <field Name="Weight" GroupID="0" IsHide="1" DisableBlank="0" DisableEdit="0" Description="权重" FieldType="text" Options="" DefaultValue="" Other="" HtmlTemplate="" DictCode="" Size="0" Style="" RecommendChannel="" RecommendValue="" GroupChannel="" DataType="0" Caption="" RelationChannelID="0"/>
        <field Name="DocFrom" GroupID="0" IsHide="1" DisableBlank="0" DisableEdit="0" Description="文章来源" FieldType="text" Options="" DefaultValue="" Other="" HtmlTemplate="" DictCode="" Size="0" Style="" RecommendChannel="" RecommendValue="" GroupChannel="" DataType="0" Caption="" RelationChannelID="0"/>
        <field Name="IsPhotoNews" GroupID="0" IsHide="1" DisableBlank="0" DisableEdit="0" Description="图片新闻" FieldType="checkbox" Options="" DefaultValue="" Other="" HtmlTemplate="" DictCode="" Size="0" Style="" RecommendChannel="" RecommendValue="" GroupChannel="" DataType="0" Caption="" RelationChannelID="0"/>
        <field Name="Summary" GroupID="0" IsHide="1" DisableBlank="0" DisableEdit="0" Description="摘要" FieldType="textarea" Options="" DefaultValue="" Other="" HtmlTemplate="" DictCode="" Size="0" Style="" RecommendChannel="" RecommendValue="" GroupChannel="" DataType="0" Caption="" RelationChannelID="0"/>
        <field Name="Content" GroupID="8512" IsHide="1" DisableBlank="0" DisableEdit="0" Description="内容" FieldType="textarea" Options="" DefaultValue="" Other="" HtmlTemplate="" DictCode="" Size="0" Style="" RecommendChannel="" RecommendValue="" GroupChannel="" DataType="0" Caption="" RelationChannelID="0"/>
        <field Name="Photo" GroupID="8512" IsHide="0" DisableBlank="0" DisableEdit="0" Description="媒体号，个人主页及我的背景图" FieldType="image" Options="" DefaultValue="" Other="" HtmlTemplate="" DictCode="" Size="0" Style="" RecommendChannel="" RecommendValue="" GroupChannel="" DataType="0" Caption="" RelationChannelID="0"/>
        <field Name="siteflag" GroupID="8512" IsHide="0" DisableBlank="0" DisableEdit="0" Description="客户端归属" FieldType="number" Options="" DefaultValue="" Other="null" HtmlTemplate="" DictCode="" Size="0" Style="null" RecommendChannel="" RecommendValue="" GroupChannel="" DataType="0" Caption="" RelationChannelID="0"/>
        <field Name="Keyword" GroupID="0" IsHide="1" DisableBlank="0" DisableEdit="0" Description="关键词" FieldType="text" Options="" DefaultValue="" Other="" HtmlTemplate="" DictCode="" Size="0" Style="" RecommendChannel="" RecommendValue="" GroupChannel="" DataType="0" Caption="" RelationChannelID="0"/>
        <field Name="Tag" GroupID="0" IsHide="1" DisableBlank="0" DisableEdit="0" Description="标签" FieldType="text" Options="" DefaultValue="" Other="" HtmlTemplate="" DictCode="" Size="0" Style="" RecommendChannel="" RecommendValue="" GroupChannel="" DataType="0" Caption="" RelationChannelID="0"/>
        <field Name="SetPublishDate" GroupID="0" IsHide="1" DisableBlank="0" DisableEdit="0" Description="定时发布" FieldType="text" Options="" DefaultValue="" Other="" HtmlTemplate="" DictCode="" Size="0" Style="" RecommendChannel="" RecommendValue="" GroupChannel="" DataType="0" Caption="" RelationChannelID="0"/>
        <field Name="customcategory" GroupID="8512" IsHide="0" DisableBlank="0" DisableEdit="0" Description="订阅栏目" FieldType="radio" Options="开启(0)$tidemedia$关闭(1)$tidemedia$" DefaultValue="0" Other="null" HtmlTemplate="" DictCode="" Size="0" Style="" RecommendChannel="" RecommendValue="" GroupChannel="" DataType="1" Caption="" RelationChannelID="0"/>
        <field Name="juxiancreate" GroupID="8512" IsHide="0" DisableBlank="0" DisableEdit="0" Description="聚现云服务" FieldType="radio" Options="开启(0)$tidemedia$关闭(1)$tidemedia$" DefaultValue="0" Other="null" HtmlTemplate="" DictCode="" Size="0" Style="" RecommendChannel="" RecommendValue="" GroupChannel="" DataType="1" Caption="" RelationChannelID="0"/>
        <field Name="showtype" GroupID="8512" IsHide="0" DisableBlank="0" DisableEdit="0" Description="自定义内容标识" FieldType="radio" Options="显示(0)$tidemedia$隐藏(1)$tidemedia$" DefaultValue="" Other="null" HtmlTemplate="" DictCode="" Size="0" Style="" RecommendChannel="" RecommendValue="" GroupChannel="" DataType="1" Caption="" RelationChannelID="0"/>
        <field Name="showcomment" GroupID="8512" IsHide="0" DisableBlank="0" DisableEdit="0" Description="文章评论数" FieldType="radio" Options="显示(0)$tidemedia$隐藏(1)$tidemedia$" DefaultValue="" Other="null" HtmlTemplate="" DictCode="" Size="0" Style="" RecommendChannel="" RecommendValue="" GroupChannel="" DataType="1" Caption="" RelationChannelID="0"/>
        <field Name="allowcomment" GroupID="8512" IsHide="0" DisableBlank="0" DisableEdit="0" Description="文章评论功能" FieldType="radio" Options="开启(0)$tidemedia$关闭(1)$tidemedia$" DefaultValue="" Other="null" HtmlTemplate="" DictCode="" Size="0" Style="" RecommendChannel="" RecommendValue="" GroupChannel="" DataType="1" Caption="" RelationChannelID="0"/>
        <field Name="showtime" GroupID="8512" IsHide="0" DisableBlank="0" DisableEdit="0" Description="文章发布时间" FieldType="radio" Options="显示(0)$tidemedia$隐藏(1)$tidemedia$" DefaultValue="" Other="null" HtmlTemplate="" DictCode="" Size="0" Style="" RecommendChannel="" RecommendValue="" GroupChannel="" DataType="1" Caption="" RelationChannelID="0"/>
        <field Name="showread" GroupID="8512" IsHide="0" DisableBlank="0" DisableEdit="0" Description="阅读量" FieldType="radio" Options="显示(0)$tidemedia$隐藏(1)$tidemedia$" DefaultValue="" Other="null" HtmlTemplate="" DictCode="" Size="0" Style="" RecommendChannel="" RecommendValue="" GroupChannel="" DataType="1" Caption="" RelationChannelID="0"/>
        <field Name="showcommunity" GroupID="8512" IsHide="0" DisableBlank="0" DisableEdit="0" Description="社区相关信息" FieldType="radio" Options="显示(0)$tidemedia$隐藏(1)$tidemedia$" DefaultValue="0" Other="" HtmlTemplate="" DictCode="" Size="0" Style="" RecommendChannel="" RecommendValue="" GroupChannel="" DataType="1" Caption="" RelationChannelID="0"/>
        <field Name="third_option" GroupID="8512" IsHide="0" DisableBlank="0" DisableEdit="0" Description="三方开启配置项" FieldType="checkbox" Options="微信(1)$tidemedia$微博(2)$tidemedia$腾讯QQ(3)$tidemedia$" DefaultValue="1,2,3" Other="" HtmlTemplate="" DictCode="" Size="0" Style="" RecommendChannel="" RecommendValue="" GroupChannel="" DataType="1" Caption="" RelationChannelID="0"/>
        <field Name="function_switch" GroupID="8512" IsHide="0" DisableBlank="0" DisableEdit="0" Description="功能开关" FieldType="checkbox" Options="是否开启爆料中视频提交按钮(1)$tidemedia$是否开启语音播放功能(2)$tidemedia$" DefaultValue="" Other="" HtmlTemplate="" DictCode="" Size="0" Style="" RecommendChannel="" RecommendValue="" GroupChannel="" DataType="1" Caption="" RelationChannelID="0"/>
        <field Name="background" GroupID="8512" IsHide="0" DisableBlank="0" DisableEdit="0" Description="客户端背景设置" FieldType="radio" Options="背景颜色(1)$tidemedia$背景图片(2)$tidemedia$电视直播/广播增加背景图(3)$tidemedia$" DefaultValue="" Other="" HtmlTemplate="" DictCode="" Size="0" Style="" RecommendChannel="" RecommendValue="" GroupChannel="" DataType="1" Caption="" RelationChannelID="0"/>
        <field Name="background_color" GroupID="8512" IsHide="0" DisableBlank="0" DisableEdit="0" Description="背景颜色" FieldType="text" Options="" DefaultValue="" Other="" HtmlTemplate="" DictCode="" Size="0" Style="" RecommendChannel="" RecommendValue="" GroupChannel="" DataType="0" Caption="" RelationChannelID="0"/>
        <field Name="background_photo" GroupID="8512" IsHide="0" DisableBlank="0" DisableEdit="0" Description="背景图片" FieldType="image" Options="" DefaultValue="" Other="" HtmlTemplate="" DictCode="" Size="0" Style="" RecommendChannel="" RecommendValue="" GroupChannel="" DataType="0" Caption="" RelationChannelID="0"/>
        <field Name="mandatoryLogin" GroupID="8512" IsHide="0" DisableBlank="0" DisableEdit="0" Description="仅登录后允许提问" FieldType="switch" Options="" DefaultValue="1" Other="" HtmlTemplate="" DictCode="" Size="0" Style="" RecommendChannel="" RecommendValue="" GroupChannel="" DataType="0" Caption="" RelationChannelID="0"/>
        <field Name="selectionDepartment" GroupID="8512" IsHide="0" DisableBlank="0" DisableEdit="0" Description="用户提问时允许选择部门" FieldType="switch" Options="" DefaultValue="1" Other="" HtmlTemplate="" DictCode="" Size="0" Style="" RecommendChannel="" RecommendValue="" GroupChannel="" DataType="0" Caption="" RelationChannelID="0"/>
        <field Name="tv_background_photo" GroupID="8512" IsHide="0" DisableBlank="0" DisableEdit="0" Description="直播/广播背景" FieldType="image" Options="" DefaultValue="" Other="" HtmlTemplate="" DictCode="" Size="0" Style="" RecommendChannel="" RecommendValue="" GroupChannel="" DataType="0" Caption="" RelationChannelID="0"/>
        <field Name="tongji" GroupID="8512" IsHide="0" DisableBlank="0" DisableEdit="0" Description="数据分析" FieldType="switch" Options="" DefaultValue="0" Other="" HtmlTemplate="" DictCode="" Size="0" Style="" RecommendChannel="" RecommendValue="" GroupChannel="" DataType="0" Caption="" RelationChannelID="0"/>
        <field Name="baidu_tongji" GroupID="8512" IsHide="0" DisableBlank="0" DisableEdit="0" Description="百度统计" FieldType="switch" Options="" DefaultValue="0" Other="" HtmlTemplate="" DictCode="" Size="0" Style="" RecommendChannel="" RecommendValue="" GroupChannel="" DataType="0" Caption="" RelationChannelID="0"/>
        <field Name="bugly" GroupID="8512" IsHide="0" DisableBlank="0" DisableEdit="0" Description="开启bugly" FieldType="switch" Options="" DefaultValue="1" Other="" HtmlTemplate="" DictCode="" Size="0" Style="" RecommendChannel="" RecommendValue="" GroupChannel="" DataType="0" Caption="" RelationChannelID="0"/>
        <field Name="BanInteract" GroupID="8512" IsHide="0" DisableBlank="0" DisableEdit="0" Description="禁止交互" FieldType="switch" Options="" DefaultValue="0" Other="" HtmlTemplate="" DictCode="" Size="0" Style="" RecommendChannel="" RecommendValue="" GroupChannel="" DataType="0" Caption="" RelationChannelID="0"/>
        <field Name="sensitive_word" GroupID="8512" IsHide="0" DisableBlank="0" DisableEdit="0" Description="敏感词" FieldType="switch" Options="" DefaultValue="0" Other="" HtmlTemplate="" DictCode="" Size="0" Style="" RecommendChannel="" RecommendValue="" GroupChannel="" DataType="0" Caption="" RelationChannelID="0"/>
        <field Name="globalBanned" GroupID="8512" IsHide="0" DisableBlank="0" DisableEdit="0" Description="全局禁言" FieldType="switch" Options="" DefaultValue="0" Other="" HtmlTemplate="" DictCode="" Size="0" Style="" RecommendChannel="" RecommendValue="" GroupChannel="" DataType="0" Caption="" RelationChannelID="0"/>
        <field Name="listType" GroupID="8512" IsHide="0" DisableBlank="0" DisableEdit="0" Description="列表展现形式" FieldType="radio" Options="左文右图(0)$tidemedia$左图右文(1)$tidemedia$" DefaultValue="0" Other="" HtmlTemplate="" DictCode="" Size="0" Style="" RecommendChannel="" RecommendValue="" GroupChannel="" DataType="1" Caption="" RelationChannelID="0"/>
        <field Name="Audit_avator" GroupID="8512" IsHide="0" DisableBlank="0" DisableEdit="0" Description="头像审核" FieldType="switch" Options="" DefaultValue="0" Other="" HtmlTemplate="" DictCode="" Size="0" Style="" RecommendChannel="" RecommendValue="" GroupChannel="" DataType="0" Caption="" RelationChannelID="0"/>
        <field Name="Audit_nickname" GroupID="8512" IsHide="0" DisableBlank="0" DisableEdit="0" Description="昵称审核" FieldType="switch" Options="" DefaultValue="0" Other="" HtmlTemplate="" DictCode="" Size="0" Style="" RecommendChannel="" RecommendValue="" GroupChannel="" DataType="0" Caption="" RelationChannelID="0"/>
        <field Name="wenzheng" GroupID="8512" IsHide="0" DisableBlank="0" DisableEdit="0" Description="内容页问政" FieldType="switch" Options="" DefaultValue="0" Other="" HtmlTemplate="" DictCode="" Size="0" Style="" RecommendChannel="" RecommendValue="" GroupChannel="" DataType="0" Caption="" RelationChannelID="0"/>
        <field Name="baoliao" GroupID="8512" IsHide="0" DisableBlank="0" DisableEdit="0" Description="内容页爆料" FieldType="switch" Options="" DefaultValue="0" Other="" HtmlTemplate="" DictCode="" Size="0" Style="" RecommendChannel="" RecommendValue="" GroupChannel="" DataType="0" Caption="" RelationChannelID="0"/>
        <field Name="AppDepartment" GroupID="8512" IsHide="0" DisableBlank="0" DisableEdit="0" Description="客户端固定部门" FieldType="text" Options="" DefaultValue="" Other="" HtmlTemplate="" DictCode="" Size="0" Style="" RecommendChannel="" RecommendValue="" GroupChannel="" DataType="0" Caption="从已录入的部门中选择一个部门作为固定部门." RelationChannelID="0"/>
      </fields>
      <templates>
        <template TemplateID="1524" ChannelID="15955" LinkTemplate="0" Charset="" RowsPerPage="0" SubFolderType="0" TemplateType="3" FileNameType="0" FileNameField="" Rows="0" WhereSql="" Lable="" TitleWord="0" Href="" PublishInterval="0" IncludeChildChannel="0" IsInherit="0" TargetName="appconfig.json"/>
      </templates>
    </channel>
    <channel ListProgram="../app/app_start_image.jsp" DocumentProgram="" FolderName="startpic" Type="0" Id="15926" Name="启动页面" ImageFolderName="" SerialNo="s53_b" SiteID="53" AutoSerialNo="s53_b_a" IsDisplay="1" IsWeight="0" IsComment="0" IsClick="0" IsShowDraftNumber="0" Href="" Extra1="" ListJS="" DocumentJS="" TemplateInherit="0" Company="0" Application="">
      <fields>
        <group id="8457" Name="内容编辑" Extra="" Url="" LinkChannel="0" Type="0"/>
        <field Name="Title" GroupID="8457" IsHide="0" DisableBlank="0" DisableEdit="0" Description="标题" FieldType="text" Options="" DefaultValue="" Other="" HtmlTemplate="" DictCode="" Size="0" Style="" RecommendChannel="" RecommendValue="" GroupChannel="" DataType="0" Caption="" RelationChannelID="0"/>
        <field Name="SubTitle" GroupID="8457" IsHide="1" DisableBlank="0" DisableEdit="0" Description="副标题" FieldType="text" Options="" DefaultValue="" Other="" HtmlTemplate="" DictCode="" Size="0" Style="" RecommendChannel="" RecommendValue="" GroupChannel="" DataType="0" Caption="" RelationChannelID="0"/>
        <field Name="PublishDate" GroupID="0" IsHide="0" DisableBlank="0" DisableEdit="0" Description="发布日期" FieldType="datetime" Options="" DefaultValue="" Other="" HtmlTemplate="" DictCode="" Size="0" Style="" RecommendChannel="" RecommendValue="" GroupChannel="" DataType="0" Caption="" RelationChannelID="0"/>
        <field Name="Weight" GroupID="0" IsHide="1" DisableBlank="0" DisableEdit="0" Description="权重" FieldType="text" Options="" DefaultValue="" Other="" HtmlTemplate="" DictCode="" Size="0" Style="" RecommendChannel="" RecommendValue="" GroupChannel="" DataType="0" Caption="" RelationChannelID="0"/>
        <field Name="DocFrom" GroupID="0" IsHide="1" DisableBlank="0" DisableEdit="0" Description="文章来源" FieldType="text" Options="" DefaultValue="" Other="" HtmlTemplate="" DictCode="" Size="0" Style="" RecommendChannel="" RecommendValue="" GroupChannel="" DataType="0" Caption="" RelationChannelID="0"/>
        <field Name="IsPhotoNews" GroupID="0" IsHide="1" DisableBlank="0" DisableEdit="0" Description="图片新闻" FieldType="checkbox" Options="" DefaultValue="" Other="" HtmlTemplate="" DictCode="" Size="0" Style="" RecommendChannel="" RecommendValue="" GroupChannel="" DataType="0" Caption="" RelationChannelID="0"/>
        <field Name="Summary" GroupID="0" IsHide="1" DisableBlank="0" DisableEdit="0" Description="摘要" FieldType="textarea" Options="" DefaultValue="" Other="" HtmlTemplate="" DictCode="" Size="0" Style="" RecommendChannel="" RecommendValue="" GroupChannel="" DataType="0" Caption="" RelationChannelID="0"/>
        <field Name="Content" GroupID="8457" IsHide="1" DisableBlank="0" DisableEdit="0" Description="内容" FieldType="textarea" Options="" DefaultValue="" Other="" HtmlTemplate="" DictCode="" Size="0" Style="" RecommendChannel="" RecommendValue="" GroupChannel="" DataType="0" Caption="" RelationChannelID="0"/>
        <field Name="Photo" GroupID="0" IsHide="0" DisableBlank="0" DisableEdit="0" Description="图片" FieldType="image" Options="" DefaultValue="" Other="" HtmlTemplate="" DictCode="" Size="0" Style="" RecommendChannel="" RecommendValue="" GroupChannel="" DataType="0" Caption="尺寸：1242*2208px；格式：png；建议大小：3M以内" RelationChannelID="0"/>
        <field Name="Keyword" GroupID="0" IsHide="1" DisableBlank="0" DisableEdit="0" Description="关键词" FieldType="text" Options="" DefaultValue="" Other="" HtmlTemplate="" DictCode="" Size="0" Style="" RecommendChannel="" RecommendValue="" GroupChannel="" DataType="0" Caption="" RelationChannelID="0"/>
        <field Name="Tag" GroupID="0" IsHide="1" DisableBlank="0" DisableEdit="0" Description="标签" FieldType="text" Options="" DefaultValue="" Other="" HtmlTemplate="" DictCode="" Size="0" Style="" RecommendChannel="" RecommendValue="" GroupChannel="" DataType="0" Caption="" RelationChannelID="0"/>
        <field Name="SetPublishDate" GroupID="0" IsHide="1" DisableBlank="0" DisableEdit="0" Description="定时发布" FieldType="text" Options="" DefaultValue="" Other="" HtmlTemplate="" DictCode="" Size="0" Style="" RecommendChannel="" RecommendValue="" GroupChannel="" DataType="0" Caption="" RelationChannelID="0"/>
        <field Name="href" GroupID="8457" IsHide="0" DisableBlank="0" DisableEdit="0" Description="链接地址" FieldType="text" Options="" DefaultValue="" Other="null" HtmlTemplate="" DictCode="" Size="0" Style="null" RecommendChannel="" RecommendValue="" GroupChannel="" DataType="0" Caption="" RelationChannelID="0"/>
        <field Name="residencetime" GroupID="8457" IsHide="0" DisableBlank="0" DisableEdit="0" Description="停留时长" FieldType="number" Options="" DefaultValue="5" Other="null" HtmlTemplate="" DictCode="" Size="0" Style="null" RecommendChannel="" RecommendValue="" GroupChannel="" DataType="0" Caption="启动时长，建议范围：5~20秒，如不填写使用默认时长：5秒" RelationChannelID="0"/>
        <field Name="gif" GroupID="8457" IsHide="0" DisableBlank="0" DisableEdit="0" Description="动图" FieldType="file" Options="" DefaultValue="" Other="null" HtmlTemplate="" DictCode="" Size="0" Style="null" RecommendChannel="" RecommendValue="" GroupChannel="" DataType="0" Caption="格式gif;建议大小：3M以内;建议时长：2-3秒g" RelationChannelID="0"/>
        <field Name="video" GroupID="8457" IsHide="0" DisableBlank="0" DisableEdit="0" Description="视频" FieldType="file" Options="" DefaultValue="" Other="null" HtmlTemplate="" DictCode="" Size="0" Style="null" RecommendChannel="" RecommendValue="" GroupChannel="" DataType="0" Caption="格式mp4;建议大小：3M以内;建议时长：2-3秒" RelationChannelID="0"/>
        <field Name="type" GroupID="8457" IsHide="0" DisableBlank="0" DisableEdit="0" Description="启动页面样式" FieldType="radio" Options="图片(1)$tidemedia$动画(2)$tidemedia$视频(3)$tidemedia$" DefaultValue="" Other="null" HtmlTemplate="" DictCode="" Size="0" Style="null" RecommendChannel="" RecommendValue="" GroupChannel="" DataType="1" Caption="" RelationChannelID="0"/>
        <field Name="skip" GroupID="8457" IsHide="0" DisableBlank="0" DisableEdit="0" Description="跳过" FieldType="switch" Options="" DefaultValue="" Other="" HtmlTemplate="" DictCode="" Size="0" Style="" RecommendChannel="" RecommendValue="" GroupChannel="" DataType="0" Caption="" RelationChannelID="0"/>
        <field Name="countdown" GroupID="8457" IsHide="0" DisableBlank="0" DisableEdit="0" Description="倒计时" FieldType="switch" Options="" DefaultValue="" Other="" HtmlTemplate="" DictCode="" Size="0" Style="" RecommendChannel="" RecommendValue="" GroupChannel="" DataType="0" Caption="" RelationChannelID="0"/>
        <field Name="preloadPhoto" GroupID="8457" IsHide="0" DisableBlank="0" DisableEdit="0" Description="预加载图片" FieldType="text" Options="" DefaultValue="" Other="" HtmlTemplate="" DictCode="" Size="0" Style="" RecommendChannel="" RecommendValue="" GroupChannel="" DataType="0" Caption="" RelationChannelID="0"/>
      </fields>
      <templates>
        <template TemplateID="1494" ChannelID="15926" LinkTemplate="0" Charset="" RowsPerPage="0" SubFolderType="0" TemplateType="3" FileNameType="0" FileNameField="" Rows="0" WhereSql="" Lable="" TitleWord="0" Href="" PublishInterval="0" IncludeChildChannel="0" IsInherit="0" TargetName="start_pic.json"/>
      </templates>
    </channel>
    <channel ListProgram="../app/app_version_message.jsp" DocumentProgram="" FolderName="app" Type="0" Id="15914" Name="版本信息" ImageFolderName="" SerialNo="s53_a_b" SiteID="53" AutoSerialNo="s53_a_b_a" IsDisplay="1" IsWeight="0" IsComment="0" IsClick="0" IsShowDraftNumber="0" Href="" Extra1="" ListJS="" DocumentJS="" TemplateInherit="0" Company="0" Application="">
      <fields>
        <group id="8439" Name="内容编辑" Extra="" Url="" LinkChannel="0" Type="0"/>
        <field Name="Title" GroupID="8439" IsHide="0" DisableBlank="0" DisableEdit="0" Description="标题" FieldType="text" Options="" DefaultValue="" Other="" HtmlTemplate="" DictCode="" Size="0" Style="" RecommendChannel="" RecommendValue="" GroupChannel="" DataType="0" Caption="" RelationChannelID="0"/>
        <field Name="SubTitle" GroupID="8439" IsHide="1" DisableBlank="0" DisableEdit="0" Description="副标题" FieldType="text" Options="" DefaultValue="" Other="" HtmlTemplate="" DictCode="" Size="0" Style="" RecommendChannel="" RecommendValue="" GroupChannel="" DataType="0" Caption="" RelationChannelID="0"/>
        <field Name="PublishDate" GroupID="0" IsHide="0" DisableBlank="0" DisableEdit="0" Description="发布日期" FieldType="datetime" Options="" DefaultValue="" Other="" HtmlTemplate="" DictCode="" Size="0" Style="" RecommendChannel="" RecommendValue="" GroupChannel="" DataType="0" Caption="" RelationChannelID="0"/>
        <field Name="Weight" GroupID="0" IsHide="1" DisableBlank="0" DisableEdit="0" Description="权重" FieldType="text" Options="" DefaultValue="" Other="" HtmlTemplate="" DictCode="" Size="0" Style="" RecommendChannel="" RecommendValue="" GroupChannel="" DataType="0" Caption="" RelationChannelID="0"/>
        <field Name="DocFrom" GroupID="8439" IsHide="1" DisableBlank="0" DisableEdit="0" Description="文章来源" FieldType="text" Options="" DefaultValue="" Other="" HtmlTemplate="" DictCode="" Size="0" Style="" RecommendChannel="" RecommendValue="" GroupChannel="" DataType="0" Caption="" RelationChannelID="0"/>
        <field Name="IsPhotoNews" GroupID="8439" IsHide="1" DisableBlank="0" DisableEdit="0" Description="图片新闻" FieldType="checkbox" Options="" DefaultValue="" Other="" HtmlTemplate="" DictCode="" Size="0" Style="" RecommendChannel="" RecommendValue="" GroupChannel="" DataType="0" Caption="" RelationChannelID="0"/>
        <field Name="Summary" GroupID="8439" IsHide="0" DisableBlank="0" DisableEdit="0" Description="摘要" FieldType="textarea" Options="" DefaultValue="" Other="" HtmlTemplate="" DictCode="" Size="0" Style="" RecommendChannel="" RecommendValue="" GroupChannel="" DataType="0" Caption="" RelationChannelID="0"/>
        <field Name="Content" GroupID="8439" IsHide="1" DisableBlank="0" DisableEdit="0" Description="内容" FieldType="textarea" Options="" DefaultValue="" Other="" HtmlTemplate="" DictCode="" Size="0" Style="" RecommendChannel="" RecommendValue="" GroupChannel="" DataType="0" Caption="" RelationChannelID="0"/>
        <field Name="Photo" GroupID="8439" IsHide="1" DisableBlank="0" DisableEdit="0" Description="图片" FieldType="image" Options="" DefaultValue="" Other="" HtmlTemplate="" DictCode="" Size="0" Style="" RecommendChannel="" RecommendValue="" GroupChannel="" DataType="0" Caption="" RelationChannelID="0"/>
        <field Name="Keyword" GroupID="0" IsHide="1" DisableBlank="0" DisableEdit="0" Description="关键词" FieldType="text" Options="" DefaultValue="" Other="" HtmlTemplate="" DictCode="" Size="0" Style="" RecommendChannel="" RecommendValue="" GroupChannel="" DataType="0" Caption="" RelationChannelID="0"/>
        <field Name="Tag" GroupID="0" IsHide="1" DisableBlank="0" DisableEdit="0" Description="标签" FieldType="text" Options="" DefaultValue="" Other="" HtmlTemplate="" DictCode="" Size="0" Style="" RecommendChannel="" RecommendValue="" GroupChannel="" DataType="0" Caption="" RelationChannelID="0"/>
        <field Name="SetPublishDate" GroupID="0" IsHide="1" DisableBlank="0" DisableEdit="0" Description="定时发布" FieldType="text" Options="" DefaultValue="" Other="" HtmlTemplate="" DictCode="" Size="0" Style="" RecommendChannel="" RecommendValue="" GroupChannel="" DataType="0" Caption="" RelationChannelID="0"/>
        <field Name="forceupdate" GroupID="8439" IsHide="0" DisableBlank="0" DisableEdit="0" Description="是否强制升级" FieldType="radio" Options="否(0)$tidemedia$是(1)$tidemedia$" DefaultValue="" Other="null" HtmlTemplate="" DictCode="" Size="0" Style="null" RecommendChannel="" RecommendValue="" GroupChannel="" DataType="1" Caption="" RelationChannelID="0"/>
        <field Name="version" GroupID="8439" IsHide="0" DisableBlank="0" DisableEdit="0" Description="安卓版本号" FieldType="text" Options="" DefaultValue="" Other="null" HtmlTemplate="" DictCode="" Size="0" Style="null" RecommendChannel="" RecommendValue="" GroupChannel="" DataType="0" Caption="" RelationChannelID="0"/>
        <field Name="linkurl" GroupID="8439" IsHide="0" DisableBlank="0" DisableEdit="0" Description="apk地址" FieldType="text" Options="" DefaultValue="" Other="null" HtmlTemplate="" DictCode="" Size="0" Style="null" RecommendChannel="" RecommendValue="" GroupChannel="" DataType="0" Caption="" RelationChannelID="0"/>
        <field Name="iosversion" GroupID="8439" IsHide="1" DisableBlank="0" DisableEdit="0" Description="IOS版本号" FieldType="text" Options="" DefaultValue="" Other="null" HtmlTemplate="" DictCode="" Size="0" Style="null" RecommendChannel="" RecommendValue="" GroupChannel="" DataType="0" Caption="" RelationChannelID="0"/>
      </fields>
      <templates>
        <template TemplateID="1623" ChannelID="15914" LinkTemplate="0" Charset="" RowsPerPage="0" SubFolderType="0" TemplateType="3" FileNameType="0" FileNameField="" Rows="8" WhereSql="" Lable="" TitleWord="0" Href="" PublishInterval="0" IncludeChildChannel="0" IsInherit="0" TargetName="app_update.json"/>
      </templates>
    </channel>
    <channel ListProgram="../app/app_download_remind.jsp" DocumentProgram="" FolderName="Downloadprompt" Type="0" Id="16099" Name="下载提示" ImageFolderName="" SerialNo="Downloadprompt" auto="false" SiteID="53" AutoSerialNo="Downloadprompt_a" IsDisplay="1" IsWeight="0" IsComment="0" IsClick="0" IsShowDraftNumber="0" Href="" Extra1="" ListJS="" DocumentJS="" TemplateInherit="0" Company="0" Application="">
      <fields>
        <group id="8570" Name="内容编辑" Extra="" Url="" LinkChannel="0" Type="0"/>
        <field Name="Title" GroupID="8570" IsHide="0" DisableBlank="0" DisableEdit="0" Description="app名称" FieldType="text" Options="" DefaultValue="" Other="" HtmlTemplate="" DictCode="" Size="0" Style="" RecommendChannel="" RecommendValue="" GroupChannel="" DataType="0" Caption="" RelationChannelID="0"/>
        <field Name="SubTitle" GroupID="8570" IsHide="1" DisableBlank="0" DisableEdit="0" Description="副标题" FieldType="text" Options="" DefaultValue="" Other="" HtmlTemplate="" DictCode="" Size="0" Style="" RecommendChannel="" RecommendValue="" GroupChannel="" DataType="0" Caption="" RelationChannelID="0"/>
        <field Name="PublishDate" GroupID="0" IsHide="0" DisableBlank="0" DisableEdit="0" Description="发布日期" FieldType="datetime" Options="" DefaultValue="" Other="" HtmlTemplate="" DictCode="" Size="0" Style="" RecommendChannel="" RecommendValue="" GroupChannel="" DataType="0" Caption="" RelationChannelID="0"/>
        <field Name="Weight" GroupID="0" IsHide="1" DisableBlank="0" DisableEdit="0" Description="权重" FieldType="text" Options="" DefaultValue="" Other="" HtmlTemplate="" DictCode="" Size="0" Style="" RecommendChannel="" RecommendValue="" GroupChannel="" DataType="0" Caption="" RelationChannelID="0"/>
        <field Name="DocFrom" GroupID="0" IsHide="1" DisableBlank="0" DisableEdit="0" Description="文章来源" FieldType="text" Options="" DefaultValue="" Other="" HtmlTemplate="" DictCode="" Size="0" Style="" RecommendChannel="" RecommendValue="" GroupChannel="" DataType="0" Caption="" RelationChannelID="0"/>
        <field Name="IsPhotoNews" GroupID="0" IsHide="1" DisableBlank="0" DisableEdit="0" Description="图片新闻" FieldType="checkbox" Options="" DefaultValue="" Other="" HtmlTemplate="" DictCode="" Size="0" Style="" RecommendChannel="" RecommendValue="" GroupChannel="" DataType="0" Caption="" RelationChannelID="0"/>
        <field Name="Summary" GroupID="0" IsHide="1" DisableBlank="0" DisableEdit="0" Description="摘要" FieldType="textarea" Options="" DefaultValue="" Other="" HtmlTemplate="" DictCode="" Size="0" Style="" RecommendChannel="" RecommendValue="" GroupChannel="" DataType="0" Caption="" RelationChannelID="0"/>
        <field Name="Content" GroupID="8570" IsHide="1" DisableBlank="0" DisableEdit="0" Description="内容" FieldType="textarea" Options="" DefaultValue="" Other="" HtmlTemplate="" DictCode="" Size="0" Style="" RecommendChannel="" RecommendValue="" GroupChannel="" DataType="0" Caption="" RelationChannelID="0"/>
        <field Name="Photo" GroupID="0" IsHide="0" DisableBlank="0" DisableEdit="0" Description="客户端logo" FieldType="image" Options="" DefaultValue="" Other="" HtmlTemplate="" DictCode="" Size="0" Style="" RecommendChannel="" RecommendValue="" GroupChannel="" DataType="0" Caption="" RelationChannelID="0"/>
        <field Name="Keyword" GroupID="0" IsHide="1" DisableBlank="0" DisableEdit="0" Description="关键词" FieldType="text" Options="" DefaultValue="" Other="" HtmlTemplate="" DictCode="" Size="0" Style="" RecommendChannel="" RecommendValue="" GroupChannel="" DataType="0" Caption="" RelationChannelID="0"/>
        <field Name="Tag" GroupID="0" IsHide="1" DisableBlank="0" DisableEdit="0" Description="标签" FieldType="text" Options="" DefaultValue="" Other="" HtmlTemplate="" DictCode="" Size="0" Style="" RecommendChannel="" RecommendValue="" GroupChannel="" DataType="0" Caption="" RelationChannelID="0"/>
        <field Name="SetPublishDate" GroupID="0" IsHide="1" DisableBlank="0" DisableEdit="0" Description="定时发布" FieldType="text" Options="" DefaultValue="" Other="" HtmlTemplate="" DictCode="" Size="0" Style="" RecommendChannel="" RecommendValue="" GroupChannel="" DataType="0" Caption="" RelationChannelID="0"/>
        <field Name="AndroidDownload" GroupID="8570" IsHide="0" DisableBlank="0" DisableEdit="0" Description="安卓下载地址" FieldType="text" Options="" DefaultValue="" Other="null" HtmlTemplate="" DictCode="" Size="0" Style="null" RecommendChannel="" RecommendValue="" GroupChannel="" DataType="0" Caption="" RelationChannelID="0"/>
        <field Name="IosDownload" GroupID="8570" IsHide="0" DisableBlank="0" DisableEdit="0" Description="苹果下载地址" FieldType="text" Options="" DefaultValue="" Other="null" HtmlTemplate="" DictCode="" Size="0" Style="null" RecommendChannel="" RecommendValue="" GroupChannel="" DataType="0" Caption="" RelationChannelID="0"/>
      </fields>
      <templates>
        <template TemplateID="1621" ChannelID="16099" LinkTemplate="0" Charset="" RowsPerPage="0" SubFolderType="0" TemplateType="3" FileNameType="0" FileNameField="" Rows="0" WhereSql="" Lable="" TitleWord="0" Href="" PublishInterval="0" IncludeChildChannel="0" IsInherit="0" TargetName="down.html"/>
      </templates>
    </channel>
    <channel ListProgram="../app/app_404.jsp" DocumentProgram="" FolderName="/" Type="0" Id="16320" Name="404页面" ImageFolderName="" SerialNo="s53_a_h" SiteID="53" AutoSerialNo="s53_a_h_a" IsDisplay="1" IsWeight="0" IsComment="0" IsClick="0" IsShowDraftNumber="0" Href="" Extra1="" ListJS="" DocumentJS="" TemplateInherit="0" Company="0" Application="">
      <fields>
        <group id="8737" Name="内容编辑" Extra="" Url="" LinkChannel="0" Type="0"/>
        <field Name="Title" GroupID="8737" IsHide="0" DisableBlank="0" DisableEdit="0" Description="标题" FieldType="text" Options="" DefaultValue="" Other="" HtmlTemplate="" DictCode="" Size="0" Style="" RecommendChannel="" RecommendValue="" GroupChannel="" DataType="0" Caption="" RelationChannelID="0"/>
        <field Name="SubTitle" GroupID="8737" IsHide="1" DisableBlank="0" DisableEdit="0" Description="副标题" FieldType="text" Options="" DefaultValue="" Other="" HtmlTemplate="" DictCode="" Size="0" Style="" RecommendChannel="" RecommendValue="" GroupChannel="" DataType="0" Caption="" RelationChannelID="0"/>
        <field Name="PublishDate" GroupID="0" IsHide="0" DisableBlank="0" DisableEdit="0" Description="发布日期" FieldType="datetime" Options="" DefaultValue="" Other="" HtmlTemplate="" DictCode="" Size="0" Style="" RecommendChannel="" RecommendValue="" GroupChannel="" DataType="0" Caption="" RelationChannelID="0"/>
        <field Name="Weight" GroupID="0" IsHide="1" DisableBlank="0" DisableEdit="0" Description="权重" FieldType="text" Options="" DefaultValue="" Other="" HtmlTemplate="" DictCode="" Size="0" Style="" RecommendChannel="" RecommendValue="" GroupChannel="" DataType="0" Caption="" RelationChannelID="0"/>
        <field Name="DocFrom" GroupID="8737" IsHide="1" DisableBlank="0" DisableEdit="0" Description="文章来源" FieldType="text" Options="" DefaultValue="" Other="" HtmlTemplate="" DictCode="" Size="0" Style="" RecommendChannel="" RecommendValue="" GroupChannel="" DataType="0" Caption="" RelationChannelID="0"/>
        <field Name="IsPhotoNews" GroupID="8737" IsHide="1" DisableBlank="0" DisableEdit="0" Description="图片新闻" FieldType="checkbox" Options="" DefaultValue="" Other="" HtmlTemplate="" DictCode="" Size="0" Style="" RecommendChannel="" RecommendValue="" GroupChannel="" DataType="0" Caption="" RelationChannelID="0"/>
        <field Name="Summary" GroupID="8737" IsHide="1" DisableBlank="0" DisableEdit="0" Description="摘要" FieldType="textarea" Options="" DefaultValue="" Other="" HtmlTemplate="" DictCode="" Size="0" Style="" RecommendChannel="" RecommendValue="" GroupChannel="" DataType="0" Caption="" RelationChannelID="0"/>
        <field Name="Content" GroupID="8737" IsHide="1" DisableBlank="0" DisableEdit="0" Description="内容" FieldType="textarea" Options="" DefaultValue="" Other="" HtmlTemplate="" DictCode="" Size="0" Style="" RecommendChannel="" RecommendValue="" GroupChannel="" DataType="0" Caption="" RelationChannelID="0"/>
        <field Name="Photo" GroupID="0" IsHide="0" DisableBlank="0" DisableEdit="0" Description="图片" FieldType="image" Options="" DefaultValue="" Other="" HtmlTemplate="" DictCode="" Size="0" Style="" RecommendChannel="" RecommendValue="" GroupChannel="" DataType="0" Caption="" RelationChannelID="0"/>
        <field Name="Keyword" GroupID="0" IsHide="1" DisableBlank="0" DisableEdit="0" Description="关键词" FieldType="text" Options="" DefaultValue="" Other="" HtmlTemplate="" DictCode="" Size="0" Style="" RecommendChannel="" RecommendValue="" GroupChannel="" DataType="0" Caption="" RelationChannelID="0"/>
        <field Name="Tag" GroupID="0" IsHide="1" DisableBlank="0" DisableEdit="0" Description="标签" FieldType="text" Options="" DefaultValue="" Other="" HtmlTemplate="" DictCode="" Size="0" Style="" RecommendChannel="" RecommendValue="" GroupChannel="" DataType="0" Caption="" RelationChannelID="0"/>
        <field Name="SetPublishDate" GroupID="0" IsHide="1" DisableBlank="0" DisableEdit="0" Description="定时发布" FieldType="text" Options="" DefaultValue="" Other="" HtmlTemplate="" DictCode="" Size="0" Style="" RecommendChannel="" RecommendValue="" GroupChannel="" DataType="0" Caption="" RelationChannelID="0"/>
        <field Name="filename" GroupID="8737" IsHide="0" DisableBlank="0" DisableEdit="0" Description="文件名" FieldType="text" Options="" DefaultValue="" Other="" HtmlTemplate="" DictCode="" Size="0" Style="" RecommendChannel="" RecommendValue="" GroupChannel="" DataType="0" Caption="" RelationChannelID="0"/>
      </fields>
      <templates>
        <template TemplateID="1643" ChannelID="16320" LinkTemplate="0" Charset="" RowsPerPage="0" SubFolderType="0" TemplateType="2" FileNameType="0" FileNameField="" Rows="0" WhereSql="" Lable="" TitleWord="0" Href="" PublishInterval="0" IncludeChildChannel="0" IsInherit="0" TargetName="notfound.html"/>
      </templates>
    </channel>
    <channel ListProgram="../app/app_third_option.jsp" DocumentProgram="" FolderName="b" Type="0" Id="16321" Name="三方配置" ImageFolderName="" SerialNo="s53_f_b" SiteID="53" AutoSerialNo="s53_f_b_a" IsDisplay="1" IsWeight="0" IsComment="0" IsClick="0" IsShowDraftNumber="0" Href="" Extra1="" ListJS="" DocumentJS="" TemplateInherit="0" Company="0" Application="">
      <fields>
        <group id="8739" Name="内容编辑" Extra="" Url="" LinkChannel="0" Type="0"/>
        <group id="8740" Name="基本属性" Extra="" Url="" LinkChannel="0" Type="0"/>
        <field Name="Title" GroupID="8739" IsHide="0" DisableBlank="0" DisableEdit="0" Description="标题" FieldType="text" Options="" DefaultValue="" Other="" HtmlTemplate="" DictCode="" Size="0" Style="" RecommendChannel="" RecommendValue="" GroupChannel="" DataType="0" Caption="" RelationChannelID="0"/>
        <field Name="SubTitle" GroupID="8739" IsHide="1" DisableBlank="0" DisableEdit="0" Description="副标题" FieldType="text" Options="" DefaultValue="" Other="" HtmlTemplate="" DictCode="" Size="0" Style="" RecommendChannel="" RecommendValue="" GroupChannel="" DataType="0" Caption="" RelationChannelID="0"/>
        <field Name="PublishDate" GroupID="8740" IsHide="0" DisableBlank="0" DisableEdit="0" Description="发布日期" FieldType="datetime" Options="" DefaultValue="" Other="" HtmlTemplate="" DictCode="" Size="0" Style="" RecommendChannel="" RecommendValue="" GroupChannel="" DataType="0" Caption="" RelationChannelID="0"/>
        <field Name="Weight" GroupID="8740" IsHide="1" DisableBlank="0" DisableEdit="0" Description="权重" FieldType="text" Options="" DefaultValue="" Other="" HtmlTemplate="" DictCode="" Size="0" Style="" RecommendChannel="" RecommendValue="" GroupChannel="" DataType="0" Caption="" RelationChannelID="0"/>
        <field Name="DocFrom" GroupID="8740" IsHide="0" DisableBlank="0" DisableEdit="0" Description="文章来源" FieldType="text" Options="" DefaultValue="" Other="" HtmlTemplate="" DictCode="" Size="0" Style="" RecommendChannel="" RecommendValue="" GroupChannel="" DataType="0" Caption="" RelationChannelID="0"/>
        <field Name="IsPhotoNews" GroupID="8740" IsHide="0" DisableBlank="0" DisableEdit="0" Description="图片新闻" FieldType="checkbox" Options="" DefaultValue="" Other="" HtmlTemplate="" DictCode="" Size="0" Style="" RecommendChannel="" RecommendValue="" GroupChannel="" DataType="0" Caption="" RelationChannelID="0"/>
        <field Name="Summary" GroupID="8740" IsHide="0" DisableBlank="0" DisableEdit="0" Description="摘要" FieldType="textarea" Options="" DefaultValue="" Other="" HtmlTemplate="" DictCode="" Size="0" Style="" RecommendChannel="" RecommendValue="" GroupChannel="" DataType="0" Caption="" RelationChannelID="0"/>
        <field Name="Content" GroupID="8739" IsHide="0" DisableBlank="0" DisableEdit="0" Description="内容" FieldType="textarea" Options="" DefaultValue="" Other="" HtmlTemplate="" DictCode="" Size="0" Style="" RecommendChannel="" RecommendValue="" GroupChannel="" DataType="0" Caption="" RelationChannelID="0"/>
        <field Name="Photo" GroupID="8740" IsHide="0" DisableBlank="0" DisableEdit="0" Description="图片" FieldType="image" Options="" DefaultValue="" Other="" HtmlTemplate="" DictCode="" Size="0" Style="" RecommendChannel="" RecommendValue="" GroupChannel="" DataType="0" Caption="" RelationChannelID="0"/>
        <field Name="Keyword" GroupID="8740" IsHide="1" DisableBlank="0" DisableEdit="0" Description="关键词" FieldType="text" Options="" DefaultValue="" Other="" HtmlTemplate="" DictCode="" Size="0" Style="" RecommendChannel="" RecommendValue="" GroupChannel="" DataType="0" Caption="" RelationChannelID="0"/>
        <field Name="Tag" GroupID="8740" IsHide="1" DisableBlank="0" DisableEdit="0" Description="标签" FieldType="text" Options="" DefaultValue="" Other="" HtmlTemplate="" DictCode="" Size="0" Style="" RecommendChannel="" RecommendValue="" GroupChannel="" DataType="0" Caption="" RelationChannelID="0"/>
        <field Name="SetPublishDate" GroupID="8740" IsHide="1" DisableBlank="0" DisableEdit="0" Description="定时发布" FieldType="text" Options="" DefaultValue="" Other="" HtmlTemplate="" DictCode="" Size="0" Style="" RecommendChannel="" RecommendValue="" GroupChannel="" DataType="0" Caption="" RelationChannelID="0"/>
      </fields>
      <templates/>
    </channel>
    <channel ListProgram="../app/app_wenzheng_option.jsp" DocumentProgram="" FolderName="a" Type="0" Id="16386" Name="问政配置" ImageFolderName="" SerialNo="s53_app_config_a" SiteID="53" AutoSerialNo="s53_app_config_a_a" IsDisplay="1" IsWeight="0" IsComment="0" IsClick="0" IsShowDraftNumber="0" Href="" Extra1="" ListJS="" DocumentJS="" TemplateInherit="0" Company="0" Application="">
      <fields>
        <group id="8809" Name="内容编辑" Extra="" Url="" LinkChannel="0" Type="0"/>
        <group id="8810" Name="基本属性" Extra="" Url="" LinkChannel="0" Type="0"/>
        <field Name="Title" GroupID="8809" IsHide="0" DisableBlank="0" DisableEdit="0" Description="标题" FieldType="text" Options="" DefaultValue="" Other="" HtmlTemplate="" DictCode="" Size="0" Style="" RecommendChannel="" RecommendValue="" GroupChannel="" DataType="0" Caption="" RelationChannelID="0"/>
        <field Name="SubTitle" GroupID="8809" IsHide="1" DisableBlank="0" DisableEdit="0" Description="副标题" FieldType="text" Options="" DefaultValue="" Other="" HtmlTemplate="" DictCode="" Size="0" Style="" RecommendChannel="" RecommendValue="" GroupChannel="" DataType="0" Caption="" RelationChannelID="0"/>
        <field Name="PublishDate" GroupID="8810" IsHide="0" DisableBlank="0" DisableEdit="0" Description="发布日期" FieldType="datetime" Options="" DefaultValue="" Other="" HtmlTemplate="" DictCode="" Size="0" Style="" RecommendChannel="" RecommendValue="" GroupChannel="" DataType="0" Caption="" RelationChannelID="0"/>
        <field Name="Weight" GroupID="8810" IsHide="1" DisableBlank="0" DisableEdit="0" Description="权重" FieldType="text" Options="" DefaultValue="" Other="" HtmlTemplate="" DictCode="" Size="0" Style="" RecommendChannel="" RecommendValue="" GroupChannel="" DataType="0" Caption="" RelationChannelID="0"/>
        <field Name="DocFrom" GroupID="8810" IsHide="0" DisableBlank="0" DisableEdit="0" Description="文章来源" FieldType="text" Options="" DefaultValue="" Other="" HtmlTemplate="" DictCode="" Size="0" Style="" RecommendChannel="" RecommendValue="" GroupChannel="" DataType="0" Caption="" RelationChannelID="0"/>
        <field Name="IsPhotoNews" GroupID="8810" IsHide="0" DisableBlank="0" DisableEdit="0" Description="图片新闻" FieldType="checkbox" Options="" DefaultValue="" Other="" HtmlTemplate="" DictCode="" Size="0" Style="" RecommendChannel="" RecommendValue="" GroupChannel="" DataType="0" Caption="" RelationChannelID="0"/>
        <field Name="Summary" GroupID="8810" IsHide="0" DisableBlank="0" DisableEdit="0" Description="摘要" FieldType="textarea" Options="" DefaultValue="" Other="" HtmlTemplate="" DictCode="" Size="0" Style="" RecommendChannel="" RecommendValue="" GroupChannel="" DataType="0" Caption="" RelationChannelID="0"/>
        <field Name="Content" GroupID="8809" IsHide="0" DisableBlank="0" DisableEdit="0" Description="内容" FieldType="textarea" Options="" DefaultValue="" Other="" HtmlTemplate="" DictCode="" Size="0" Style="" RecommendChannel="" RecommendValue="" GroupChannel="" DataType="0" Caption="" RelationChannelID="0"/>
        <field Name="Photo" GroupID="8810" IsHide="0" DisableBlank="0" DisableEdit="0" Description="图片" FieldType="image" Options="" DefaultValue="" Other="" HtmlTemplate="" DictCode="" Size="0" Style="" RecommendChannel="" RecommendValue="" GroupChannel="" DataType="0" Caption="" RelationChannelID="0"/>
        <field Name="Keyword" GroupID="8810" IsHide="1" DisableBlank="0" DisableEdit="0" Description="关键词" FieldType="text" Options="" DefaultValue="" Other="" HtmlTemplate="" DictCode="" Size="0" Style="" RecommendChannel="" RecommendValue="" GroupChannel="" DataType="0" Caption="" RelationChannelID="0"/>
        <field Name="Tag" GroupID="8810" IsHide="1" DisableBlank="0" DisableEdit="0" Description="标签" FieldType="text" Options="" DefaultValue="" Other="" HtmlTemplate="" DictCode="" Size="0" Style="" RecommendChannel="" RecommendValue="" GroupChannel="" DataType="0" Caption="" RelationChannelID="0"/>
        <field Name="SetPublishDate" GroupID="8810" IsHide="1" DisableBlank="0" DisableEdit="0" Description="定时发布" FieldType="text" Options="" DefaultValue="" Other="" HtmlTemplate="" DictCode="" Size="0" Style="" RecommendChannel="" RecommendValue="" GroupChannel="" DataType="0" Caption="" RelationChannelID="0"/>
      </fields>
      <templates/>
    </channel>
  </channel>
  <template_files>
    <template_file id="1524" Name="App相关配置" FileName="appconfig.json" Description="" Title=""><![CDATA[#foreach( $item in $Controller.listTopItems(1)) 
 {"category":"$item.getValue("customcategory")","juxiancreate":"$item.getValue("juxiancreate")","siteflag":"$item.getValue("siteflag")","showtype":"$item.getValue("showtype")","showcomment":"$item.getValue("showcomment")","allowcomment":"$item.getValue("allowcomment")","photo":"$item.getValue("Photo")","showtime":"$item.getValue("showtime")","showread":"$item.getValue("showread")","showcommunity":"$item.getValue("showcommunity")","third_option":"$item.getValue("third_option")","function_switch":"$item.getValue("function_switch")","background":"$item.getValue("background")","background_color":"$item.getValue("background_color")","background_photo":"$item.getValue("background_photo")","mandatoryLogin":"$item.getValue("mandatoryLogin")","selectionDepartment":"$item.getValue("selectionDepartment")","tv_background_photo":"$item.getValue("tv_background_photo")","tongji":"$item.getValue("tongji")","bugly":"$item.getValue("bugly")","baidu_tongji":"$item.getValue("baidu_tongji")","sensitive_word":"$item.getValue("sensitive_word")","listType":"$item.getValue("listType")","Audit_avator":"$item.getValue("Audit_avator")","Audit_nickname":"$item.getValue("Audit_nickname")","wenzheng":"$item.getValue("wenzheng")","baoliao":"$item.getValue("baoliao")"}
#end
]]></template_file>
    <template_file id="1494" Name="启动图" FileName="start_pic.json" Description="" Title=""><![CDATA[#foreach( $item in $Controller.listTopItems(1))
{"channel_name":"$channel.getName()","type":"$item.getValue('type')","photo":"$item.getValue("Photo")","skip":"$item.getValue('skip')","url":"$item.getValue("href")","href":"$item.getValue("href")","countdown":"$item.getValue("countdown")","residencetime":"$item.getValue("residencetime")","gif":"$item.getValue("gif")","video":"$item.getValue("video")","preloadPhoto":"$item.getValue("preloadPhoto")"}
#end]]></template_file>
    <template_file id="1623" Name="app更新" FileName="app_update.json" Description="" Title=""><![CDATA[#foreach( $item in $Controller.listTopItems(1))
{ "forceupdate":"$item.getValue("forceupdate")","summary":"$util.JSONQuote($item.getValue("Summary"))","androidversion":"$item.getValue("version")","linkurl":"$item.getValue("linkurl")","iosversion":"$item.getValue("iosversion")"}
#end]]></template_file>
    <template_file id="1621" Name="分享页下载信息" FileName="down.html" Description="" Title=""><![CDATA[#foreach( $item in $Controller.listTopItems(1))
<div class="download_app">
    <div class="download_box">
    	<div class="soft-icon">
    		<div class="icon_box">
    			<img src="$item.getValue("Photo")" />
    		</div>
    	    <span>$item.getTitle()</span>
    	</div>
    	<a class="soft_download" id="soft_download" href="javascript:toDownload();">下载</a>
    </div>
</div>
<script>
    //toDownload();
    function toDownload(){ 
        var u = navigator.userAgent;
        var ua = u.toLowerCase();   
        if (/iphone|ipad|ipod/.test(ua)) {  // iOS 系统 ->  跳AppStore下载地址
           window.open('$item.getValue("IosDownload")',"_blank");
        } else if ( /android/.test(ua)) { // 安卓系统 -> 跳安卓端下载地址
            window.open('$item.getValue("AndroidDownload")',"_blank");
        } else if (IsPC()){ // PC端

        }
    }
    function IsPC() {
        var userAgentInfo = navigator.userAgent;
        var Agents = ["Android", "iPhone",
            "SymbianOS", "Windows Phone",
            "iPad", "iPod"];
        var flag = true;
        for (var v = 0; v < Agents.length; v++) {
            if (userAgentInfo.indexOf(Agents[v]) > 0) {
                flag = false;
                break;
            }
        }
        return flag;
    }
</script>
#end]]></template_file>
    <template_file id="1643" Name="404页面" FileName="notfound.html" Description="" Title=""><![CDATA[<!DOCTYPE html>
<html>
	<head>
		<meta charset="UTF-8">
		<meta name="viewport" content="width=device-width,initial-scale=1,minimum-scale=1,maximum-scale=1,user-scalable=no" />
		<title>404页面</title>
		<style>
        body,h1,h2,h3,h4,h5,h6,p,form,ul,ol,li,input,select,label,dl,dt,dd{margin:0;padding:0;font-family:"微软雅黑";font-size:12px;color:#333333;-webkit-text-size-adjust:none;}
        img{border:0;}
        .nogold-box .img-box{
			width:100%;
			margin:0 auto;
			padding-top:50%;
		}
		.nogold-box .img-box img{
			width:100%;
		}
		
		</style>
	</head>
	<body>

		<div class="gold-wrap">
			
		    <div class="nogold-box">
		    	<div class="img-box">
		    		<img src="$item.getValue("Photo")" />
		    	</div>
		    </div>
		    
		</div>
	</body>
</html>]]></template_file>
  </template_files>
</root>
