<?xml version="1.0" encoding="utf-8"?>

<!--文章信息，创建时间：2019-12-11 18:4-->
<root>
  <ChannelID>16374</ChannelID>
  <Status>0</Status>
  <TotalPage>1</TotalPage>
  <Title>未命名</Title>
  <SubTitle></SubTitle>
  <PublishDate>2020-12-09 09:29:00</PublishDate>
  <Weight>0</Weight>
  <DocFrom></DocFrom>
  <IsPhotoNews></IsPhotoNews>
  <Summary></Summary>
  <Content></Content>
  <Photo></Photo>
  <Keyword></Keyword>
  <Tag></Tag>
  <SetPublishDate></SetPublishDate>
  <onlinetime></onlinetime>
  <Revoketime></Revoketime>
  <position>0</position>
  <listposition></listposition>
  <item_type>0</item_type>
  <Photo1></Photo1>
  <Photo2></Photo2>
  <href></href>
  <sourcechannel_name></sourcechannel_name>
  <dropchannel_id></dropchannel_id>
  <dropchannel_name></dropchannel_name>
  <list_num></list_num>
  <list_type></list_type>
  <IsAddMoreButton></IsAddMoreButton>
  <ShowType></ShowType>
  <OrderType>0</OrderType>
</root>
