<?xml version="1.0" encoding="utf-8"?>

<!--文章信息，创建时间：2019-2-27 16:22-->
<root>
  <ChannelID>15900</ChannelID>
  <Status>1</Status>
  <item_type>1</item_type>
  <doc_type>0</doc_type>
  <content_type></content_type>
  <showbuttontitle>0</showbuttontitle>
  <Title>共青团十八大在京开幕</Title>
  <PublishDate>1530088968</PublishDate>
  <DocFrom></DocFrom>
  <Summary></Summary>
  <Content>&lt;p&gt;&lt;img src="https://res.youth.cn/article_201806_27_27e_5b32bc23e37e5.jpg"/&gt;&lt;/p&gt;&lt;p&gt;　　6月26日，中国共产主义青年团第十八次全国代表大会在北京人民大会堂开幕。新华社记者 燕雁 摄&lt;/p&gt;&lt;p&gt;&lt;br/&gt;&lt;/p&gt;&lt;p&gt;&lt;img src="https://res.youth.cn/article_201806_27_27e_5b32bc243c14d.jpg"/&gt;&lt;/p&gt;&lt;p&gt;　　6月26日，中国共产主义青年团第十八次全国代表大会在北京人民大会堂开幕。新华社记者 燕雁 摄&lt;/p&gt;&lt;p&gt;&lt;br/&gt;&lt;/p&gt;&lt;p&gt;&lt;img src="https://res.youth.cn/article_201806_27_27m_5b32bc247b1de.jpg"/&gt;&lt;/p&gt;&lt;p&gt;　　6月26日，中国共产主义青年团第十八次全国代表大会在北京人民大会堂开幕。这是与会代表在齐唱国歌。新华社记者 燕雁 摄&lt;/p&gt;&lt;p&gt;&lt;br/&gt;&lt;/p&gt;&lt;p&gt;&lt;img src="https://res.youth.cn/article_201806_27_271_5b32bc24ef5dd.jpg"/&gt;&lt;/p&gt;&lt;p&gt;　　6月26日，中国共产主义青年团第十八次全国代表大会在北京人民大会堂开幕。新华社记者 燕雁 摄&lt;/p&gt;&lt;p&gt;&lt;br/&gt;&lt;/p&gt;&lt;p&gt;&lt;img src="https://res.youth.cn/article_201806_27_273_5b32bc253dcf4.jpg"/&gt;&lt;/p&gt;&lt;p&gt;　　6月26日，中国共产主义青年团第十八次全国代表大会在北京人民大会堂开幕。新华社记者 燕雁 摄&lt;/p&gt;&lt;p&gt;&lt;br/&gt;&lt;/p&gt;</Content>
  <Keyword>八大,共青团,十八,在京开幕,中国共产主义青年团</Keyword>
  <Photo4></Photo4>
  <Photo>/images/2018/6/27/20186271530089123692_49_t1080.jpg</Photo>
  <Photo2>/images/2018/6/27/20186271530089108004_49_t1080.jpg</Photo2>
  <Photo3>/images/2018/6/27/20186271530089136384_49_t1080.jpg</Photo3>
  <videoid>0</videoid>
  <videosource></videosource>
  <videourl></videourl>
  <isAudio>0</isAudio>
  <anuor></anuor>
  <mediatype>0</mediatype>
  <td_liveid></td_liveid>
  <epgchannelid>0</epgchannelid>
  <jumptype>0</jumptype>
  <href_app></href_app>
  <frame>0</frame>
  <secondcategory>0</secondcategory>
  <juxian_liveid>0</juxian_liveid>
  <juxian_companyid>0</juxian_companyid>
  <juxian_type>0</juxian_type>
  <juxian_user></juxian_user>
  <state>0</state>
  <start>0</start>
  <end>0</end>
  <live_shareurl></live_shareurl>
  <juxian_sourceid>0</juxian_sourceid>
  <payaction>0</payaction>
  <pdf></pdf>
  <Parent>0</Parent>
  <pv_virtual>0</pv_virtual>
  <pv>22</pv>
  <SubTitle></SubTitle>
  <Weight>0</Weight>
  <Tag></Tag>
  <SetPublishDate></SetPublishDate>
  <Status2>0</Status2>
  <IsPhotoNews>0</IsPhotoNews>
  <process>0</process>
  <duration></duration>
  <baoliao_userid>0</baoliao_userid>
  <baoliao_ispublic>0</baoliao_ispublic>
  <baoliaostatus>0</baoliaostatus>
</root>
