<?xml version="1.0" encoding="utf-8"?>

<!--文章信息，创建时间：2019-2-27 15:53-->
<root>
  <ChannelID>14271</ChannelID>
  <Status>1</Status>
  <Title>我在这里，你呢</Title>
  <SubTitle></SubTitle>
  <PublishDate>1530158854</PublishDate>
  <Weight>0</Weight>
  <DocFrom></DocFrom>
  <IsPhotoNews></IsPhotoNews>
  <Summary></Summary>
  <Content></Content>
  <Photo>http://123.56.71.230:65530/img/153015885312_b.jpg</Photo>
  <Keyword></Keyword>
  <Tag></Tag>
  <SetPublishDate></SetPublishDate>
  <txtContent>我在这里，你呢</txtContent>
  <userid>64</userid>
  <doc_type>0</doc_type>
  <videourl></videourl>
  <siteflag>53</siteflag>
  <themename>1019206</themename>
  <model>1018766</model>
  <zancount>1</zancount>
  <localtion>中国北京市朝阳区建国路</localtion>
  <jd>116.521512</jd>
  <wd>39.913444</wd>
</root>
