<?xml version="1.0" encoding="utf-8"?>

<!--文章信息，创建时间：2019-2-27 15:53-->
<root>
  <ChannelID>14271</ChannelID>
  <Status>1</Status>
  <Title>聚视</Title>
  <SubTitle></SubTitle>
  <PublishDate>1530704512</PublishDate>
  <Weight>0</Weight>
  <DocFrom></DocFrom>
  <IsPhotoNews></IsPhotoNews>
  <Summary></Summary>
  <Content></Content>
  <Photo>http://123.56.71.230:65530/img/153070451066_y.jpg</Photo>
  <Keyword></Keyword>
  <Tag></Tag>
  <SetPublishDate></SetPublishDate>
  <txtContent>灌水</txtContent>
  <userid>73</userid>
  <doc_type>0</doc_type>
  <videourl></videourl>
  <siteflag>53</siteflag>
  <themename></themename>
  <model>1018766</model>
  <zancount>1</zancount>
  <localtion></localtion>
  <jd>0</jd>
  <wd>0</wd>
</root>
