<?xml version="1.0" encoding="utf-8"?>

<!--文章信息，创建时间：2019-2-27 15:53-->
<root>
  <ChannelID>14271</ChannelID>
  <Status>1</Status>
  <Title>活动即将开始</Title>
  <SubTitle></SubTitle>
  <PublishDate>1541128026</PublishDate>
  <Weight>0</Weight>
  <DocFrom></DocFrom>
  <IsPhotoNews></IsPhotoNews>
  <Summary></Summary>
  <Content></Content>
  <Photo>http://39.107.232.220:3680/img/154112802674_b.jpg</Photo>
  <Keyword></Keyword>
  <Tag></Tag>
  <SetPublishDate></SetPublishDate>
  <txtContent>活动即将开始</txtContent>
  <userid>64</userid>
  <doc_type>0</doc_type>
  <videourl></videourl>
  <siteflag>53</siteflag>
  <themename>1019688</themename>
  <model>1018766</model>
  <zancount>2</zancount>
  <localtion>中国北京市朝阳区惠河南街</localtion>
  <jd>116.516899</jd>
  <wd>39.910356</wd>
</root>
