<?xml version="1.0" encoding="utf-8"?>

<!--文章信息，创建时间：2019-2-27 15:53-->
<root>
  <ChannelID>14271</ChannelID>
  <Status>1</Status>
  <Title>123</Title>
  <SubTitle></SubTitle>
  <PublishDate>1541128057</PublishDate>
  <Weight>0</Weight>
  <DocFrom></DocFrom>
  <IsPhotoNews></IsPhotoNews>
  <Summary></Summary>
  <Content></Content>
  <Photo>http://39.107.232.220:3680/img/154112805714_b.jpg</Photo>
  <Keyword></Keyword>
  <Tag></Tag>
  <SetPublishDate></SetPublishDate>
  <txtContent>123</txtContent>
  <userid>64</userid>
  <doc_type>0</doc_type>
  <videourl></videourl>
  <siteflag>53</siteflag>
  <themename></themename>
  <model>1018785</model>
  <zancount>1</zancount>
  <localtion>中国北京市朝阳区惠河南街</localtion>
  <jd>116.516899</jd>
  <wd>39.910356</wd>
</root>
