<?xml version="1.0" encoding="utf-8"?>

<!--文章信息，创建时间：2019-12-11 18:4-->
<root>
  <ChannelID>15978</ChannelID>
  <Status>1</Status>
  <TotalPage>1</TotalPage>
  <Title>环保局</Title>
  <SubTitle></SubTitle>
  <PublishDate>2017-06-19 20:18:00</PublishDate>
  <Weight>0</Weight>
  <DocFrom></DocFrom>
  <IsPhotoNews>0</IsPhotoNews>
  <Summary></Summary>
  <Content></Content>
  <Photo>/images/2018/7/3/2018731530601956658_6.png</Photo>
  <Keyword></Keyword>
  <Tag></Tag>
  <SetPublishDate></SetPublishDate>
  <phone>18800000006</phone>
  <token>jx7fb6394ee0203a6c</token>
  <parent>1621</parent>
  <address></address>
  <listurl>http://123.56.71.230:65530/a/e/g/list_1_0.shtml</listurl>
  <company_id>1615</company_id>
  <virtualconcern>0</virtualconcern>
  <model_control>1,3,4,5,6,7</model_control>
  <userid>84</userid>
  <topic_category>1019729</topic_category>
  <juxian_userid>0</juxian_userid>
  <card_url></card_url>
  <popularity>0</popularity>
</root>
