<?xml version="1.0" encoding="utf-8"?>

<!--文章信息，创建时间：2019-12-11 18:4-->
<root>
  <ChannelID>15978</ChannelID>
  <Status>1</Status>
  <TotalPage>1</TotalPage>
  <Title>中国农业银行</Title>
  <SubTitle></SubTitle>
  <PublishDate>2017-06-19 22:51:00</PublishDate>
  <Weight>0</Weight>
  <DocFrom></DocFrom>
  <IsPhotoNews>0</IsPhotoNews>
  <Summary></Summary>
  <Content></Content>
  <Photo>/images/2018/6/29/20186291530267430634_1.jpg</Photo>
  <Keyword></Keyword>
  <Tag></Tag>
  <SetPublishDate></SetPublishDate>
  <phone>18800000008</phone>
  <token>jx8b088ca18a3a3edf</token>
  <parent>1621</parent>
  <address></address>
  <listurl>http://123.56.71.230:65530/a/e/i/list_1_0.shtml</listurl>
  <company_id>1617</company_id>
  <virtualconcern></virtualconcern>
  <model_control>1,5,6,7</model_control>
  <userid></userid>
  <topic_category>0</topic_category>
  <juxian_userid>0</juxian_userid>
  <card_url></card_url>
  <popularity>0</popularity>
</root>
