<?xml version="1.0" encoding="utf-8"?>

<!--文章信息，创建时间：2019-2-27 15:44-->
<root>
  <ChannelID>16054</ChannelID>
  <Status>1</Status>
  <Title>泰德网聚（北京）科技股份有限公司</Title>
  <SubTitle></SubTitle>
  <PublishDate>1536907872</PublishDate>
  <Weight>0</Weight>
  <DocFrom></DocFrom>
  <IsPhotoNews>0</IsPhotoNews>
  <Summary></Summary>
  <Content>&lt;p&gt;我们专注于专业化的数字媒体内容管理与应用，帮助您构建全新的基于互联网的数字媒体管理及应用平台，让您的内容资产发挥价值，绽放活力。基于我们的产品及服务，我们为各行业提供了相应的解决方案。&lt;/p&gt;&lt;p&gt;tidemedia专注于数字媒体内容的管理与应用，从图片到音视频再到多维媒体，我们基于互联网的技术构架为用户提供解决方案及服务。我们坚信数字媒体内容将会创造更多价值，而我们参与其中。创意与技术的完美结合是我们追求的目标。&lt;/p&gt;&lt;p&gt;我们专注于专业化的数字媒体内容管理与应用，帮助您构建全新的基于互联网的数字媒体管理及应用平台，让您的内容资产发挥价值，绽放活力。基于我们的产品及服务，我们为各行业提供了相应的解决方案。&lt;/p&gt;&lt;p&gt;tidemedia专注于数字媒体内容的管理与应用，从图片到音视频再到多维媒体，我们基于互联网的技术构架为用户提供解决方案及服务。我们坚信数字媒体内容将会创造更多价值，而我们参与其中。创意与技术的完美结合是我们追求的目标。&lt;/p&gt;&lt;p&gt;我们专注于专业化的数字媒体内容管理与应用，帮助您构建全新的基于互联网的数字媒体管理及应用平台，让您的内容资产发挥价值，绽放活力。基于我们的产品及服务，我们为各行业提供了相应的解决方案。&lt;/p&gt;&lt;p&gt;tidemedia专注于数字媒体内容的管理与应用，从图片到音视频再到多维媒体，我们基于互联网的技术构架为用户提供解决方案及服务。我们坚信数字媒体内容将会创造更多价值，而我们参与其中。创意与技术的完美结合是我们追求的目标。&lt;/p&gt;&lt;p&gt;我们专注于专业化的数字媒体内容管理与应用，帮助您构建全新的基于互联网的数字媒体管理及应用平台，让您的内容资产发挥价值，绽放活力。基于我们的产品及服务，我们为各行业提供了相应的解决方案。&lt;/p&gt;&lt;p&gt;tidemedia专注于数字媒体内容的管理与应用，从图片到音视频再到多维媒体，我们基于互联网的技术构架为用户提供解决方案及服务。我们坚信数字媒体内容将会创造更多价值，而我们参与其中。创意与技术的完美结合是我们追求的目标。&lt;/p&gt;&lt;p&gt;www.tidemedia.com&lt;/p&gt;&lt;p&gt;&lt;br/&gt;&lt;/p&gt;</Content>
  <Photo></Photo>
  <Keyword></Keyword>
  <Tag></Tag>
  <SetPublishDate></SetPublishDate>
  <filename>about</filename>
</root>
