<?xml version="1.0" encoding="utf-8"?>

<!--文章信息，创建时间：2019-2-27 16:27-->
<root>
  <ChannelID>15998</ChannelID>
  <Status>1</Status>
  <item_type>0</item_type>
  <doc_type>0</doc_type>
  <content_type></content_type>
  <showbuttontitle>0</showbuttontitle>
  <Title>国家电子商务示范基地的北京CED持续发力优化营商环境</Title>
  <PublishDate>1530511282</PublishDate>
  <DocFrom></DocFrom>
  <Summary></Summary>
  <Content>&lt;p&gt;　　据获悉，作为国家电子商务示范基地的北京CED，在产业引领示范、助力大兴区优化营商环境方面，扎实推出系列举措。&lt;/p&gt;&lt;p&gt;　　北京电子商务中心区建设办公室主任刘学勇介绍，为鼓励大众创业、万众创新，北京CED打造互联网电商众创空间，为互联网创业新势力提供优质的生存空间。积极发展电子商务要素市场，建设电子商务项目的孵化服务体系，构建创业实体化基地，积极引进和培育各类创业服务机构，为创业企业提供良好的运营基础环境以及企业运作、市场拓展等多方面的专业服务，切实解决电子商务创新创业企业在发展过程中遇到的技术、人才、资金、运营等方面的问题，发挥龙头企业、产业联盟的创新主导作用，构建“研究院+产业联盟+专利池+技术授权交易平台+基金+专业园区”六位一体的科技创新发展链条。促进电子商务企业的创新发展。营造浓厚的创业氛围，提升区域创新创业活力。&lt;/p&gt;&lt;p&gt;　　此外，在加快互联网产业集群发展方面持续发力，助力营商环境优化。推进电子商务示范楼宇、互联网产业园区建设工作，聚集互联网企业，定向扶持培育特色电商企业，带动互联网产业集群发展。助力楼宇与园区特色化发展、规范化发展、规模化集聚，提升经济效益和社会效益。同时加快京南物流基地转型升级，将其建设成为“高端智慧型”电子商务物流园。积极发展电子商务服务，建设众多的创业孵化链和加速器，具备支撑电子商务高端化、国际化发展的全产业链服务体系，覆盖从平台、物流、配套服务到产业空间等各个环节，为产业集群化发展提供便利有效的市场环境。鼓励电子商务企业的技术创新、模式创新和业务创新，通过政策倾斜、基金支持、市场主导的模式，支持先行先试，加快孵化新兴电子商务企业，培育壮大电子商务经济。使电子商务上下游产业链紧密结合，实现人才、资源整合。&lt;/p&gt;&lt;p&gt;　　值得一提的是，北京CED积极依托新机场建设优势，重点发展跨境电商。依托新机场和临空经济区的建设，跨境电子商务成为大兴区发展的新目标和新亮点。对接国际化高端产业的“新航城跨境电子商务项目”是北京CED跨境电子商务建设工程的支柱和立足点。鼓励大兴区“高精尖”产业借力区内营商环境新条件、新机遇、新政策，实现跨境电子商务国际化发展，培养外贸经济增长新动力，积极争取将大兴区打造成为国家跨境电子商务综合试验区，成为国家发展的一个新动力源。&lt;/p&gt;&lt;p&gt;　　大兴区，不仅是北京的“南大门”，也是中国的“新国门”。新机场与新航城的建设建成，将在最大程度上拓宽资源的容纳口径、拓展信息的分发渠道和扩大产业的覆盖半径。“近水楼台先得月”，坐拥新机场的北京CED，能够在第一时间汇集巨量的信息流和资金流，拥抱充满潜能的国际和国内市场。一个更为开放的时代，将成为北京CED腾飞的新起点。&lt;/p&gt;&lt;p&gt;　　为进一步优化电商产业发展营商环境，大兴区设立了“互联网+”基金，“互联网+”产业促进办法也即将出台，大兴将通过空间、资本、人才、信息、政策、政务等诸多服务措施促进辖区互联网产业跨越式发展。&lt;/p&gt;&lt;p&gt;&lt;br/&gt;&lt;/p&gt;</Content>
  <Keyword></Keyword>
  <Photo4></Photo4>
  <Photo>/images/2018/7/2/2018721530511137775_49_t1080.png</Photo>
  <Photo2></Photo2>
  <Photo3></Photo3>
  <videoid>0</videoid>
  <videosource></videosource>
  <videourl></videourl>
  <isAudio>0</isAudio>
  <anuor></anuor>
  <mediatype>0</mediatype>
  <td_liveid></td_liveid>
  <epgchannelid>0</epgchannelid>
  <jumptype>0</jumptype>
  <href_app></href_app>
  <frame>0</frame>
  <secondcategory>0</secondcategory>
  <juxian_liveid>0</juxian_liveid>
  <juxian_companyid>0</juxian_companyid>
  <juxian_type>0</juxian_type>
  <juxian_user></juxian_user>
  <state>0</state>
  <start>0</start>
  <end>0</end>
  <live_shareurl></live_shareurl>
  <juxian_sourceid>0</juxian_sourceid>
  <payaction>0</payaction>
  <pdf></pdf>
  <Parent>0</Parent>
  <pv_virtual>0</pv_virtual>
  <pv>3</pv>
  <SubTitle></SubTitle>
  <Weight>0</Weight>
  <Tag></Tag>
  <SetPublishDate></SetPublishDate>
  <Status2>0</Status2>
  <IsPhotoNews>0</IsPhotoNews>
  <process>0</process>
  <duration></duration>
  <baoliao_userid>0</baoliao_userid>
  <baoliao_ispublic>0</baoliao_ispublic>
  <baoliaostatus>0</baoliaostatus>
</root>
