<?xml version="1.0" encoding="utf-8"?>

<!--文章信息，创建时间：2019-12-11 18:5-->
<root>
  <ChannelID>14263</ChannelID>
  <Status>1</Status>
  <TotalPage>1</TotalPage>
  <Title>Last Man Standing</Title>
  <PublishDate>2017-08-08 18:58:00</PublishDate>
  <SubTitle></SubTitle>
  <Weight></Weight>
  <DocFrom></DocFrom>
  <IsPhotoNews></IsPhotoNews>
  <Summary></Summary>
  <Content></Content>
  <Photo></Photo>
  <Keyword></Keyword>
  <Tag></Tag>
  <SetPublishDate></SetPublishDate>
  <password>b7b251166d36c32d34676c80dbc64a0a</password>
  <phone>17600792821</phone>
  <avatar>http://39.107.232.220:3680/img/154112767113_y.jpg</avatar>
  <sessionTime>1541576060</sessionTime>
  <session>yud8hb7ja6t4pl152mkxcws03</session>
  <IP></IP>
  <serial></serial>
  <sex>1</sex>
  <QQ>DD962FC2B14B1BA03B0A244F7F5EC545</QQ>
  <wechat></wechat>
  <weibo></weibo>
  <siteflag>53</siteflag>
  <Truename></Truename>
  <score>342</score>
  <designation>v 3</designation>
  <level>3</level>
  <gold>0</gold>
  <Status2>0</Status2>
  <Banned>0</Banned>
  <sealDate></sealDate>
</root>
