<?xml version="1.0" encoding="utf-8"?>

<!--文章信息，创建时间：2019-12-11 18:5-->
<root>
  <ChannelID>14263</ChannelID>
  <Status>1</Status>
  <TotalPage>1</TotalPage>
  <Title>156*****522</Title>
  <PublishDate>2017-06-15 20:38:00</PublishDate>
  <SubTitle></SubTitle>
  <Weight></Weight>
  <DocFrom></DocFrom>
  <IsPhotoNews></IsPhotoNews>
  <Summary></Summary>
  <Content></Content>
  <Photo></Photo>
  <Keyword></Keyword>
  <Tag></Tag>
  <SetPublishDate></SetPublishDate>
  <password>68d8210d7c3e5949e0d192aff93afe56</password>
  <phone>15640775522</phone>
  <avatar>http://123.56.71.230:65530/img/153015865234_b.jpg</avatar>
  <sessionTime>1530781082</sessionTime>
  <session>j318ck4bhnr0ea5qtyo27i6gw</session>
  <IP>43.224.45.68</IP>
  <serial>asfdsfsw2wqwtegdfg</serial>
  <sex>0</sex>
  <QQ></QQ>
  <wechat></wechat>
  <weibo></weibo>
  <siteflag>53</siteflag>
  <Truename></Truename>
  <score>43</score>
  <designation>幼儿园</designation>
  <level>1</level>
  <gold>0</gold>
  <Status2>0</Status2>
  <Banned>0</Banned>
  <sealDate></sealDate>
</root>
