<?xml version="1.0" encoding="utf-8"?>

<!--文章信息，创建时间：2019-12-11 18:5-->
<root>
  <ChannelID>14263</ChannelID>
  <Status>1</Status>
  <TotalPage>1</TotalPage>
  <Title>136*****022</Title>
  <PublishDate>2017-06-24 12:14:00</PublishDate>
  <SubTitle></SubTitle>
  <Weight></Weight>
  <DocFrom></DocFrom>
  <IsPhotoNews></IsPhotoNews>
  <Summary></Summary>
  <Content></Content>
  <Photo></Photo>
  <Keyword></Keyword>
  <Tag></Tag>
  <SetPublishDate></SetPublishDate>
  <password>62aa4dcfa7100ef909185289f6600308</password>
  <phone>13623997022</phone>
  <avatar></avatar>
  <sessionTime>1530843895</sessionTime>
  <session>s5jqb2az6p7rfen0t1vu84d3c</session>
  <IP>113.57.117.26</IP>
  <serial>asfdsfsw2wqwtegdfg</serial>
  <sex>0</sex>
  <QQ></QQ>
  <wechat></wechat>
  <weibo></weibo>
  <siteflag>53</siteflag>
  <Truename></Truename>
  <score>20</score>
  <designation>幼儿园</designation>
  <level>1</level>
  <gold>0</gold>
  <Status2>0</Status2>
  <Banned>0</Banned>
  <sealDate></sealDate>
</root>
