<?xml version="1.0" encoding="utf-8"?>

<!--文章信息，创建时间：2019-12-11 18:5-->
<root>
  <ChannelID>14263</ChannelID>
  <Status>1</Status>
  <TotalPage>1</TotalPage>
  <Title>159*****391</Title>
  <PublishDate>2017-07-22 14:24:00</PublishDate>
  <SubTitle></SubTitle>
  <Weight></Weight>
  <DocFrom></DocFrom>
  <IsPhotoNews></IsPhotoNews>
  <Summary></Summary>
  <Content></Content>
  <Photo></Photo>
  <Keyword></Keyword>
  <Tag></Tag>
  <SetPublishDate></SetPublishDate>
  <password>80ed97c61b8f7ee2c0d12cf1f868606e</password>
  <phone>15910965391</phone>
  <avatar></avatar>
  <sessionTime>1531099870</sessionTime>
  <session>badm17q036ow5yrpzuftxenij</session>
  <IP>43.224.45.68</IP>
  <serial>asfdsfsw2wqwtegdfg</serial>
  <sex>0</sex>
  <QQ></QQ>
  <wechat>oJMiO0l3Vz3gd-CJSqvXfQRrk1P4</wechat>
  <weibo></weibo>
  <siteflag>53</siteflag>
  <Truename></Truename>
  <score>11</score>
  <designation>幼儿园</designation>
  <level>1</level>
  <gold>0</gold>
  <Status2>0</Status2>
  <Banned>0</Banned>
  <sealDate></sealDate>
</root>
