<?xml version="1.0" encoding="utf-8"?>

<!--文章信息，创建时间：2019-12-11 18:5-->
<root>
  <ChannelID>14263</ChannelID>
  <Status>1</Status>
  <TotalPage>1</TotalPage>
  <Title>MercurialZ</Title>
  <PublishDate>2017-08-10 19:23:00</PublishDate>
  <SubTitle></SubTitle>
  <Weight></Weight>
  <DocFrom></DocFrom>
  <IsPhotoNews></IsPhotoNews>
  <Summary></Summary>
  <Content></Content>
  <Photo></Photo>
  <Keyword></Keyword>
  <Tag></Tag>
  <SetPublishDate></SetPublishDate>
  <password>6f2d8d660eddd8c3d57b5645876e23f3</password>
  <phone>15031590419</phone>
  <avatar>https://thirdwx.qlogo.cn/mmopen/vi_32/DYAIOgq83eoYvEgZ3RL31YlBE0c85KVgAEZ4e91qkYINOIn91s5m6YND7pBQqZCsibPNBZBibJFq3jKkrd2ZQQibA/132</avatar>
  <sessionTime>1530876536</sessionTime>
  <session>4jl67kcsehzd8uxtr3v9qwaf2</session>
  <IP></IP>
  <serial></serial>
  <sex>0</sex>
  <QQ></QQ>
  <wechat>oJMiO0uPkoYLiKdZRWSKpJoSHNqc</wechat>
  <weibo></weibo>
  <siteflag>53</siteflag>
  <Truename></Truename>
  <score>42</score>
  <designation>幼儿园</designation>
  <level>1</level>
  <gold>0</gold>
  <Status2>0</Status2>
  <Banned>0</Banned>
  <sealDate></sealDate>
</root>
