<?xml version="1.0" encoding="utf-8"?>

<!--文章信息，创建时间：2019-12-11 18:5-->
<root>
  <ChannelID>14263</ChannelID>
  <Status>1</Status>
  <TotalPage>1</TotalPage>
  <Title>特立独行的猫_674865</Title>
  <PublishDate>2018-03-02 22:16:00</PublishDate>
  <SubTitle></SubTitle>
  <Weight></Weight>
  <DocFrom></DocFrom>
  <IsPhotoNews></IsPhotoNews>
  <Summary></Summary>
  <Content></Content>
  <Photo></Photo>
  <Keyword></Keyword>
  <Tag></Tag>
  <SetPublishDate></SetPublishDate>
  <password></password>
  <phone></phone>
  <avatar>http://thirdwx.qlogo.cn/mmopen/vi_32/3Zia7bxwNaS79puBkTBzDtSkt6qpRqicibFdqFXoWepSl3uQdlgEZL4ibeViciclv4n380ImAP0mDibr8SadMKicUcwVIg/132</avatar>
  <sessionTime>1541574565</sessionTime>
  <session>pskurtlyhoej28dncfa5q9gm0</session>
  <IP>43.224.45.68</IP>
  <serial></serial>
  <sex>0</sex>
  <QQ></QQ>
  <wechat>oJMiO0tWcPj7I2dEIl86qhPIH40o</wechat>
  <weibo></weibo>
  <siteflag>53</siteflag>
  <Truename></Truename>
  <score></score>
  <designation></designation>
  <level>0</level>
  <gold>0</gold>
  <Status2>0</Status2>
  <Banned>0</Banned>
  <sealDate></sealDate>
</root>
