<?xml version="1.0" encoding="utf-8"?>

<!--文章信息，创建时间：2019-12-11 18:5-->
<root>
  <ChannelID>14263</ChannelID>
  <Status>1</Status>
  <TotalPage>1</TotalPage>
  <Title>无奇不有_518695</Title>
  <PublishDate>2018-03-03 03:55:00</PublishDate>
  <SubTitle></SubTitle>
  <Weight></Weight>
  <DocFrom></DocFrom>
  <IsPhotoNews></IsPhotoNews>
  <Summary></Summary>
  <Content></Content>
  <Photo></Photo>
  <Keyword></Keyword>
  <Tag></Tag>
  <SetPublishDate></SetPublishDate>
  <password></password>
  <phone></phone>
  <avatar>http://thirdwx.qlogo.cn/mmopen/vi_32/SqicuuCeUAudb0AI0JOTNS3XNFZBia1tibKSd0D5kUjWHmcAviaH2ESfiaVGCe1AxtUEpWAdCZGMib3FvG5mrzZibW9wA/132</avatar>
  <sessionTime>1536908796</sessionTime>
  <session>aogntx8m7341whyzbef9il6v2</session>
  <IP>43.224.45.68</IP>
  <serial></serial>
  <sex>0</sex>
  <QQ></QQ>
  <wechat>oJMiO0nsee0qRpg0u7UfAcC0nHrU</wechat>
  <weibo></weibo>
  <siteflag>53</siteflag>
  <Truename></Truename>
  <score></score>
  <designation></designation>
  <level>0</level>
  <gold>0</gold>
  <Status2>0</Status2>
  <Banned>0</Banned>
  <sealDate></sealDate>
</root>
