<?xml version="1.0" encoding="utf-8"?>

<!--文章信息，创建时间：2019-12-11 18:5-->
<root>
  <ChannelID>14263</ChannelID>
  <Status>1</Status>
  <TotalPage>1</TotalPage>
  <Title>lxy_481581</Title>
  <PublishDate>2018-03-02 05:01:00</PublishDate>
  <SubTitle></SubTitle>
  <Weight></Weight>
  <DocFrom></DocFrom>
  <IsPhotoNews></IsPhotoNews>
  <Summary></Summary>
  <Content></Content>
  <Photo></Photo>
  <Keyword></Keyword>
  <Tag></Tag>
  <SetPublishDate></SetPublishDate>
  <password></password>
  <phone></phone>
  <avatar>http://39.107.232.220:3680/img/15415641550_y.jpg</avatar>
  <sessionTime>1541577424</sessionTime>
  <session>1873texqpck9wsn0afrd4zuvi</session>
  <IP>43.224.45.68</IP>
  <serial></serial>
  <sex>1</sex>
  <QQ>8FE52E5230207C45114335484E5782F8</QQ>
  <wechat></wechat>
  <weibo></weibo>
  <siteflag>53</siteflag>
  <Truename></Truename>
  <score>134</score>
  <designation>v 2</designation>
  <level>2</level>
  <gold>0</gold>
  <Status2>0</Status2>
  <Banned>0</Banned>
  <sealDate></sealDate>
</root>
