<?xml version="1.0" encoding="utf-8"?>

<!--文章信息，创建时间：2019-12-11 18:5-->
<root>
  <ChannelID>14263</ChannelID>
  <Status>1</Status>
  <TotalPage>1</TotalPage>
  <Title>- 600#_730302</Title>
  <PublishDate>2018-06-03 05:17:00</PublishDate>
  <SubTitle></SubTitle>
  <Weight></Weight>
  <DocFrom></DocFrom>
  <IsPhotoNews></IsPhotoNews>
  <Summary></Summary>
  <Content></Content>
  <Photo></Photo>
  <Keyword></Keyword>
  <Tag></Tag>
  <SetPublishDate></SetPublishDate>
  <password></password>
  <phone></phone>
  <avatar>http://thirdwx.qlogo.cn/mmopen/vi_32/Q0j4TwGTfTITh8rlBes9KdfBJZJKlj62yzI1QkZsGSt7PX4iax016Cs50ReibyU5GZeuCTwhCviaruicBBrxVvoDBw/132</avatar>
  <sessionTime>1542007677</sessionTime>
  <session>0r98dbjxqhwo463uikz5yvtcl</session>
  <IP>43.224.45.68</IP>
  <serial></serial>
  <sex>0</sex>
  <QQ></QQ>
  <wechat>oJMiO0pxhXvWFblBS4jkjobY-tAU</wechat>
  <weibo></weibo>
  <siteflag>53</siteflag>
  <Truename></Truename>
  <score></score>
  <designation></designation>
  <level>0</level>
  <gold>0</gold>
  <Status2>0</Status2>
  <Banned>0</Banned>
  <sealDate></sealDate>
</root>
