<?xml version="1.0" encoding="utf-8"?>

<!--文章信息，创建时间：2019-12-11 18:5-->
<root>
  <ChannelID>14263</ChannelID>
  <Status>1</Status>
  <TotalPage>1</TotalPage>
  <Title>谈情不如逗狗_306126</Title>
  <PublishDate>2018-06-03 05:28:00</PublishDate>
  <SubTitle></SubTitle>
  <Weight></Weight>
  <DocFrom></DocFrom>
  <IsPhotoNews></IsPhotoNews>
  <Summary></Summary>
  <Content></Content>
  <Photo></Photo>
  <Keyword></Keyword>
  <Tag></Tag>
  <SetPublishDate></SetPublishDate>
  <password></password>
  <phone></phone>
  <avatar>http://thirdqq.qlogo.cn/qqapp/1106535539/D0B814163338EA65A407948CF084F373/100</avatar>
  <sessionTime>1542007755</sessionTime>
  <session>gyj3akv8hplq57toxw2n6fsr4</session>
  <IP>43.224.45.68</IP>
  <serial></serial>
  <sex>0</sex>
  <QQ>D0B814163338EA65A407948CF084F373</QQ>
  <wechat></wechat>
  <weibo></weibo>
  <siteflag>53</siteflag>
  <Truename></Truename>
  <score></score>
  <designation></designation>
  <level>0</level>
  <gold>0</gold>
  <Status2>0</Status2>
  <Banned>0</Banned>
  <sealDate></sealDate>
</root>
