<?xml version="1.0" encoding="utf-8"?>

<!--文章信息，创建时间：2019-2-27 15:44-->
<root>
  <ChannelID>15947</ChannelID>
  <Status>1</Status>
  <Title>新闻女生小微</Title>
  <PublishDate>1530176873</PublishDate>
  <Summary></Summary>
  <Photo></Photo>
  <phone>18800000003</phone>
  <token>jxdbe7f5f863373be8</token>
  <company_id>1612</company_id>
  <address></address>
  <parent>1621</parent>
  <SubTitle></SubTitle>
  <Weight>0</Weight>
  <DocFrom></DocFrom>
  <IsPhotoNews></IsPhotoNews>
  <Content></Content>
  <Keyword></Keyword>
  <Tag></Tag>
  <SetPublishDate></SetPublishDate>
  <listurl></listurl>
</root>
