<?xml version="1.0" encoding="utf-8"?>

<!--文章信息，创建时间：2019-2-27 15:44-->
<root>
  <ChannelID>15947</ChannelID>
  <Status>1</Status>
  <Title>交警频道</Title>
  <PublishDate>1530176873</PublishDate>
  <Summary></Summary>
  <Photo>/images/2018/7/4/2018741530692046492_6.png</Photo>
  <phone>18800000005</phone>
  <token>jxb06b8bf2c6112c35</token>
  <company_id>1614</company_id>
  <address></address>
  <parent>1621</parent>
  <SubTitle></SubTitle>
  <Weight>0</Weight>
  <DocFrom></DocFrom>
  <IsPhotoNews></IsPhotoNews>
  <Content></Content>
  <Keyword></Keyword>
  <Tag></Tag>
  <SetPublishDate></SetPublishDate>
  <listurl></listurl>
</root>
