<?xml version="1.0" encoding="utf-8"?>

<!--文章信息，创建时间：2019-2-27 15:44-->
<root>
  <ChannelID>15947</ChannelID>
  <Status>1</Status>
  <Title>环保局</Title>
  <PublishDate>1530176873</PublishDate>
  <Summary></Summary>
  <Photo>/images/2018/7/3/2018731530602035273_6.png</Photo>
  <phone>18800000006</phone>
  <token>jx7fb6394ee0203a6c</token>
  <company_id>1615</company_id>
  <address></address>
  <parent>1621</parent>
  <SubTitle></SubTitle>
  <Weight>0</Weight>
  <DocFrom></DocFrom>
  <IsPhotoNews></IsPhotoNews>
  <Content></Content>
  <Keyword></Keyword>
  <Tag></Tag>
  <SetPublishDate></SetPublishDate>
  <listurl></listurl>
</root>
