<?xml version="1.0" encoding="utf-8"?>

<!--文章信息，创建时间：2019-2-27 15:44-->
<root>
  <ChannelID>15947</ChannelID>
  <Status>1</Status>
  <Title>中国农业银行</Title>
  <PublishDate>1530176873</PublishDate>
  <Summary></Summary>
  <Photo>/images/2018/6/29/20186291530267409574_1.jpg</Photo>
  <phone>18800000008</phone>
  <token>jx8b088ca18a3a3edf</token>
  <company_id>1617</company_id>
  <address></address>
  <parent>1621</parent>
  <SubTitle></SubTitle>
  <Weight>0</Weight>
  <DocFrom></DocFrom>
  <IsPhotoNews></IsPhotoNews>
  <Content></Content>
  <Keyword></Keyword>
  <Tag></Tag>
  <SetPublishDate></SetPublishDate>
  <listurl></listurl>
</root>
