<?xml version="1.0" encoding="utf-8"?>

<!--文章信息，创建时间：2019-2-27 15:44-->
<root>
  <ChannelID>15947</ChannelID>
  <Status>1</Status>
  <Title>车行天下</Title>
  <PublishDate>1530176873</PublishDate>
  <Summary></Summary>
  <Photo>/images/2018/7/3/2018731530602008260_6.png</Photo>
  <phone>18800000009</phone>
  <token>jx8af89466cd2d9eed</token>
  <company_id>1618</company_id>
  <address></address>
  <parent>1621</parent>
  <SubTitle></SubTitle>
  <Weight>0</Weight>
  <DocFrom></DocFrom>
  <IsPhotoNews></IsPhotoNews>
  <Content></Content>
  <Keyword></Keyword>
  <Tag></Tag>
  <SetPublishDate></SetPublishDate>
  <listurl></listurl>
</root>
