<?xml version="1.0" encoding="utf-8"?>

<!--文章信息，创建时间：2019-2-27 15:53-->
<root>
  <ChannelID>14443</ChannelID>
  <Status>1</Status>
  <Title>聚视开发3.3</Title>
  <SubTitle></SubTitle>
  <PublishDate>1541555019</PublishDate>
  <Weight>0</Weight>
  <DocFrom></DocFrom>
  <IsPhotoNews>0</IsPhotoNews>
  <Summary></Summary>
  <Content></Content>
  <Photo></Photo>
  <Keyword></Keyword>
  <Tag></Tag>
  <SetPublishDate></SetPublishDate>
  <client_id></client_id>
  <client_secrect></client_secrect>
  <redirect_URI></redirect_URI>
  <accesstoken></accesstoken>
  <siteflag>53</siteflag>
  <packagename>tidemedia.app.jushi_v2</packagename>
  <bundleid>tidemedia.app.jushi</bundleid>
  <android_secrect_key>JiWdmX+WcQXHFmn5udZtFw==</android_secrect_key>
  <ios_secrect_key>cfXAbrgtkHGXDwpmVT0F4g==</ios_secrect_key>
</root>
