<?xml version="1.0" encoding="utf-8"?>

<!--文章信息，创建时间：2019-2-27 16:27-->
<root>
  <ChannelID>16025</ChannelID>
  <Status>1</Status>
  <item_type>0</item_type>
  <doc_type>0</doc_type>
  <content_type></content_type>
  <showbuttontitle>0</showbuttontitle>
  <Title>北京市中国共产党党员209.5万名 党的基层组织9.9万个</Title>
  <PublishDate>1530513750</PublishDate>
  <DocFrom></DocFrom>
  <Summary></Summary>
  <Content>&lt;p&gt;　　据最新党内统计数据显示，截至2017年底，北京市中国共产党党员总数为209.5万名，党的基层组织总数为98729个，其中基层党委5625个，总支部4647个，支部88457个。&lt;/p&gt;&lt;p&gt;&lt;img title="党员队伍规模持续增大" alt="党员队伍规模持续增大" src="http://zhengwu.beijing.gov.cn/sj/sjjd/W020180702300029255346.png"/&gt;&lt;/p&gt;&lt;p&gt;(制表/吴千千)&lt;/p&gt;&lt;p&gt;　　一、党员队伍情况&lt;/p&gt;&lt;p&gt;　　党员的性别、民族和学历。女党员84.4万名，占党员总数的40.3%；少数民族党员9.6万名，占党员总数的4.6%；具有大专及以上学历的党员139.9万名，占党员总数的66.8%。&lt;/p&gt;&lt;p&gt;　　党员的年龄。35岁及以下的党员56.5万名，占党员总数的27.0%；36至60岁的87.3万名，占党员总数的41.7%；61岁及以上的65.7万名，占党员总数的31.4%。&lt;/p&gt;&lt;p&gt;　　党员的职业。党政机关工作人员15.7万名，事业单位管理人员、专业技术人员25.9万名，企业管理人员、专业技术人员41.2万名，工勤技能人员14.4万名，农民12.2万名，学生14.0万名，离退休人员71.7万名，其他职业人员14.4万名。&lt;/p&gt;&lt;p&gt;　　二、基层党组织情况&lt;/p&gt;&lt;p&gt;　　5322个公有制企业法人单位中，5211个企业建立了党组织。有正常经营活动的9.8万个非公有制企业法人单位中，8.2万个企业建立了党组织。1.1万个社会组织法人单位中，6219个建立了党组织。6248个事业法人单位中，6246个单位建立了党组织。1663个机关法人单位中，1645个单位建立了党组织。&lt;/p&gt;&lt;p&gt;　　三、党员党组织发展趋势与特点&lt;/p&gt;&lt;p&gt;　　(一)党员队伍规模持续增大&lt;/p&gt;&lt;p&gt;　　2017年全市党员数量比上年净增加4.1万名，增幅为2.0%，比上年增加0.7个百分点。近十年全市党员数量累计增加41.8万名，平均每年增加4.6万名，年均增长率2.5%。总体上看，近几年党员的增速有所放缓。&lt;/p&gt;&lt;p&gt;　　(二)党员队伍结构有所优化&lt;/p&gt;&lt;p&gt;　　全市女党员84.4万名，占党员总数的40.3%，与上年持平。少数民族党员9.6万名，占4.6%，增加0.2个百分点。35岁及以下的56.5万名，占27.0%，减少0.6个百分点。研究生学历的28.9万名，占13.8%，增加1.7个百分点；大学本科学历的75.8万名，占36.2%，增加1.6个百分点。&lt;/p&gt;&lt;p&gt;　　(三)发展党员数量略有增加&lt;/p&gt;&lt;p&gt;　　2017年全市继续做好发展党员总量调控工作，全年共发展党员5.5万名，比上年增加了1524名，增幅为2.9%。发展在校学生党员3.0万名，比上年增加了648名。发展非公经济单位从业人员党员3401名，比上年增加了249名。入党申请人、积极分子队伍继续保持较大规模。&lt;/p&gt;&lt;p&gt;　　(四)党员教育培训力度不断增强&lt;/p&gt;&lt;p&gt;　　2017年，全市推进“两学一做”学习教育常态化制度化，有步骤、有重点地组织开展党员教育培训，共开展各类培训767.9万人次，其中，基层党组织书记培训39.5万人次，人均参训4.0次；农村党员远程教育培训184.4万人次，人均参训15.1次；非公有制经济组织和社会组织党员培训52.3万人次，人均参训2.4次；新党员培训17.9万人次，人均参训3.3次。通过教育培训，广大党员的理想信念进一步坚定，先锋模范作用进一步发挥。&lt;/p&gt;&lt;p&gt;　　(五)基层组织体系不断健全&lt;/p&gt;&lt;p&gt;　　截至2017年底，全市146个街道、182个乡镇、3106个社区、3917个建制村全部建立了党组织。公有制企业、机关、事业单位等领域的党组织进一步巩固，非公有制企业、社会组织中的党组织覆盖面进一步扩大。&lt;/p&gt;&lt;p&gt;&lt;br/&gt;&lt;/p&gt;</Content>
  <Keyword>党员,基层组织,中国共产党</Keyword>
  <Photo4></Photo4>
  <Photo>/images/2018/7/2/2018721530513875364_49_t1080.png</Photo>
  <Photo2></Photo2>
  <Photo3></Photo3>
  <videoid>0</videoid>
  <videosource></videosource>
  <videourl></videourl>
  <isAudio>0</isAudio>
  <anuor></anuor>
  <mediatype>0</mediatype>
  <td_liveid></td_liveid>
  <epgchannelid>0</epgchannelid>
  <jumptype>0</jumptype>
  <href_app></href_app>
  <frame>0</frame>
  <secondcategory>0</secondcategory>
  <juxian_liveid>0</juxian_liveid>
  <juxian_companyid>0</juxian_companyid>
  <juxian_type>0</juxian_type>
  <juxian_user></juxian_user>
  <state>0</state>
  <start>0</start>
  <end>0</end>
  <live_shareurl></live_shareurl>
  <juxian_sourceid>0</juxian_sourceid>
  <payaction>0</payaction>
  <pdf></pdf>
  <Parent>0</Parent>
  <pv_virtual>0</pv_virtual>
  <pv>12</pv>
  <SubTitle></SubTitle>
  <Weight>0</Weight>
  <Tag></Tag>
  <SetPublishDate></SetPublishDate>
  <Status2>0</Status2>
  <IsPhotoNews>0</IsPhotoNews>
  <process>0</process>
  <duration></duration>
  <baoliao_userid>0</baoliao_userid>
  <baoliao_ispublic>0</baoliao_ispublic>
  <baoliaostatus>0</baoliaostatus>
</root>
