<?xml version="1.0" encoding="utf-8"?>

<!--文章信息，创建时间：2019-12-11 18:5-->
<root>
  <ChannelID>14262</ChannelID>
  <Status>1</Status>
  <TotalPage>1</TotalPage>
  <Title>特立独行的猫_674865</Title>
  <SubTitle></SubTitle>
  <PublishDate>2018-06-26 18:36:00</PublishDate>
  <Weight></Weight>
  <DocFrom></DocFrom>
  <IsPhotoNews></IsPhotoNews>
  <Summary></Summary>
  <Content></Content>
  <Photo></Photo>
  <Keyword></Keyword>
  <Tag></Tag>
  <SetPublishDate></SetPublishDate>
  <userid>78</userid>
  <docid>1019731</docid>
  <link>http://39.107.232.220:3680/a/a/g/content_487.shtml?userid89ampsessionemf5cpuvd7b04zy92raoqli31</link>
  <siteflag>53</siteflag>
</root>
