<?xml version="1.0" encoding="utf-8"?>

<!--文章信息，创建时间：2019-12-11 18:4-->
<root>
  <ChannelID>15998</ChannelID>
  <Status>1</Status>
  <TotalPage>1</TotalPage>
  <item_type>0</item_type>
  <doc_type>0</doc_type>
  <content_type></content_type>
  <showbuttontitle>0</showbuttontitle>
  <Title>开通网络预约 再造审批流程 平谷助推企业驶向快车道</Title>
  <PublishDate>2017-07-21 04:46:00</PublishDate>
  <DocFrom></DocFrom>
  <Summary></Summary>
  <Content>&lt;p&gt;　　7个环节精简至3个，原来24天审批压缩至现在5天，刻章领票均不超过1天……平谷区通过开通网络预约，再造审批流程等改革，优化企业营商环境，短短三个月，已为720家新开办企业共计节约13680天，大大提高了企业运行效率。&lt;/p&gt;&lt;p&gt;　　3月26日，平谷区政务服务中心对业务分区做了优化，一层公共服务厅主要受理个人业务；二层市场准入厅主要受理一般企业业务，并在二层设立了“企业开办一站式”专厅；三层为投资审批大厅，专门受理大型固定资产投资项目，相关委办局还在现场设立了副局长办公室，以加快审批流程。&lt;/p&gt;&lt;p&gt;　　“企业开办一站式”专厅开设后，涉企开办事项实现了“一窗受理、后台流转，一次申报、全程办结，一次性发放营业执照、印章、发票”。在“一站式”专厅，企业开办由过去的7个环节精简至工商、公安、税务3个环节，时间由原来的24天压缩至现在的5天。其中：办理工商登记不超过3天，刻制印章不超过1天，领取发票不超过1天。该区还创下了国税纳税时间全市最短纪录，仅77.9小时，较全市平均纳税时间短30.53小时。&lt;/p&gt;&lt;p&gt;　　为方便企业和群众办理行政审批事宜，平谷区开通了“平谷通”网上政务服务平台，推进“互联网+政务服务”。以往，办理行政审批的固定流程为：前往、排队、查询办事指南、返回，准备材料，再前往、排队、提交材料、返回，然后再去取件。如遇不顺，还有可能多次反复。如今，办事群众和企业通过“平谷通”实现线上的办事预约、预约查询、办事指南查询、在线咨询、网上投诉建议、在线查询办事进度、通过EMS邮寄办事结果。大大简化了群众和企业的办事流程。&lt;/p&gt;&lt;p&gt;　　同时，该区还推出更加优惠的就业创业政策，充分发挥财政、银行、担保公司等作用，为回区创业青年创业担保贷款及全额贴息。鼓励企业招用本地劳动力，凡签订3年及以上劳动合同并按规定缴纳社会保险，即按照聘用劳动力数量不等给予10万至50万元的一次性就业奖励资金。&lt;/p&gt;&lt;p&gt;　　该区还建立了区领导与重点企业联系制度，区四大部门领导每人重点联系3家企业，目前已集中走访了78家，为企业解决实际问题39项。对于企业呼声较高的人才落户、资金需求、政策支持、规划、项目推进等7类诉求，已经全部列入《平谷区营商环境改革实施方案》，进行常态化、规范化解决。&lt;/p&gt;&lt;p&gt;　　市商务委、市统计局的最新测评结果显示，平谷区营商环境排名从此前的全市倒数第一，已攀升至全市第七。&lt;/p&gt;&lt;p&gt;&lt;br/&gt;&lt;/p&gt;</Content>
  <Keyword>企业,审批,流程,预约,平谷</Keyword>
  <Photo4></Photo4>
  <Photo>/images/2018/7/2/2018721530510607030_49_t1080.png</Photo>
  <Photo2></Photo2>
  <Photo3></Photo3>
  <videoid>0</videoid>
  <videosource></videosource>
  <videourl></videourl>
  <isAudio>0</isAudio>
  <anuor></anuor>
  <mediatype>0</mediatype>
  <td_liveid></td_liveid>
  <epgchannelid>0</epgchannelid>
  <jumptype>0</jumptype>
  <href_app></href_app>
  <frame>0</frame>
  <secondcategory>0</secondcategory>
  <juxian_liveid>0</juxian_liveid>
  <juxian_companyid>0</juxian_companyid>
  <juxian_type>0</juxian_type>
  <juxian_user></juxian_user>
  <state>0</state>
  <start>0</start>
  <end>0</end>
  <live_shareurl></live_shareurl>
  <juxian_sourceid>0</juxian_sourceid>
  <payaction>0</payaction>
  <pdf></pdf>
  <Parent>0</Parent>
  <pv_virtual>0</pv_virtual>
  <pv>1</pv>
  <SubTitle></SubTitle>
  <Weight>0</Weight>
  <Tag></Tag>
  <SetPublishDate></SetPublishDate>
  <Status2>0</Status2>
  <IsPhotoNews>0</IsPhotoNews>
  <process>0</process>
  <duration></duration>
  <baoliao_userid>0</baoliao_userid>
  <baoliao_ispublic>1</baoliao_ispublic>
  <baoliaostatus>0</baoliaostatus>
  <interior_type>0</interior_type>
  <interior_id></interior_id>
  <allowcomment>1</allowcomment>
  <showread>1</showread>
  <phone></phone>
  <zan_virtual_num></zan_virtual_num>
  <allowadvert>1</allowadvert>
  <baoliao_localtion></baoliao_localtion>
  <jd></jd>
  <wd></wd>
  <showbaoliaouser>0</showbaoliaouser>
  <baoliao_photo2></baoliao_photo2>
  <baoliao_photo3></baoliao_photo3>
  <baoliao_photo4></baoliao_photo4>
  <baoliao_photo5></baoliao_photo5>
  <baoliao_photo6></baoliao_photo6>
  <baoliao_photo7></baoliao_photo7>
  <baoliao_photo8></baoliao_photo8>
  <baoliao_photo9></baoliao_photo9>
  <baoliao>0</baoliao>
  <wenzheng>0</wenzheng>
</root>
