<?xml version="1.0" encoding="utf-8"?>

<!--文章信息，创建时间：2019-12-11 18:4-->
<root>
  <ChannelID>15979</ChannelID>
  <Status>1</Status>
  <TotalPage>1</TotalPage>
  <Title>盛世收藏</Title>
  <SubTitle></SubTitle>
  <PublishDate>2017-08-12 02:01:00</PublishDate>
  <Weight>0</Weight>
  <DocFrom></DocFrom>
  <IsPhotoNews>0</IsPhotoNews>
  <Summary></Summary>
  <Content></Content>
  <Photo>/images/2018/7/3/2018731530602017676_6.png</Photo>
  <Keyword></Keyword>
  <Tag></Tag>
  <SetPublishDate></SetPublishDate>
  <phone>18800000010</phone>
  <token>jx0a33e27d1a057752</token>
  <parent>1621</parent>
  <address></address>
  <listurl></listurl>
  <company_id>1619</company_id>
  <virtualconcern></virtualconcern>
  <model_control>1,5,6,7</model_control>
  <userid></userid>
  <topic_category>0</topic_category>
  <juxian_userid>0</juxian_userid>
  <card_url></card_url>
  <popularity>0</popularity>
</root>
