<?xml version="1.0" encoding="utf-8"?>

<!--文章信息，创建时间：2019-2-27 16:22-->
<root>
  <ChannelID>15898</ChannelID>
  <Status>1</Status>
  <item_type>0</item_type>
  <doc_type>0</doc_type>
  <content_type></content_type>
  <showbuttontitle>0</showbuttontitle>
  <Title>本周北京雨水高温交替出现 2日3日有雷雨炎热暂消</Title>
  <PublishDate>1530805488</PublishDate>
  <DocFrom></DocFrom>
  <Summary></Summary>
  <Content>&lt;p&gt;　　中国天气网讯 本周，北京的总体天气为雨水、高温交替出现。预计今明天（2-3日），部分地区有雷阵雨或阵雨，最高气温32-33℃。周三、周四伴随着雨停，将再现高温天气，最高气温升至36-37℃；周五、周六雷阵雨再度光临，气温跌落至31-34℃，公众需关注临近预报，携带雨具。&lt;/p&gt;&lt;p&gt;　　七月已悄然来临，昨天，京城从干热转为闷热，监测显示，南郊观象台最高气温定格在了31.4℃，虽然气温不高，但湿度较大，人体感觉闷热。昨天16时35分，持续多日的高温黄色预警信号终于解除。&lt;/p&gt;&lt;div&gt;&lt;img title="1530486521027038242.jpg" src="http://n.sinaimg.cn/translate/200/w600h400/20180702/VLdG-hespqry3246718.jpg" alt=""/&gt;&lt;/div&gt;&lt;p&gt;　　总体来看，本周的天气是雨水、高温交替出现。北京市气象台预计，今天上班时多云，有轻雾，北风二级左右，气温为24-27℃；白天多云，西部有雷阵雨，北转南风二三间四级，最高气温32℃；夜间多云转阴有雷阵雨，南转北风一二级，最低气温23℃。明天阴天间多云，有分散性阵雨，最高气温33℃，最低气温24℃。&lt;/p&gt;&lt;p&gt;　　周三到周四又将诞生两个高温日，白天最高气温36-37℃，高温酷暑将再次来袭。周五到周六，雷阵雨再度光临，最高气温降至31-34℃，气温呈“波浪式”起伏。&lt;/p&gt;&lt;div&gt;&lt;img title="1530486575265059299.jpg" src="http://n.sinaimg.cn/translate/89/w600h289/20180702/x5Jc-hespqry3246724.jpg" alt=""/&gt;&lt;/div&gt;&lt;div&gt;&lt;div&gt;&lt;/div&gt;&lt;/div&gt;&lt;p&gt;　　气象专家提醒，今明天部分地区有雨，公众出门需携带雨具，防止突然遭遇雨水，外出需注意防雷电。周三、周四再迎高温，防暑降温的同时，也需注意用电安全，注意节水节电。开车的朋友注意清理车内打火机、香水、压力溶液等杂物，防止车内高温引发事故，驾车出行请注意交通安全，谨防疲劳驾驶。&lt;/p&gt;&lt;p&gt;&lt;br/&gt;&lt;/p&gt;</Content>
  <Keyword>高温,雨水,交替</Keyword>
  <Photo4></Photo4>
  <Photo>/images/2018/7/5/2018751530805558829_49_t1080.png</Photo>
  <Photo2></Photo2>
  <Photo3></Photo3>
  <videoid>0</videoid>
  <videosource></videosource>
  <videourl></videourl>
  <isAudio>0</isAudio>
  <anuor></anuor>
  <mediatype>0</mediatype>
  <td_liveid></td_liveid>
  <epgchannelid>0</epgchannelid>
  <jumptype>0</jumptype>
  <href_app></href_app>
  <frame>0</frame>
  <secondcategory>0</secondcategory>
  <juxian_liveid>0</juxian_liveid>
  <juxian_companyid>0</juxian_companyid>
  <juxian_type>0</juxian_type>
  <juxian_user></juxian_user>
  <state>0</state>
  <start>0</start>
  <end>0</end>
  <live_shareurl></live_shareurl>
  <juxian_sourceid>0</juxian_sourceid>
  <payaction>0</payaction>
  <pdf></pdf>
  <Parent>0</Parent>
  <pv_virtual>0</pv_virtual>
  <pv>1</pv>
  <SubTitle></SubTitle>
  <Weight>0</Weight>
  <Tag></Tag>
  <SetPublishDate></SetPublishDate>
  <Status2>0</Status2>
  <IsPhotoNews>0</IsPhotoNews>
  <process>0</process>
  <duration></duration>
  <baoliao_userid>0</baoliao_userid>
  <baoliao_ispublic>0</baoliao_ispublic>
  <baoliaostatus>0</baoliaostatus>
</root>
