<?xml version="1.0" encoding="utf-8"?>

<!--文章信息，创建时间：2019-2-27 16:22-->
<root>
  <ChannelID>15906</ChannelID>
  <Status>1</Status>
  <item_type>2</item_type>
  <doc_type>4</doc_type>
  <content_type></content_type>
  <showbuttontitle>0</showbuttontitle>
  <Title>陪你看球</Title>
  <PublishDate>1530808556</PublishDate>
  <DocFrom></DocFrom>
  <Summary></Summary>
  <Content></Content>
  <Keyword></Keyword>
  <Photo4>http://img.juyun.tv/user/1529584559.jpg</Photo4>
  <Photo>http://img.juyun.tv/user/1529584559.jpg</Photo>
  <Photo2></Photo2>
  <Photo3></Photo3>
  <videoid>0</videoid>
  <videosource></videosource>
  <videourl></videourl>
  <isAudio>0</isAudio>
  <anuor></anuor>
  <mediatype>0</mediatype>
  <td_liveid></td_liveid>
  <epgchannelid>0</epgchannelid>
  <jumptype>0</jumptype>
  <href_app>/a/e/d/content_355.shtml</href_app>
  <frame>0</frame>
  <secondcategory>0</secondcategory>
  <juxian_liveid>10640</juxian_liveid>
  <juxian_companyid>1612</juxian_companyid>
  <juxian_type>3</juxian_type>
  <juxian_user>18800000000</juxian_user>
  <state>0</state>
  <start>1530181080</start>
  <end>0</end>
  <live_shareurl>http://juxian.juyun.tv/live.php?id=10640</live_shareurl>
  <juxian_sourceid>0</juxian_sourceid>
  <payaction>0</payaction>
  <pdf></pdf>
  <Parent>0</Parent>
  <pv_virtual>0</pv_virtual>
  <pv>7</pv>
  <SubTitle></SubTitle>
  <Weight>0</Weight>
  <Tag></Tag>
  <SetPublishDate></SetPublishDate>
  <Status2>0</Status2>
  <IsPhotoNews>0</IsPhotoNews>
  <process>0</process>
  <duration></duration>
  <baoliao_userid>0</baoliao_userid>
  <baoliao_ispublic>0</baoliao_ispublic>
  <baoliaostatus>0</baoliaostatus>
</root>
