<?xml version="1.0" encoding="utf-8"?>

<!--文章信息，创建时间：2019-2-27 16:22-->
<root>
  <ChannelID>15906</ChannelID>
  <Status>1</Status>
  <item_type>0</item_type>
  <doc_type>1</doc_type>
  <content_type>短视频</content_type>
  <showbuttontitle>0</showbuttontitle>
  <Title>看完这些遗传病，你还想养纯种狗吗</Title>
  <PublishDate>1531028631</PublishDate>
  <DocFrom></DocFrom>
  <Summary>遗传病，纯种狗不为人知的悲惨境遇：很多人热衷于所谓的纯种高贵血统，但殊不知，在纯种的背后，对于狗来说却是一段极其灰暗的血泪史</Summary>
  <Content></Content>
  <Keyword>纯种,遗传病,狗</Keyword>
  <Photo4></Photo4>
  <Photo>/images/2018/7/8/2018781531029365797_49_t1080.png</Photo>
  <Photo2></Photo2>
  <Photo3></Photo3>
  <videoid>0</videoid>
  <videosource></videosource>
  <videourl>http://video.pearvideo.com/mp4/third/20180708/cont-1383698-11836465-093544-hd.mp4</videourl>
  <isAudio>0</isAudio>
  <anuor></anuor>
  <mediatype>0</mediatype>
  <td_liveid></td_liveid>
  <epgchannelid>0</epgchannelid>
  <jumptype>0</jumptype>
  <href_app></href_app>
  <frame>0</frame>
  <secondcategory>0</secondcategory>
  <juxian_liveid>0</juxian_liveid>
  <juxian_companyid>0</juxian_companyid>
  <juxian_type>0</juxian_type>
  <juxian_user></juxian_user>
  <state>0</state>
  <start>0</start>
  <end>0</end>
  <live_shareurl></live_shareurl>
  <juxian_sourceid>0</juxian_sourceid>
  <payaction>0</payaction>
  <pdf></pdf>
  <Parent>0</Parent>
  <pv_virtual>0</pv_virtual>
  <pv>13</pv>
  <SubTitle></SubTitle>
  <Weight>0</Weight>
  <Tag></Tag>
  <SetPublishDate></SetPublishDate>
  <Status2>0</Status2>
  <IsPhotoNews>0</IsPhotoNews>
  <process>0</process>
  <duration></duration>
  <baoliao_userid>0</baoliao_userid>
  <baoliao_ispublic>0</baoliao_ispublic>
  <baoliaostatus>0</baoliaostatus>
</root>
