<?xml version="1.0" encoding="utf-8"?>

<!--文章信息，创建时间：2019-12-11 18:6-->
<root>
  <ChannelID>14271</ChannelID>
  <Status>1</Status>
  <TotalPage>1</TotalPage>
  <Title>天蓝蓝</Title>
  <SubTitle></SubTitle>
  <PublishDate>2017-08-16 18:21:00</PublishDate>
  <Weight>0</Weight>
  <DocFrom></DocFrom>
  <IsPhotoNews></IsPhotoNews>
  <Summary></Summary>
  <Content></Content>
  <Photo>http://123.56.71.230:65530/img/153075658138_b.jpg</Photo>
  <Keyword></Keyword>
  <Tag></Tag>
  <SetPublishDate></SetPublishDate>
  <txtContent>天蓝蓝</txtContent>
  <userid>76</userid>
  <doc_type>0</doc_type>
  <videourl></videourl>
  <siteflag>53</siteflag>
  <themename></themename>
  <model>1018766</model>
  <zancount>2</zancount>
  <localtion>北京市朝阳区国粹苑艺术品交易中心-A座</localtion>
  <jd>116.5145903891</jd>
  <wd>39.909882478701</wd>
  <user_ip></user_ip>
</root>
