<?xml version="1.0" encoding="utf-8"?>

<!--文章信息，创建时间：2019-12-11 18:6-->
<root>
  <ChannelID>14271</ChannelID>
  <Status>1</Status>
  <TotalPage>1</TotalPage>
  <Title>出行</Title>
  <SubTitle></SubTitle>
  <PublishDate>2017-08-17 01:05:00</PublishDate>
  <Weight>0</Weight>
  <DocFrom></DocFrom>
  <IsPhotoNews></IsPhotoNews>
  <Summary></Summary>
  <Content></Content>
  <Photo>http://123.56.71.230:65530/img/153075726526_b.jpg</Photo>
  <Keyword></Keyword>
  <Tag></Tag>
  <SetPublishDate></SetPublishDate>
  <txtContent>出行</txtContent>
  <userid>76</userid>
  <doc_type>0</doc_type>
  <videourl></videourl>
  <siteflag>53</siteflag>
  <themename>1019208</themename>
  <model>1018784</model>
  <zancount>3</zancount>
  <localtion>朝阳区惠河南街1110号A座</localtion>
  <jd>116.51699784787</jd>
  <wd>39.910401335806</wd>
  <user_ip></user_ip>
</root>
