<?xml version="1.0" encoding="utf-8"?>

<!--文章信息，创建时间：2019-12-11 18:6-->
<root>
  <ChannelID>14271</ChannelID>
  <Status>1</Status>
  <TotalPage>1</TotalPage>
  <Title>123</Title>
  <SubTitle></SubTitle>
  <PublishDate>2018-06-27 17:53:00</PublishDate>
  <Weight>0</Weight>
  <DocFrom></DocFrom>
  <IsPhotoNews></IsPhotoNews>
  <Summary></Summary>
  <Content></Content>
  <Photo>http://39.107.232.220:3680/img/154157415271_b.jpg</Photo>
  <Keyword></Keyword>
  <Tag></Tag>
  <SetPublishDate></SetPublishDate>
  <txtContent>123</txtContent>
  <userid>64</userid>
  <doc_type>0</doc_type>
  <videourl></videourl>
  <siteflag>53</siteflag>
  <themename>1019688</themename>
  <model>1018766</model>
  <zancount>0</zancount>
  <localtion>中国北京市朝阳区惠河南街</localtion>
  <jd>116.516936</jd>
  <wd>39.910363</wd>
  <user_ip></user_ip>
</root>
