<?xml version="1.0" encoding="utf-8"?>

<!--文章信息，创建时间：2019-2-27 15:44-->
<root>
  <ChannelID>15943</ChannelID>
  <Status>1</Status>
  <Title>场外养眼福利：克罗地亚的美女球迷</Title>
  <SubTitle></SubTitle>
  <PublishDate>1541554997</PublishDate>
  <Weight>0</Weight>
  <DocFrom></DocFrom>
  <IsPhotoNews>0</IsPhotoNews>
  <Summary></Summary>
  <Content></Content>
  <Photo></Photo>
  <Keyword></Keyword>
  <Tag></Tag>
  <SetPublishDate></SetPublishDate>
  <frame>0</frame>
  <jumptype>0</jumptype>
  <secondcategory>0</secondcategory>
  <doc_type>1</doc_type>
  <type>0</type>
  <audience_type>0</audience_type>
  <device_tag></device_tag>
  <registration></registration>
  <source_gid>1019862</source_gid>
  <source_url>/a/b/b/content_525.shtml</source_url>
  <state>0</state>
  <sharepicurl></sharepicurl>
  <audio>0</audio>
  <develop>0</develop>
  <platform>0</platform>
  <xiaoxiID>error</xiaoxiID>
  <juxian_liveid>0</juxian_liveid>
  <shareliveurl></shareliveurl>
</root>
