<?xml version="1.0" encoding="utf-8"?>

<!--文章信息，创建时间：2019-2-27 15:44-->
<root>
  <ChannelID>15943</ChannelID>
  <Status>1</Status>
  <Title>16辆长编组“复兴号”投入运营 拉开暑运大幕</Title>
  <SubTitle></SubTitle>
  <PublishDate>1541555334</PublishDate>
  <Weight>0</Weight>
  <DocFrom></DocFrom>
  <IsPhotoNews>0</IsPhotoNews>
  <Summary></Summary>
  <Content></Content>
  <Photo></Photo>
  <Keyword></Keyword>
  <Tag></Tag>
  <SetPublishDate></SetPublishDate>
  <frame>0</frame>
  <jumptype>0</jumptype>
  <secondcategory>0</secondcategory>
  <doc_type>0</doc_type>
  <type>0</type>
  <audience_type>0</audience_type>
  <device_tag></device_tag>
  <registration></registration>
  <source_gid>1019541</source_gid>
  <source_url>/a/a/a/content_419.shtml</source_url>
  <state>1</state>
  <sharepicurl></sharepicurl>
  <audio>0</audio>
  <develop>0</develop>
  <platform>0</platform>
  <xiaoxiID>success:tdm04658541555689400F9</xiaoxiID>
  <juxian_liveid>0</juxian_liveid>
  <shareliveurl></shareliveurl>
</root>
