<?xml version="1.0" encoding="utf-8"?>

<!--文章信息，创建时间：2019-2-27 16:22-->
<root>
  <ChannelID>15899</ChannelID>
  <Status>1</Status>
  <item_type>0</item_type>
  <doc_type>0</doc_type>
  <content_type>要闻</content_type>
  <showbuttontitle>0</showbuttontitle>
  <Title>李克强：中方将严格保护知识产权 绝不允许强制转让技术</Title>
  <PublishDate>1530077204</PublishDate>
  <DocFrom></DocFrom>
  <Summary></Summary>
  <Content>&lt;p&gt;原标题李克强与法国总理菲利普共同出席中法企业家座谈会&lt;/p&gt;&lt;p&gt;新华社北京6月26日电（记者王卓伦）国务院总理李克强25日下午在人民大会堂与法国总理菲利普共同出席中法企业家座谈会。来自中法两国制造业、能源、金融等行业30余家企业的负责人参加。双方企业家围绕中法经贸投资等问题进行讨论。两国总理听取了企业家代表的发言并同他们互动交流。&lt;/p&gt;&lt;p&gt;李克强表示，中法之间有传统友谊，两国企业有长期合作基础、发展空间广阔。中国对外开放的大门会越开越大。中国扩大开放本身就是为了维护和促进自由贸易体制，这也将为世界各国企业带来发展机遇。欢迎法方企业抓住机遇，进一步扩大对华合作，争取取得更多务实合作成果。&lt;/p&gt;&lt;p&gt;在回答关于法方企业愿同中方开展高技术合作的问题时，李克强表示，中方张开双臂欢迎法方企业加强对华高技术领域合作。中方将严格保护知识产权，绝不允许强制转让技术。在回答关于人员往来的问题时，李克强表示，中方正在积极推进改革和开放，为包括法国在内的外国企业家、商务人士来华开展业务提供更多便利，推动扩大中外人员往来规模，为推进务实合作提供更好条件。今天座谈会的目的就是要了解和处理两国企业界的关切和问题。相信两国政府会积极回应和处理企业关注的问题。希望通过这种方式，使我们的合作更为顺畅、领域更加宽广。&lt;/p&gt;&lt;p&gt;菲利普表示，法方为两国企业合作迄今取得的成果感到高兴，支持以开诚布公的方式讨论问题、推进合作。双方企业今后可以开拓更多新的合作领域，中小企业可以成为新的合作主体，欢迎中方加大对法投资。&lt;/p&gt;&lt;p&gt;&lt;a href="http://dol.deliver.ifeng.com/c?ad0d3b115MluuVuLEVCrlk7CiF1N5piUjVsuTNmWaw1nose1ZFJAzYGdKrxKQY62JZDrZaDl5GM8VBMa9rOQg5Guk6h3LYSf-PdnBASOj6erVlFV2Hak9gOy1u3bhyZTy8Asv8wH" target="_blank"&gt;&lt;/a&gt;&lt;/p&gt;&lt;p&gt;&lt;br/&gt;&lt;/p&gt;&lt;p&gt;&lt;br/&gt;&lt;/p&gt;</Content>
  <Keyword>中方,李克强,严格,保护,强制</Keyword>
  <Photo4></Photo4>
  <Photo>/images/2018/7/2/2018721530516720968_49_t1080.png</Photo>
  <Photo2></Photo2>
  <Photo3></Photo3>
  <videoid>0</videoid>
  <videosource></videosource>
  <videourl></videourl>
  <isAudio>0</isAudio>
  <anuor></anuor>
  <mediatype>0</mediatype>
  <td_liveid></td_liveid>
  <epgchannelid>0</epgchannelid>
  <jumptype>0</jumptype>
  <href_app></href_app>
  <frame>0</frame>
  <secondcategory>0</secondcategory>
  <juxian_liveid>0</juxian_liveid>
  <juxian_companyid>0</juxian_companyid>
  <juxian_type>0</juxian_type>
  <juxian_user></juxian_user>
  <state>0</state>
  <start>0</start>
  <end>0</end>
  <live_shareurl></live_shareurl>
  <juxian_sourceid>0</juxian_sourceid>
  <payaction>0</payaction>
  <pdf></pdf>
  <Parent>0</Parent>
  <pv_virtual>0</pv_virtual>
  <pv>37</pv>
  <SubTitle></SubTitle>
  <Weight>0</Weight>
  <Tag></Tag>
  <SetPublishDate></SetPublishDate>
  <Status2>0</Status2>
  <IsPhotoNews>0</IsPhotoNews>
  <process>0</process>
  <duration></duration>
  <baoliao_userid>0</baoliao_userid>
  <baoliao_ispublic>0</baoliao_ispublic>
  <baoliaostatus>0</baoliaostatus>
</root>
