<?xml version="1.0" encoding="utf-8"?>

<!--文章信息，创建时间：2019-2-27 16:22-->
<root>
  <ChannelID>15899</ChannelID>
  <Status>1</Status>
  <item_type>0</item_type>
  <doc_type>0</doc_type>
  <content_type>突发事件</content_type>
  <showbuttontitle>0</showbuttontitle>
  <Title>广州飞往洛杉矶的CZ327航班中途返航 回应：机械故障</Title>
  <PublishDate>1530516412</PublishDate>
  <DocFrom></DocFrom>
  <Summary></Summary>
  <Content>&lt;p&gt; &lt;img src="http://p3.ifengimg.com/a/2018_27/1d638063892409d_size80_w690_h1227.jpg" alt=""/&gt; &lt;/p&gt; &lt;p&gt; 原标题：广州飞往洛杉矶的CZ327航班中途返航 回应：因机械故障 &lt;/p&gt; &lt;p&gt; 今天，有网友发微博称，从广州乘坐航班号CZ327的A380空客，飞了六七个小时到日本空中时，不知道什么原因飞机返航。北青报记者从该名网友发布的航班信息看到，7月1日晚21时52分起飞的南航CZ327航班，原由广州飞往洛杉矶，在刚过境日本后，于今天上午9时02分返航到广州。今天上午，北青报记者从南航相关工作人员处了解到，该航班返航原因为飞机机械故障，目前航班已安全落地广州，乘客还在等待下一班飞机补班，目前尚未起飞。（北青报记者马金凤） &lt;/p&gt; &lt;p&gt; &lt;br/&gt; &lt;/p&gt;</Content>
  <Keyword>广州,航班,返航,cz327,机械故障</Keyword>
  <Photo4></Photo4>
  <Photo>/images/2018/7/2/2018721530516477759_49_t1080.png</Photo>
  <Photo2></Photo2>
  <Photo3></Photo3>
  <videoid>0</videoid>
  <videosource></videosource>
  <videourl></videourl>
  <isAudio>0</isAudio>
  <anuor></anuor>
  <mediatype>0</mediatype>
  <td_liveid></td_liveid>
  <epgchannelid>0</epgchannelid>
  <jumptype>0</jumptype>
  <href_app></href_app>
  <frame>0</frame>
  <secondcategory>0</secondcategory>
  <juxian_liveid>0</juxian_liveid>
  <juxian_companyid>0</juxian_companyid>
  <juxian_type>0</juxian_type>
  <juxian_user></juxian_user>
  <state>0</state>
  <start>0</start>
  <end>0</end>
  <live_shareurl></live_shareurl>
  <juxian_sourceid>0</juxian_sourceid>
  <payaction>0</payaction>
  <pdf></pdf>
  <Parent>0</Parent>
  <pv_virtual>0</pv_virtual>
  <pv>13</pv>
  <SubTitle></SubTitle>
  <Weight>0</Weight>
  <Tag></Tag>
  <SetPublishDate></SetPublishDate>
  <Status2>0</Status2>
  <IsPhotoNews>0</IsPhotoNews>
  <process>0</process>
  <duration></duration>
  <baoliao_userid>0</baoliao_userid>
  <baoliao_ispublic>0</baoliao_ispublic>
  <baoliaostatus>0</baoliaostatus>
</root>
