<?xml version="1.0" encoding="utf-8"?>

<!--文章信息，创建时间：2019-2-27 16:22-->
<root>
  <ChannelID>15899</ChannelID>
  <Status>1</Status>
  <item_type>2</item_type>
  <doc_type>0</doc_type>
  <content_type></content_type>
  <showbuttontitle>0</showbuttontitle>
  <Title>特朗普对手来了！出口民调：奥夫拉多尔赢得墨西哥总统大选</Title>
  <PublishDate>1530516486</PublishDate>
  <DocFrom></DocFrom>
  <Summary></Summary>
  <Content>&lt;p&gt;&lt;img src="https://t1.huanqiu.cn/d4a47dcad8fc395e634b5cbaaa75e4bd.jpg" alt=""/&gt;&lt;/p&gt;&lt;p&gt;【环球网报道 记者 赵衍龙】据法新社报道，出口民调显示，墨西哥左翼候选人奥夫拉多尔在当地时间1日进行的总统选举中以大幅度优势获胜。实时投票结果显示，左翼候选人奥夫拉多尔得票率超40％，排第一。4名候选人中其余3人均已承认败选。&lt;/p&gt;&lt;p&gt;一贯对美国持批评立场 美墨关系或进一步恶化&lt;/p&gt;&lt;p&gt;奥夫拉多尔一贯对美国持批评立场，此次大选结果对墨美关系的可能影响备受关注。&lt;/p&gt;&lt;p&gt;台湾“世界新闻网”1日报道称，墨西哥传统大党执政党“革命制度党”(PRI)、保守派“国家行动党”(PAN)，已轮流执政长达近一个世纪，但该国治安与经济不见好转，贪腐和暴力猖獗，64岁的“国家复兴运动”(Morena)候选人安德烈斯·曼努埃尔·洛佩斯·奥夫拉多尔(Andres Manuel Lopez Obrador)，凭着左派民粹的主张，参加了竞选。&lt;/p&gt;&lt;p&gt;&lt;img src="https://t1.huanqiu.cn/ef05fdaa43fa954cde2a578adc0f3b2a.jpg" alt=""/&gt;&lt;/p&gt;&lt;p&gt;奥夫拉多尔民粹主义的作风与美国总统特朗普相似，被称为“墨版特朗普”。&lt;/p&gt;&lt;p&gt;特朗普此前已多次提出在美墨边境筑墙，也就贸易问题向墨西哥施压、重新谈判北美自由贸易协定(NAFTA)并对墨西哥加征钢铝税。在NAFTA政策上，奥夫拉多尔多次表示会态度强硬，“不会在农业和制造业等方面让外国占便宜”。&lt;/p&gt;&lt;p&gt;奥夫拉多尔上月还在演讲中强烈谴责了特朗普的“骨肉分离”移民政策，认为这是“傲慢的，种族主义的和不人道的”。此外，他即将出版一本名为《听好了，特朗普》的书，表达自己的政见。&lt;/p&gt;&lt;p&gt;奥夫拉多尔对特朗普的敌视，为他在农民和工人中赢得了较高的支持率。奥夫拉多尔当选，或会导致美墨关系进一步恶化。&lt;/p&gt;&lt;p&gt;&lt;img src="https://t1.huanqiu.cn/f99f568820ddc78142f8d3e48fafb5ac.jpg" alt=""/&gt;&lt;/p&gt;&lt;p&gt;&lt;br/&gt;&lt;/p&gt;</Content>
  <Keyword>墨西哥,民调,特朗普,奥夫拉多尔,总统大选</Keyword>
  <Photo4>/images/2018/7/2/2018721530516589968_49_t1080.png</Photo4>
  <Photo></Photo>
  <Photo2></Photo2>
  <Photo3></Photo3>
  <videoid>0</videoid>
  <videosource></videosource>
  <videourl></videourl>
  <isAudio>0</isAudio>
  <anuor></anuor>
  <mediatype>0</mediatype>
  <td_liveid></td_liveid>
  <epgchannelid>0</epgchannelid>
  <jumptype>0</jumptype>
  <href_app></href_app>
  <frame>0</frame>
  <secondcategory>0</secondcategory>
  <juxian_liveid>0</juxian_liveid>
  <juxian_companyid>0</juxian_companyid>
  <juxian_type>0</juxian_type>
  <juxian_user></juxian_user>
  <state>0</state>
  <start>0</start>
  <end>0</end>
  <live_shareurl></live_shareurl>
  <juxian_sourceid>0</juxian_sourceid>
  <payaction>0</payaction>
  <pdf></pdf>
  <Parent>0</Parent>
  <pv_virtual>0</pv_virtual>
  <pv>9</pv>
  <SubTitle></SubTitle>
  <Weight>0</Weight>
  <Tag></Tag>
  <SetPublishDate></SetPublishDate>
  <Status2>0</Status2>
  <IsPhotoNews>0</IsPhotoNews>
  <process>0</process>
  <duration></duration>
  <baoliao_userid>0</baoliao_userid>
  <baoliao_ispublic>0</baoliao_ispublic>
  <baoliaostatus>0</baoliaostatus>
</root>
