<?xml version="1.0" encoding="utf-8"?>

<!--文章信息，创建时间：2019-2-27 15:44-->
<root>
  <ChannelID>16057</ChannelID>
  <Status>1</Status>
  <Title>媒体号注册须知</Title>
  <SubTitle></SubTitle>
  <PublishDate>1536907935</PublishDate>
  <Weight>0</Weight>
  <DocFrom></DocFrom>
  <IsPhotoNews>0</IsPhotoNews>
  <Summary></Summary>
  <Content>&lt;p&gt;媒体号注册须知&lt;/p&gt;</Content>
  <Photo></Photo>
  <Keyword></Keyword>
  <Tag></Tag>
  <SetPublishDate></SetPublishDate>
  <filename>notes</filename>
</root>
