<?xml version="1.0" encoding="utf-8"?>

<!--文章信息，创建时间：2019-12-11 18:5-->
<root>
  <ChannelID>14323</ChannelID>
  <Status>1</Status>
  <TotalPage>1</TotalPage>
  <Title>话题关注</Title>
  <SubTitle></SubTitle>
  <PublishDate>2018-06-27 12:23:00</PublishDate>
  <Weight></Weight>
  <DocFrom></DocFrom>
  <IsPhotoNews></IsPhotoNews>
  <Summary></Summary>
  <Content></Content>
  <Photo></Photo>
  <Keyword></Keyword>
  <Tag></Tag>
  <SetPublishDate></SetPublishDate>
  <userid>65</userid>
  <topiccategory>1019729</topiccategory>
  <siteflag>53</siteflag>
</root>
