<?xml version="1.0" encoding="utf-8"?>

<!--文章信息，创建时间：2019-2-27 15:44-->
<root>
  <ChannelID>15952</ChannelID>
  <Status>1</Status>
  <Title>jushilive</Title>
  <SubTitle></SubTitle>
  <PublishDate>1530791456</PublishDate>
  <Weight>0</Weight>
  <DocFrom></DocFrom>
  <IsPhotoNews>0</IsPhotoNews>
  <Summary></Summary>
  <Content></Content>
  <Photo></Photo>
  <Keyword></Keyword>
  <Tag></Tag>
  <SetPublishDate></SetPublishDate>
  <code>GYBTV1,Z8NY0sU</code>
  <name>深圳卫视,江苏广播</name>
  <start_time>2018-07-05 19:57:37.0</start_time>
  <end_time>2020-01-05 00:00:00.0</end_time>
</root>
