<?xml version="1.0" encoding="utf-8"?>

<!--文章信息，创建时间：2019-12-11 18:4-->
<root>
  <ChannelID>16316</ChannelID>
  <Status>1</Status>
  <TotalPage>1</TotalPage>
  <Title>直播</Title>
  <SubTitle></SubTitle>
  <PublishDate>2018-12-31 21:11:00</PublishDate>
  <Weight>0</Weight>
  <DocFrom></DocFrom>
  <IsPhotoNews>0</IsPhotoNews>
  <Summary></Summary>
  <Content></Content>
  <Photo>/images/2019/1/24/20191241548312123767_63.png</Photo>
  <Keyword></Keyword>
  <Tag></Tag>
  <SetPublishDate></SetPublishDate>
  <href>/a/b/channel_list_1_0.json</href>
  <column_href>/a/b/channel_list_1_0.json</column_href>
  <column_id>15904</column_id>
  <company>0</company>
  <baoliao>0</baoliao>
  <type>0</type>
</root>
