<?xml version="1.0" encoding="utf-8"?>

<!--文章信息，创建时间：2019-2-27 15:44-->
<root>
  <ChannelID>15955</ChannelID>
  <Status>1</Status>
  <Title>聚视演示版</Title>
  <SubTitle></SubTitle>
  <PublishDate>1529928038</PublishDate>
  <Weight>0</Weight>
  <DocFrom></DocFrom>
  <IsPhotoNews>0</IsPhotoNews>
  <Summary></Summary>
  <Content></Content>
  <Photo>/images/2018/11/7/20181171541563990789_9.jpg</Photo>
  <siteflag>53</siteflag>
  <Keyword></Keyword>
  <Tag></Tag>
  <SetPublishDate></SetPublishDate>
  <customcategory>1</customcategory>
  <juxiancreate>1</juxiancreate>
  <showtype>0</showtype>
  <showcomment>0</showcomment>
  <allowcomment>0</allowcomment>
  <showtime>0</showtime>
  <showread>0</showread>
  <showcommunity>0</showcommunity>
  <third_option>1,2,3</third_option>
</root>
