<?xml version="1.0" encoding="utf-8"?>

<!--文章信息，创建时间：2019-12-11 18:4-->
<root>
  <ChannelID>16008</ChannelID>
  <Status>1</Status>
  <TotalPage>1</TotalPage>
  <item_type>2</item_type>
  <doc_type>4</doc_type>
  <content_type></content_type>
  <showbuttontitle>0</showbuttontitle>
  <Title>雨轩说事</Title>
  <PublishDate>2017-06-19 22:02:00</PublishDate>
  <DocFrom>雨轩说事</DocFrom>
  <Summary></Summary>
  <Content></Content>
  <Keyword></Keyword>
  <Photo4></Photo4>
  <Photo>http://juxian.juyun.tv/images/videoqg.jpg</Photo>
  <Photo2></Photo2>
  <Photo3></Photo3>
  <videoid>0</videoid>
  <videosource></videosource>
  <videourl></videourl>
  <isAudio></isAudio>
  <anuor></anuor>
  <mediatype>0</mediatype>
  <td_liveid></td_liveid>
  <epgchannelid>0</epgchannelid>
  <jumptype></jumptype>
  <href_app></href_app>
  <frame></frame>
  <secondcategory></secondcategory>
  <juxian_liveid>10607</juxian_liveid>
  <juxian_companyid>1613</juxian_companyid>
  <juxian_type>3</juxian_type>
  <juxian_user>18800000000</juxian_user>
  <state>0</state>
  <start>1530172860</start>
  <end>0</end>
  <live_shareurl>http://juxian.juyun.tv/live.php?id=10607</live_shareurl>
  <juxian_sourceid>0</juxian_sourceid>
  <payaction>0</payaction>
  <pdf></pdf>
  <Parent>0</Parent>
  <pv_virtual></pv_virtual>
  <pv></pv>
  <SubTitle></SubTitle>
  <Weight>0</Weight>
  <Tag></Tag>
  <SetPublishDate></SetPublishDate>
  <Status2></Status2>
  <IsPhotoNews>0</IsPhotoNews>
  <process></process>
  <duration></duration>
  <baoliao_userid>0</baoliao_userid>
  <baoliao_ispublic>1</baoliao_ispublic>
  <baoliaostatus>0</baoliaostatus>
  <interior_type>0</interior_type>
  <interior_id></interior_id>
  <allowcomment>1</allowcomment>
  <showread>1</showread>
  <phone></phone>
  <zan_virtual_num></zan_virtual_num>
  <allowadvert>1</allowadvert>
  <baoliao_localtion></baoliao_localtion>
  <jd></jd>
  <wd></wd>
  <showbaoliaouser>0</showbaoliaouser>
  <baoliao_photo2></baoliao_photo2>
  <baoliao_photo3></baoliao_photo3>
  <baoliao_photo4></baoliao_photo4>
  <baoliao_photo5></baoliao_photo5>
  <baoliao_photo6></baoliao_photo6>
  <baoliao_photo7></baoliao_photo7>
  <baoliao_photo8></baoliao_photo8>
  <baoliao_photo9></baoliao_photo9>
  <baoliao>0</baoliao>
  <wenzheng>0</wenzheng>
</root>
