<?xml version="1.0" encoding="utf-8"?>

<!--文章信息，创建时间：2019-2-27 15:44-->
<root>
  <ChannelID>16059</ChannelID>
  <Status>1</Status>
  <Title>聚视演示版</Title>
  <SubTitle></SubTitle>
  <PublishDate>1536838629</PublishDate>
  <Weight>0</Weight>
  <DocFrom></DocFrom>
  <IsPhotoNews>0</IsPhotoNews>
  <logo>/images/2018/9/13/20189131536838639062_8.png</logo>
  <Summary>聚视客户端是泰德网聚官方客户端，重大新闻权威发布，突发事件及时报道，关心百姓，感受民生，见证泰德发展，给您身边最及时有用的新闻！丰富的新闻资讯、预告、搜索、和分享服务，全天滚动更新，让你随时随地获取新闻资讯。</Summary>
  <Content>&lt;p style="text-align: center;"&gt;&lt;img src="https://www.pgyer.com/app/qrcodeHistory/6f2fbc437a8a749e3063c0e46ccdd2df6be4ba2f4ea5d3e8111834aa65e9bafe"/&gt;&lt;/p&gt;</Content>
  <Keyword></Keyword>
  <Tag></Tag>
  <SetPublishDate></SetPublishDate>
  <Photo>/images/2018/9/13/20189131536838679341_8.png</Photo>
  <pcphoto>/images/2018/9/13/20189131536838685183_8.png</pcphoto>
  <pcleft>/images/2018/9/13/20189131536838692812_8.png</pcleft>
  <androidhref>http://39.107.232.220:3680/Agreement/share//share_pc.html</androidhref>
  <applehref>http://39.107.232.220:3680/Agreement/share//share_app.html</applehref>
  <filename></filename>
</root>
