<?xml version="1.0" encoding="utf-8"?>

<!--文章信息，创建时间：2019-2-27 16:27-->
<root>
  <ChannelID>16000</ChannelID>
  <Status>1</Status>
  <item_type>2</item_type>
  <doc_type>0</doc_type>
  <content_type>政策解读</content_type>
  <showbuttontitle>0</showbuttontitle>
  <Title>简化交易流程　提高交易效率　房屋交易服务再提升</Title>
  <PublishDate>1530512228</PublishDate>
  <DocFrom></DocFrom>
  <Summary></Summary>
  <Content>&lt;p&gt;　　为了进一步落实市委市政府关于“改革优化营商环境”部署和要求，为交易当事人提供更加便捷高效的服务，市住房城乡建设委坚持高点站位、落实“四个意识”，兼顾办事效率和交易安全，大幅简化交易手续。市住房城乡建设委会同市规划国土委发布了《关于进一步优化营商环境简化房屋交易流程的通知》(下称“通知”)，大幅压缩购房资格审核时限，取消房源核验和强制存量房资金监管。&lt;/p&gt;&lt;p&gt;　　通知规定，购房资格审核时限缩短为1个工作日。居民家庭申请购房资格审核，于申请日的下一工作日出具审核结果。&lt;/p&gt;&lt;p&gt;　　通知要求，取消房源核验和强制存量房资金监管，调整为提供房屋信息查询和存量房资金托管服务。交易当事人可根据需要自行选择到不动产登记部门或房屋交易管理部门查询房屋信息；也可自行选择是否托管资金及托管方式。&lt;/p&gt;&lt;p&gt;　　通知自发布之日起执行。据了解，为配合新政落地，市住房城乡建设委正会同相关部门，进行相关业务系统调整，并将逐步调整到位。&lt;/p&gt;&lt;p&gt;&lt;br/&gt;&lt;/p&gt;</Content>
  <Keyword>交易,房屋交易,服务,简化,流程</Keyword>
  <Photo4>/images/2018/7/2/2018721530512317196_49_t1080.png</Photo4>
  <Photo></Photo>
  <Photo2></Photo2>
  <Photo3></Photo3>
  <videoid>0</videoid>
  <videosource></videosource>
  <videourl></videourl>
  <isAudio>0</isAudio>
  <anuor></anuor>
  <mediatype>0</mediatype>
  <td_liveid></td_liveid>
  <epgchannelid>0</epgchannelid>
  <jumptype>0</jumptype>
  <href_app></href_app>
  <frame>0</frame>
  <secondcategory>0</secondcategory>
  <juxian_liveid>0</juxian_liveid>
  <juxian_companyid>0</juxian_companyid>
  <juxian_type>0</juxian_type>
  <juxian_user></juxian_user>
  <state>0</state>
  <start>0</start>
  <end>0</end>
  <live_shareurl></live_shareurl>
  <juxian_sourceid>0</juxian_sourceid>
  <payaction>0</payaction>
  <pdf></pdf>
  <Parent>0</Parent>
  <pv_virtual>0</pv_virtual>
  <pv>0</pv>
  <SubTitle></SubTitle>
  <Weight>0</Weight>
  <Tag></Tag>
  <SetPublishDate></SetPublishDate>
  <Status2>0</Status2>
  <IsPhotoNews>0</IsPhotoNews>
  <process>0</process>
  <duration></duration>
  <baoliao_userid>0</baoliao_userid>
  <baoliao_ispublic>0</baoliao_ispublic>
  <baoliaostatus>0</baoliaostatus>
</root>
