<?xml version="1.0" encoding="utf-8"?>

<!--文章信息，创建时间：2019-2-27 16:22-->
<root>
  <ChannelID>15903</ChannelID>
  <Status>1</Status>
  <item_type>3</item_type>
  <doc_type>0</doc_type>
  <content_type>已回复</content_type>
  <showbuttontitle>0</showbuttontitle>
  <Title>大川滨水城业主已经入住 希望就近建设公交站台</Title>
  <PublishDate>1530533367</PublishDate>
  <DocFrom></DocFrom>
  <Summary></Summary>
  <Content>&lt;p&gt;诉求主题：江北区宏桂路3号，目前大川滨水城已经入住，一直没有公交车站，市民出行不方便！望小区门口或就近建立公交站，方便市民出行，非常非常非常谢谢！&lt;/p&gt;&lt;p&gt;&lt;img src="/images/2018/7/4/2018741530682196101_49.jpg"/&gt;&lt;/p&gt;&lt;p&gt;回复单位：江北区交委&lt;/p&gt;&lt;p&gt;关于“建议在江北区大川滨水城小区附近设立公交站”的问题，我委立即进行了调查，现将情况回复如下：&lt;/p&gt;&lt;p&gt;目前，虽有546、615早高峰大站车两条公交线路经过大川滨水城，但并未在此处设立公交站。按照渝道运发[2007]2号文件相关规定，设置、调整和撤销公交站点由公安交管部门负责，同时还应符合文件规定的相关条件。&lt;/p&gt;&lt;p&gt;经我委与相关部门联系了解到：公交站点设置的首要条件是确保停靠安全且不影响道路交通通畅，方便该片区群众换乘出行。该处位于长下坡路段，道路较窄且伴有急弯，设立站点将会造成该路段的交通拥堵，并存在较大的安全隐患，所以不符合设立站点的条件。但考虑到该片区居民的出行需求迫切，公交公司根据“即停即走”的原则在此处临时设立了546招呼站，方便该片区群众换乘出行。&lt;/p&gt;&lt;p&gt;我委工作人员已经详细情况通过电话回复给了诉求人，诉求人表示理解与感谢&lt;/p&gt;&lt;p&gt;&lt;br/&gt;&lt;/p&gt;</Content>
  <Keyword></Keyword>
  <Photo4></Photo4>
  <Photo></Photo>
  <Photo2></Photo2>
  <Photo3></Photo3>
  <videoid>0</videoid>
  <videosource></videosource>
  <videourl></videourl>
  <isAudio>0</isAudio>
  <anuor></anuor>
  <mediatype>0</mediatype>
  <td_liveid></td_liveid>
  <epgchannelid>0</epgchannelid>
  <jumptype>0</jumptype>
  <href_app></href_app>
  <frame>0</frame>
  <secondcategory>0</secondcategory>
  <juxian_liveid>0</juxian_liveid>
  <juxian_companyid>0</juxian_companyid>
  <juxian_type>0</juxian_type>
  <juxian_user></juxian_user>
  <state>0</state>
  <start>0</start>
  <end>0</end>
  <live_shareurl></live_shareurl>
  <juxian_sourceid>0</juxian_sourceid>
  <payaction>0</payaction>
  <pdf></pdf>
  <Parent>0</Parent>
  <pv_virtual>0</pv_virtual>
  <pv>12</pv>
  <SubTitle></SubTitle>
  <Weight>0</Weight>
  <Tag></Tag>
  <SetPublishDate></SetPublishDate>
  <Status2>0</Status2>
  <IsPhotoNews>0</IsPhotoNews>
  <process>0</process>
  <duration></duration>
  <baoliao_userid>0</baoliao_userid>
  <baoliao_ispublic>0</baoliao_ispublic>
  <baoliaostatus>0</baoliaostatus>
</root>
