<?xml version="1.0" encoding="utf-8"?>

<!--文章信息，创建时间：2019-12-11 18:4-->
<root>
  <ChannelID>16331</ChannelID>
  <Status>1</Status>
  <TotalPage>1</TotalPage>
  <Title>泰德网聚</Title>
  <SubTitle></SubTitle>
  <PublishDate>2022-02-20 06:20:00</PublishDate>
  <Weight>0</Weight>
  <DocFrom></DocFrom>
  <IsPhotoNews>0</IsPhotoNews>
  <Summary>泰德网聚</Summary>
  <Content>&lt;p&gt;泰德网聚是一家企业&lt;/p&gt;</Content>
  <Photo>http://apphhplus.sxrtv.com/images/2019/7/1/2019711561964665770_16.jpg</Photo>
  <Keyword></Keyword>
  <Tag></Tag>
  <SetPublishDate></SetPublishDate>
</root>
