<?xml version="1.0" encoding="utf-8"?>

<!--文章信息，创建时间：2019-12-11 18:4-->
<root>
  <ChannelID>16331</ChannelID>
  <Status>1</Status>
  <TotalPage>1</TotalPage>
  <Title>孟珂</Title>
  <SubTitle></SubTitle>
  <PublishDate>2022-02-19 23:20:00</PublishDate>
  <Weight>0</Weight>
  <DocFrom></DocFrom>
  <IsPhotoNews>0</IsPhotoNews>
  <Summary>黄河+主持人</Summary>
  <Content></Content>
  <Photo></Photo>
  <Keyword></Keyword>
  <Tag></Tag>
  <SetPublishDate></SetPublishDate>
</root>
