<?xml version="1.0" encoding="utf-8"?>

<!--文章信息，创建时间：2019-12-11 18:4-->
<root>
  <ChannelID>16331</ChannelID>
  <Status>1</Status>
  <TotalPage>1</TotalPage>
  <Title>张靓婧</Title>
  <SubTitle></SubTitle>
  <PublishDate>2022-02-09 01:20:00</PublishDate>
  <Weight>0</Weight>
  <DocFrom></DocFrom>
  <IsPhotoNews>0</IsPhotoNews>
  <Summary>山西卫视主持人</Summary>
  <Content>&lt;p&gt;一等奖&lt;/p&gt;&lt;p&gt;二等奖&lt;/p&gt;&lt;p&gt;一等奖&lt;/p&gt;</Content>
  <Photo>http://app.sxrtv.com/images/2019/5/31/20195311559290014161_33_t1080.jpg</Photo>
  <Keyword></Keyword>
  <Tag></Tag>
  <SetPublishDate></SetPublishDate>
</root>
