<?xml version="1.0" encoding="utf-8"?>

<!--文章信息，创建时间：2019-12-11 18:5-->
<root>
  <ChannelID>14273</ChannelID>
  <Status>1</Status>
  <TotalPage>1</TotalPage>
  <Title>4967</Title>
  <SubTitle></SubTitle>
  <PublishDate>2018-05-15 03:34:00</PublishDate>
  <Weight></Weight>
  <DocFrom></DocFrom>
  <IsPhotoNews></IsPhotoNews>
  <Summary></Summary>
  <Content></Content>
  <Photo></Photo>
  <Keyword></Keyword>
  <Tag></Tag>
  <SetPublishDate></SetPublishDate>
  <Time>1541127534</Time>
  <Tel>15354185264</Tel>
  <siteflag>53</siteflag>
  <num></num>
</root>
