<?xml version="1.0" encoding="utf-8"?>

<!--文章信息，创建时间：2019-12-11 18:5-->
<root>
  <ChannelID>15926</ChannelID>
  <Status>1</Status>
  <TotalPage>1</TotalPage>
  <Title></Title>
  <SubTitle></SubTitle>
  <PublishDate>2017-08-25 18:20:00</PublishDate>
  <Weight>0</Weight>
  <DocFrom></DocFrom>
  <IsPhotoNews>0</IsPhotoNews>
  <Summary></Summary>
  <Content></Content>
  <Photo>/images/2018/9/14/20189141536927179782_1.png</Photo>
  <Keyword></Keyword>
  <Tag></Tag>
  <SetPublishDate></SetPublishDate>
  <href></href>
  <residencetime>5</residencetime>
  <gif></gif>
  <video></video>
  <type>1</type>
  <skip>1</skip>
  <countdown>1</countdown>
  <preloadPhoto></preloadPhoto>
</root>
