<?xml version="1.0" encoding="utf-8"?>

<!--文章信息，创建时间：2019-12-11 18:5-->
<root>
  <ChannelID>15932</ChannelID>
  <Status>1</Status>
  <TotalPage>1</TotalPage>
  <Title>钱包通知</Title>
  <PublishDate>2017-08-01 13:18:00</PublishDate>
  <messagetype>2</messagetype>
  <Photo>http://123.56.71.230:8004/images/2018/6/25/20186251529931300821_1.png</Photo>
  <Photo2>http://123.56.71.230:8004/images/2018/6/25/20186251529931308621_1.png</Photo2>
  <SubTitle></SubTitle>
  <Weight>0</Weight>
  <DocFrom></DocFrom>
  <IsPhotoNews>0</IsPhotoNews>
  <Summary></Summary>
  <Content></Content>
  <Keyword></Keyword>
  <Tag></Tag>
  <SetPublishDate></SetPublishDate>
</root>
