<?xml version="1.0" encoding="utf-8"?>

<!--频道结构信息，创建时间：2019-12-12 12:2-->
<root>
  <channel ListProgram="" DocumentProgram="" FolderName="/" Type="0" Id="15933" Name="网站管理" ImageFolderName="" SerialNo="s53_d" SiteID="53" AutoSerialNo="s53_d_g" IsDisplay="1" IsWeight="0" IsComment="0" IsClick="0" IsShowDraftNumber="0" Href="" Extra1="" ListJS="" DocumentJS="" TemplateInherit="0" Company="0" Application="web">
    <fields>
      <group id="8471" Name="内容编辑" Extra="" Url="" LinkChannel="0" Type="0"/>
      <field Name="Title" GroupID="8471" IsHide="0" DisableBlank="0" DisableEdit="0" Description="标题" FieldType="text" Options="" DefaultValue="" Other="" HtmlTemplate="" DictCode="" Size="0" Style="" RecommendChannel="" RecommendValue="" GroupChannel="" DataType="0" Caption="" RelationChannelID="0"/>
      <field Name="SubTitle" GroupID="8471" IsHide="1" DisableBlank="0" DisableEdit="0" Description="副标题" FieldType="text" Options="" DefaultValue="" Other="" HtmlTemplate="" DictCode="" Size="0" Style="" RecommendChannel="" RecommendValue="" GroupChannel="" DataType="0" Caption="" RelationChannelID="0"/>
      <field Name="PublishDate" GroupID="0" IsHide="0" DisableBlank="0" DisableEdit="0" Description="发布日期" FieldType="datetime" Options="" DefaultValue="" Other="" HtmlTemplate="" DictCode="" Size="0" Style="" RecommendChannel="" RecommendValue="" GroupChannel="" DataType="0" Caption="" RelationChannelID="0"/>
      <field Name="Weight" GroupID="0" IsHide="1" DisableBlank="0" DisableEdit="0" Description="权重" FieldType="text" Options="" DefaultValue="" Other="" HtmlTemplate="" DictCode="" Size="0" Style="" RecommendChannel="" RecommendValue="" GroupChannel="" DataType="0" Caption="" RelationChannelID="0"/>
      <field Name="DocFrom" GroupID="0" IsHide="0" DisableBlank="0" DisableEdit="0" Description="文章来源" FieldType="text" Options="" DefaultValue="" Other="" HtmlTemplate="" DictCode="" Size="0" Style="" RecommendChannel="" RecommendValue="" GroupChannel="" DataType="0" Caption="" RelationChannelID="0"/>
      <field Name="IsPhotoNews" GroupID="0" IsHide="0" DisableBlank="0" DisableEdit="0" Description="图片新闻" FieldType="checkbox" Options="" DefaultValue="" Other="" HtmlTemplate="" DictCode="" Size="0" Style="" RecommendChannel="" RecommendValue="" GroupChannel="" DataType="0" Caption="" RelationChannelID="0"/>
      <field Name="Summary" GroupID="0" IsHide="0" DisableBlank="0" DisableEdit="0" Description="摘要" FieldType="textarea" Options="" DefaultValue="" Other="" HtmlTemplate="" DictCode="" Size="0" Style="" RecommendChannel="" RecommendValue="" GroupChannel="" DataType="0" Caption="" RelationChannelID="0"/>
      <field Name="Content" GroupID="8471" IsHide="0" DisableBlank="0" DisableEdit="0" Description="内容" FieldType="textarea" Options="" DefaultValue="" Other="" HtmlTemplate="" DictCode="" Size="0" Style="" RecommendChannel="" RecommendValue="" GroupChannel="" DataType="0" Caption="" RelationChannelID="0"/>
      <field Name="Photo" GroupID="0" IsHide="0" DisableBlank="0" DisableEdit="0" Description="图片" FieldType="image" Options="" DefaultValue="" Other="" HtmlTemplate="" DictCode="" Size="0" Style="" RecommendChannel="" RecommendValue="" GroupChannel="" DataType="0" Caption="" RelationChannelID="0"/>
      <field Name="Keyword" GroupID="0" IsHide="1" DisableBlank="0" DisableEdit="0" Description="关键词" FieldType="text" Options="" DefaultValue="" Other="" HtmlTemplate="" DictCode="" Size="0" Style="" RecommendChannel="" RecommendValue="" GroupChannel="" DataType="0" Caption="" RelationChannelID="0"/>
      <field Name="Tag" GroupID="0" IsHide="1" DisableBlank="0" DisableEdit="0" Description="标签" FieldType="text" Options="" DefaultValue="" Other="" HtmlTemplate="" DictCode="" Size="0" Style="" RecommendChannel="" RecommendValue="" GroupChannel="" DataType="0" Caption="" RelationChannelID="0"/>
      <field Name="SetPublishDate" GroupID="0" IsHide="1" DisableBlank="0" DisableEdit="0" Description="定时发布" FieldType="text" Options="" DefaultValue="" Other="" HtmlTemplate="" DictCode="" Size="0" Style="" RecommendChannel="" RecommendValue="" GroupChannel="" DataType="0" Caption="" RelationChannelID="0"/>
      <field Name="Href" GroupID="8471" IsHide="0" DisableBlank="0" DisableEdit="0" Description="链接" FieldType="text" Options="" DefaultValue="" Other="null" HtmlTemplate="" DictCode="" Size="0" Style="null" RecommendChannel="" RecommendValue="" GroupChannel="" DataType="0" Caption="" RelationChannelID="0"/>
    </fields>
    <templates/>
    <page>
      <pageContent channelid="15934" pagename="首页" page_template_file_name="index.shtml" page_template_id="1512"><![CDATA[]]></pageContent>
    </page>
    <channel ListProgram="" DocumentProgram="" FolderName="a" Type="1" Id="15935" Name="轮播图" ImageFolderName="" SerialNo="s53_d_a" SiteID="53" AutoSerialNo="s53_d_a_a" IsDisplay="1" IsWeight="0" IsComment="0" IsClick="0" IsShowDraftNumber="0" Href="" Extra1="" ListJS="" DocumentJS="" TemplateInherit="1" Company="0" Application="">
      <templates>
        <template TemplateID="1495" ChannelID="15935" LinkTemplate="0" Charset="" RowsPerPage="0" SubFolderType="0" TemplateType="3" FileNameType="0" FileNameField="" Rows="0" WhereSql="" Lable="" TitleWord="0" Href="" PublishInterval="0" IncludeChildChannel="0" IsInherit="0" TargetName="banner.html"/>
      </templates>
    </channel>
    <channel ListProgram="" DocumentProgram="" FolderName="b" Type="1" Id="15936" Name="首页新闻" ImageFolderName="" SerialNo="s53_d_b" SiteID="53" AutoSerialNo="s53_d_b_d" IsDisplay="1" IsWeight="0" IsComment="0" IsClick="0" IsShowDraftNumber="0" Href="" Extra1="" ListJS="" DocumentJS="" TemplateInherit="0" Company="0" Application="">
      <templates/>
      <channel ListProgram="" DocumentProgram="" FolderName="a" Type="1" Id="15937" Name="第一条新闻" ImageFolderName="" SerialNo="s53_d_b_a" SiteID="53" AutoSerialNo="s53_d_b_a_a" IsDisplay="1" IsWeight="0" IsComment="0" IsClick="0" IsShowDraftNumber="0" Href="" Extra1="" ListJS="" DocumentJS="" TemplateInherit="1" Company="0" Application="">
        <templates>
          <template TemplateID="1506" ChannelID="15937" LinkTemplate="0" Charset="" RowsPerPage="0" SubFolderType="0" TemplateType="3" FileNameType="0" FileNameField="" Rows="0" WhereSql="" Lable="" TitleWord="0" Href="" PublishInterval="0" IncludeChildChannel="0" IsInherit="0" TargetName="news.html"/>
        </templates>
      </channel>
      <channel ListProgram="" DocumentProgram="" FolderName="b" Type="0" Id="15938" Name="文字新闻" ImageFolderName="" SerialNo="s53_d_b_b" SiteID="53" AutoSerialNo="s53_d_b_b_a" IsDisplay="1" IsWeight="0" IsComment="0" IsClick="0" IsShowDraftNumber="0" Href="" Extra1="" ListJS="" DocumentJS="" TemplateInherit="0" Company="0" Application="">
        <fields>
          <group id="8473" Name="内容编辑" Extra="" Url="" LinkChannel="0" Type="0"/>
          <field Name="Title" GroupID="8473" IsHide="0" DisableBlank="0" DisableEdit="0" Description="标题" FieldType="text" Options="" DefaultValue="" Other="" HtmlTemplate="" DictCode="" Size="0" Style="" RecommendChannel="" RecommendValue="" GroupChannel="" DataType="0" Caption="" RelationChannelID="0"/>
          <field Name="SubTitle" GroupID="8473" IsHide="1" DisableBlank="0" DisableEdit="0" Description="副标题" FieldType="text" Options="" DefaultValue="" Other="" HtmlTemplate="" DictCode="" Size="0" Style="" RecommendChannel="" RecommendValue="" GroupChannel="" DataType="0" Caption="" RelationChannelID="0"/>
          <field Name="PublishDate" GroupID="0" IsHide="0" DisableBlank="0" DisableEdit="0" Description="发布日期" FieldType="datetime" Options="" DefaultValue="" Other="" HtmlTemplate="" DictCode="" Size="0" Style="" RecommendChannel="" RecommendValue="" GroupChannel="" DataType="0" Caption="" RelationChannelID="0"/>
          <field Name="Weight" GroupID="0" IsHide="1" DisableBlank="0" DisableEdit="0" Description="权重" FieldType="text" Options="" DefaultValue="" Other="" HtmlTemplate="" DictCode="" Size="0" Style="" RecommendChannel="" RecommendValue="" GroupChannel="" DataType="0" Caption="" RelationChannelID="0"/>
          <field Name="DocFrom" GroupID="0" IsHide="0" DisableBlank="0" DisableEdit="0" Description="文章来源" FieldType="text" Options="" DefaultValue="" Other="" HtmlTemplate="" DictCode="" Size="0" Style="" RecommendChannel="" RecommendValue="" GroupChannel="" DataType="0" Caption="" RelationChannelID="0"/>
          <field Name="IsPhotoNews" GroupID="0" IsHide="0" DisableBlank="0" DisableEdit="0" Description="图片新闻" FieldType="checkbox" Options="" DefaultValue="" Other="" HtmlTemplate="" DictCode="" Size="0" Style="" RecommendChannel="" RecommendValue="" GroupChannel="" DataType="0" Caption="" RelationChannelID="0"/>
          <field Name="Summary" GroupID="0" IsHide="0" DisableBlank="0" DisableEdit="0" Description="摘要" FieldType="textarea" Options="" DefaultValue="" Other="" HtmlTemplate="" DictCode="" Size="0" Style="" RecommendChannel="" RecommendValue="" GroupChannel="" DataType="0" Caption="" RelationChannelID="0"/>
          <field Name="Content" GroupID="8473" IsHide="0" DisableBlank="0" DisableEdit="0" Description="内容" FieldType="textarea" Options="" DefaultValue="" Other="" HtmlTemplate="" DictCode="" Size="0" Style="" RecommendChannel="" RecommendValue="" GroupChannel="" DataType="0" Caption="" RelationChannelID="0"/>
          <field Name="Photo" GroupID="0" IsHide="0" DisableBlank="0" DisableEdit="0" Description="图片" FieldType="image" Options="" DefaultValue="" Other="" HtmlTemplate="" DictCode="" Size="0" Style="" RecommendChannel="" RecommendValue="" GroupChannel="" DataType="0" Caption="" RelationChannelID="0"/>
          <field Name="Keyword" GroupID="0" IsHide="1" DisableBlank="0" DisableEdit="0" Description="关键词" FieldType="text" Options="" DefaultValue="" Other="" HtmlTemplate="" DictCode="" Size="0" Style="" RecommendChannel="" RecommendValue="" GroupChannel="" DataType="0" Caption="" RelationChannelID="0"/>
          <field Name="Tag" GroupID="0" IsHide="1" DisableBlank="0" DisableEdit="0" Description="标签" FieldType="text" Options="" DefaultValue="" Other="" HtmlTemplate="" DictCode="" Size="0" Style="" RecommendChannel="" RecommendValue="" GroupChannel="" DataType="0" Caption="" RelationChannelID="0"/>
          <field Name="SetPublishDate" GroupID="0" IsHide="1" DisableBlank="0" DisableEdit="0" Description="定时发布" FieldType="text" Options="" DefaultValue="" Other="" HtmlTemplate="" DictCode="" Size="0" Style="" RecommendChannel="" RecommendValue="" GroupChannel="" DataType="0" Caption="" RelationChannelID="0"/>
          <field Name="Href" GroupID="8473" IsHide="0" DisableBlank="0" DisableEdit="0" Description="链接" FieldType="text" Options="" DefaultValue="" Other="null" HtmlTemplate="" DictCode="" Size="0" Style="null" RecommendChannel="" RecommendValue="" GroupChannel="" DataType="0" Caption="" RelationChannelID="0"/>
          <field Name="type" GroupID="8473" IsHide="0" DisableBlank="0" DisableEdit="0" Description="文章类型" FieldType="radio" Options="图文(0)$tidemedia$视频(1)$tidemedia$" DefaultValue="" Other="null" HtmlTemplate="" DictCode="" Size="0" Style="null" RecommendChannel="" RecommendValue="" GroupChannel="" DataType="1" Caption="" RelationChannelID="0"/>
        </fields>
        <templates>
          <template TemplateID="1511" ChannelID="15938" LinkTemplate="0" Charset="" RowsPerPage="0" SubFolderType="0" TemplateType="3" FileNameType="0" FileNameField="" Rows="0" WhereSql="" Lable="" TitleWord="0" Href="" PublishInterval="0" IncludeChildChannel="0" IsInherit="0" TargetName="wznews.html"/>
        </templates>
      </channel>
      <channel ListProgram="" DocumentProgram="" FolderName="c" Type="0" Id="15939" Name="图片新闻" ImageFolderName="" SerialNo="s53_d_b_c" SiteID="53" AutoSerialNo="s53_d_b_c_a" IsDisplay="1" IsWeight="0" IsComment="0" IsClick="0" IsShowDraftNumber="0" Href="" Extra1="" ListJS="" DocumentJS="" TemplateInherit="0" Company="0" Application="">
        <fields>
          <group id="8475" Name="内容编辑" Extra="" Url="" LinkChannel="0" Type="0"/>
          <field Name="Title" GroupID="8475" IsHide="0" DisableBlank="0" DisableEdit="0" Description="标题" FieldType="text" Options="" DefaultValue="" Other="" HtmlTemplate="" DictCode="" Size="0" Style="" RecommendChannel="" RecommendValue="" GroupChannel="" DataType="0" Caption="" RelationChannelID="0"/>
          <field Name="SubTitle" GroupID="8475" IsHide="1" DisableBlank="0" DisableEdit="0" Description="副标题" FieldType="text" Options="" DefaultValue="" Other="" HtmlTemplate="" DictCode="" Size="0" Style="" RecommendChannel="" RecommendValue="" GroupChannel="" DataType="0" Caption="" RelationChannelID="0"/>
          <field Name="PublishDate" GroupID="0" IsHide="0" DisableBlank="0" DisableEdit="0" Description="发布日期" FieldType="datetime" Options="" DefaultValue="" Other="" HtmlTemplate="" DictCode="" Size="0" Style="" RecommendChannel="" RecommendValue="" GroupChannel="" DataType="0" Caption="" RelationChannelID="0"/>
          <field Name="Weight" GroupID="0" IsHide="1" DisableBlank="0" DisableEdit="0" Description="权重" FieldType="text" Options="" DefaultValue="" Other="" HtmlTemplate="" DictCode="" Size="0" Style="" RecommendChannel="" RecommendValue="" GroupChannel="" DataType="0" Caption="" RelationChannelID="0"/>
          <field Name="DocFrom" GroupID="0" IsHide="0" DisableBlank="0" DisableEdit="0" Description="文章来源" FieldType="text" Options="" DefaultValue="" Other="" HtmlTemplate="" DictCode="" Size="0" Style="" RecommendChannel="" RecommendValue="" GroupChannel="" DataType="0" Caption="" RelationChannelID="0"/>
          <field Name="IsPhotoNews" GroupID="0" IsHide="0" DisableBlank="0" DisableEdit="0" Description="图片新闻" FieldType="checkbox" Options="" DefaultValue="" Other="" HtmlTemplate="" DictCode="" Size="0" Style="" RecommendChannel="" RecommendValue="" GroupChannel="" DataType="0" Caption="" RelationChannelID="0"/>
          <field Name="Summary" GroupID="0" IsHide="0" DisableBlank="0" DisableEdit="0" Description="摘要" FieldType="textarea" Options="" DefaultValue="" Other="" HtmlTemplate="" DictCode="" Size="0" Style="" RecommendChannel="" RecommendValue="" GroupChannel="" DataType="0" Caption="" RelationChannelID="0"/>
          <field Name="Content" GroupID="8475" IsHide="0" DisableBlank="0" DisableEdit="0" Description="内容" FieldType="textarea" Options="" DefaultValue="" Other="" HtmlTemplate="" DictCode="" Size="0" Style="" RecommendChannel="" RecommendValue="" GroupChannel="" DataType="0" Caption="" RelationChannelID="0"/>
          <field Name="Photo" GroupID="0" IsHide="0" DisableBlank="0" DisableEdit="0" Description="图片" FieldType="image" Options="" DefaultValue="" Other="" HtmlTemplate="" DictCode="" Size="0" Style="" RecommendChannel="" RecommendValue="" GroupChannel="" DataType="0" Caption="" RelationChannelID="0"/>
          <field Name="Keyword" GroupID="0" IsHide="1" DisableBlank="0" DisableEdit="0" Description="关键词" FieldType="text" Options="" DefaultValue="" Other="" HtmlTemplate="" DictCode="" Size="0" Style="" RecommendChannel="" RecommendValue="" GroupChannel="" DataType="0" Caption="" RelationChannelID="0"/>
          <field Name="Tag" GroupID="0" IsHide="1" DisableBlank="0" DisableEdit="0" Description="标签" FieldType="text" Options="" DefaultValue="" Other="" HtmlTemplate="" DictCode="" Size="0" Style="" RecommendChannel="" RecommendValue="" GroupChannel="" DataType="0" Caption="" RelationChannelID="0"/>
          <field Name="SetPublishDate" GroupID="0" IsHide="1" DisableBlank="0" DisableEdit="0" Description="定时发布" FieldType="text" Options="" DefaultValue="" Other="" HtmlTemplate="" DictCode="" Size="0" Style="" RecommendChannel="" RecommendValue="" GroupChannel="" DataType="0" Caption="" RelationChannelID="0"/>
          <field Name="Href" GroupID="8475" IsHide="0" DisableBlank="0" DisableEdit="0" Description="链接" FieldType="text" Options="" DefaultValue="" Other="null" HtmlTemplate="" DictCode="" Size="0" Style="null" RecommendChannel="" RecommendValue="" GroupChannel="" DataType="0" Caption="" RelationChannelID="0"/>
        </fields>
        <templates>
          <template TemplateID="1507" ChannelID="15939" LinkTemplate="0" Charset="" RowsPerPage="0" SubFolderType="0" TemplateType="3" FileNameType="0" FileNameField="" Rows="0" WhereSql="" Lable="" TitleWord="0" Href="" PublishInterval="0" IncludeChildChannel="0" IsInherit="0" TargetName="picnews.html"/>
        </templates>
      </channel>
    </channel>
    <channel ListProgram="" DocumentProgram="" FolderName="e" Type="0" Id="15940" Name="底部栏" ImageFolderName="" SerialNo="s53_d_c" SiteID="53" AutoSerialNo="s53_d_c_a" IsDisplay="1" IsWeight="0" IsComment="0" IsClick="0" IsShowDraftNumber="0" Href="" Extra1="" ListJS="" DocumentJS="" TemplateInherit="0" Company="0" Application="">
      <fields>
        <group id="8477" Name="内容编辑" Extra="" Url="" LinkChannel="0" Type="0"/>
        <field Name="Title" GroupID="8477" IsHide="0" DisableBlank="0" DisableEdit="0" Description="标题" FieldType="text" Options="" DefaultValue="" Other="" HtmlTemplate="" DictCode="" Size="0" Style="" RecommendChannel="" RecommendValue="" GroupChannel="" DataType="0" Caption="" RelationChannelID="0"/>
        <field Name="PublishDate" GroupID="0" IsHide="0" DisableBlank="0" DisableEdit="0" Description="发布日期" FieldType="datetime" Options="" DefaultValue="" Other="" HtmlTemplate="" DictCode="" Size="0" Style="" RecommendChannel="" RecommendValue="" GroupChannel="" DataType="0" Caption="" RelationChannelID="0"/>
        <field Name="DocFrom" GroupID="0" IsHide="0" DisableBlank="0" DisableEdit="0" Description="文章来源" FieldType="text" Options="" DefaultValue="" Other="" HtmlTemplate="" DictCode="" Size="0" Style="" RecommendChannel="" RecommendValue="" GroupChannel="" DataType="0" Caption="" RelationChannelID="0"/>
        <field Name="Content" GroupID="8477" IsHide="0" DisableBlank="0" DisableEdit="0" Description="内容" FieldType="textarea" Options="" DefaultValue="" Other="" HtmlTemplate="" DictCode="" Size="0" Style="" RecommendChannel="" RecommendValue="" GroupChannel="" DataType="0" Caption="" RelationChannelID="0"/>
        <field Name="IsPhotoNews" GroupID="8477" IsHide="1" DisableBlank="0" DisableEdit="0" Description="图片新闻" FieldType="checkbox" Options="" DefaultValue="" Other="" HtmlTemplate="" DictCode="" Size="0" Style="" RecommendChannel="" RecommendValue="" GroupChannel="" DataType="0" Caption="" RelationChannelID="0"/>
        <field Name="SubTitle" GroupID="8477" IsHide="1" DisableBlank="0" DisableEdit="0" Description="副标题" FieldType="text" Options="" DefaultValue="" Other="" HtmlTemplate="" DictCode="" Size="0" Style="" RecommendChannel="" RecommendValue="" GroupChannel="" DataType="0" Caption="" RelationChannelID="0"/>
        <field Name="Weight" GroupID="0" IsHide="1" DisableBlank="0" DisableEdit="0" Description="权重" FieldType="text" Options="" DefaultValue="" Other="" HtmlTemplate="" DictCode="" Size="0" Style="" RecommendChannel="" RecommendValue="" GroupChannel="" DataType="0" Caption="" RelationChannelID="0"/>
        <field Name="Summary" GroupID="8477" IsHide="1" DisableBlank="0" DisableEdit="0" Description="摘要" FieldType="textarea" Options="" DefaultValue="" Other="" HtmlTemplate="" DictCode="" Size="0" Style="" RecommendChannel="" RecommendValue="" GroupChannel="" DataType="0" Caption="" RelationChannelID="0"/>
        <field Name="Photo" GroupID="8477" IsHide="1" DisableBlank="0" DisableEdit="0" Description="图片" FieldType="image" Options="" DefaultValue="" Other="" HtmlTemplate="" DictCode="" Size="0" Style="" RecommendChannel="" RecommendValue="" GroupChannel="" DataType="0" Caption="" RelationChannelID="0"/>
        <field Name="Keyword" GroupID="0" IsHide="1" DisableBlank="0" DisableEdit="0" Description="关键词" FieldType="text" Options="" DefaultValue="" Other="" HtmlTemplate="" DictCode="" Size="0" Style="" RecommendChannel="" RecommendValue="" GroupChannel="" DataType="0" Caption="" RelationChannelID="0"/>
        <field Name="Tag" GroupID="0" IsHide="1" DisableBlank="0" DisableEdit="0" Description="标签" FieldType="text" Options="" DefaultValue="" Other="" HtmlTemplate="" DictCode="" Size="0" Style="" RecommendChannel="" RecommendValue="" GroupChannel="" DataType="0" Caption="" RelationChannelID="0"/>
        <field Name="SetPublishDate" GroupID="0" IsHide="1" DisableBlank="0" DisableEdit="0" Description="定时发布" FieldType="text" Options="" DefaultValue="" Other="" HtmlTemplate="" DictCode="" Size="0" Style="" RecommendChannel="" RecommendValue="" GroupChannel="" DataType="0" Caption="" RelationChannelID="0"/>
      </fields>
      <templates>
        <template TemplateID="1496" ChannelID="15940" LinkTemplate="0" Charset="" RowsPerPage="0" SubFolderType="0" TemplateType="2" FileNameType="0" FileNameField="" Rows="0" WhereSql="" Lable="" TitleWord="0" Href="" PublishInterval="0" IncludeChildChannel="0" IsInherit="0" TargetName="pc_content.shtml"/>
        <template TemplateID="1498" ChannelID="15940" LinkTemplate="0" Charset="" RowsPerPage="0" SubFolderType="0" TemplateType="3" FileNameType="0" FileNameField="" Rows="0" WhereSql="" Lable="" TitleWord="0" Href="" PublishInterval="0" IncludeChildChannel="0" IsInherit="0" TargetName="footer.html"/>
      </templates>
    </channel>
    <channel ListProgram="" DocumentProgram="" FolderName="f" Type="0" Id="15941" Name="通栏广告" ImageFolderName="" SerialNo="s53_d_d" SiteID="53" AutoSerialNo="s53_d_d_a" IsDisplay="1" IsWeight="0" IsComment="0" IsClick="0" IsShowDraftNumber="0" Href="" Extra1="" ListJS="" DocumentJS="" TemplateInherit="0" Company="0" Application="">
      <fields>
        <group id="8479" Name="内容编辑" Extra="" Url="" LinkChannel="0" Type="0"/>
        <field Name="Title" GroupID="8479" IsHide="0" DisableBlank="0" DisableEdit="0" Description="标题" FieldType="text" Options="" DefaultValue="" Other="" HtmlTemplate="" DictCode="" Size="0" Style="" RecommendChannel="" RecommendValue="" GroupChannel="" DataType="0" Caption="" RelationChannelID="0"/>
        <field Name="SubTitle" GroupID="8479" IsHide="1" DisableBlank="0" DisableEdit="0" Description="副标题" FieldType="text" Options="" DefaultValue="" Other="" HtmlTemplate="" DictCode="" Size="0" Style="" RecommendChannel="" RecommendValue="" GroupChannel="" DataType="0" Caption="" RelationChannelID="0"/>
        <field Name="PublishDate" GroupID="0" IsHide="0" DisableBlank="0" DisableEdit="0" Description="发布日期" FieldType="datetime" Options="" DefaultValue="" Other="" HtmlTemplate="" DictCode="" Size="0" Style="" RecommendChannel="" RecommendValue="" GroupChannel="" DataType="0" Caption="" RelationChannelID="0"/>
        <field Name="Weight" GroupID="0" IsHide="1" DisableBlank="0" DisableEdit="0" Description="权重" FieldType="text" Options="" DefaultValue="" Other="" HtmlTemplate="" DictCode="" Size="0" Style="" RecommendChannel="" RecommendValue="" GroupChannel="" DataType="0" Caption="" RelationChannelID="0"/>
        <field Name="DocFrom" GroupID="0" IsHide="0" DisableBlank="0" DisableEdit="0" Description="文章来源" FieldType="text" Options="" DefaultValue="" Other="" HtmlTemplate="" DictCode="" Size="0" Style="" RecommendChannel="" RecommendValue="" GroupChannel="" DataType="0" Caption="" RelationChannelID="0"/>
        <field Name="IsPhotoNews" GroupID="0" IsHide="0" DisableBlank="0" DisableEdit="0" Description="图片新闻" FieldType="checkbox" Options="" DefaultValue="" Other="" HtmlTemplate="" DictCode="" Size="0" Style="" RecommendChannel="" RecommendValue="" GroupChannel="" DataType="0" Caption="" RelationChannelID="0"/>
        <field Name="Summary" GroupID="0" IsHide="0" DisableBlank="0" DisableEdit="0" Description="摘要" FieldType="textarea" Options="" DefaultValue="" Other="" HtmlTemplate="" DictCode="" Size="0" Style="" RecommendChannel="" RecommendValue="" GroupChannel="" DataType="0" Caption="" RelationChannelID="0"/>
        <field Name="Content" GroupID="8479" IsHide="0" DisableBlank="0" DisableEdit="0" Description="内容" FieldType="textarea" Options="" DefaultValue="" Other="" HtmlTemplate="" DictCode="" Size="0" Style="" RecommendChannel="" RecommendValue="" GroupChannel="" DataType="0" Caption="" RelationChannelID="0"/>
        <field Name="Photo" GroupID="0" IsHide="0" DisableBlank="0" DisableEdit="0" Description="图片" FieldType="image" Options="" DefaultValue="" Other="" HtmlTemplate="" DictCode="" Size="0" Style="" RecommendChannel="" RecommendValue="" GroupChannel="" DataType="0" Caption="" RelationChannelID="0"/>
        <field Name="Keyword" GroupID="0" IsHide="1" DisableBlank="0" DisableEdit="0" Description="关键词" FieldType="text" Options="" DefaultValue="" Other="" HtmlTemplate="" DictCode="" Size="0" Style="" RecommendChannel="" RecommendValue="" GroupChannel="" DataType="0" Caption="" RelationChannelID="0"/>
        <field Name="Tag" GroupID="0" IsHide="1" DisableBlank="0" DisableEdit="0" Description="标签" FieldType="text" Options="" DefaultValue="" Other="" HtmlTemplate="" DictCode="" Size="0" Style="" RecommendChannel="" RecommendValue="" GroupChannel="" DataType="0" Caption="" RelationChannelID="0"/>
        <field Name="SetPublishDate" GroupID="0" IsHide="1" DisableBlank="0" DisableEdit="0" Description="定时发布" FieldType="text" Options="" DefaultValue="" Other="" HtmlTemplate="" DictCode="" Size="0" Style="" RecommendChannel="" RecommendValue="" GroupChannel="" DataType="0" Caption="" RelationChannelID="0"/>
      </fields>
      <templates>
        <template TemplateID="1496" ChannelID="15941" LinkTemplate="0" Charset="" RowsPerPage="0" SubFolderType="0" TemplateType="2" FileNameType="0" FileNameField="" Rows="0" WhereSql="" Lable="" TitleWord="0" Href="" PublishInterval="0" IncludeChildChannel="0" IsInherit="0" TargetName="pc_content.shtml"/>
        <template TemplateID="1508" ChannelID="15941" LinkTemplate="0" Charset="" RowsPerPage="0" SubFolderType="0" TemplateType="3" FileNameType="0" FileNameField="" Rows="0" WhereSql="" Lable="" TitleWord="0" Href="" PublishInterval="0" IncludeChildChannel="0" IsInherit="0" TargetName="tl.html"/>
      </templates>
    </channel>
    <channel ListProgram="" DocumentProgram="" FolderName="c" Type="0" Id="15942" Name="底部栏文字" ImageFolderName="" SerialNo="s53_d_e" SiteID="53" AutoSerialNo="s53_d_e_a" IsDisplay="1" IsWeight="0" IsComment="0" IsClick="0" IsShowDraftNumber="0" Href="" Extra1="" ListJS="" DocumentJS="" TemplateInherit="0" Company="0" Application="">
      <fields>
        <group id="8481" Name="内容编辑" Extra="" Url="" LinkChannel="0" Type="0"/>
        <field Name="Title" GroupID="8481" IsHide="0" DisableBlank="0" DisableEdit="0" Description="标题" FieldType="text" Options="" DefaultValue="" Other="" HtmlTemplate="" DictCode="" Size="0" Style="" RecommendChannel="" RecommendValue="" GroupChannel="" DataType="0" Caption="" RelationChannelID="0"/>
        <field Name="SubTitle" GroupID="8481" IsHide="1" DisableBlank="0" DisableEdit="0" Description="副标题" FieldType="text" Options="" DefaultValue="" Other="" HtmlTemplate="" DictCode="" Size="0" Style="" RecommendChannel="" RecommendValue="" GroupChannel="" DataType="0" Caption="" RelationChannelID="0"/>
        <field Name="PublishDate" GroupID="0" IsHide="0" DisableBlank="0" DisableEdit="0" Description="发布日期" FieldType="datetime" Options="" DefaultValue="" Other="" HtmlTemplate="" DictCode="" Size="0" Style="" RecommendChannel="" RecommendValue="" GroupChannel="" DataType="0" Caption="" RelationChannelID="0"/>
        <field Name="Weight" GroupID="0" IsHide="1" DisableBlank="0" DisableEdit="0" Description="权重" FieldType="text" Options="" DefaultValue="" Other="" HtmlTemplate="" DictCode="" Size="0" Style="" RecommendChannel="" RecommendValue="" GroupChannel="" DataType="0" Caption="" RelationChannelID="0"/>
        <field Name="DocFrom" GroupID="0" IsHide="0" DisableBlank="0" DisableEdit="0" Description="文章来源" FieldType="text" Options="" DefaultValue="" Other="" HtmlTemplate="" DictCode="" Size="0" Style="" RecommendChannel="" RecommendValue="" GroupChannel="" DataType="0" Caption="" RelationChannelID="0"/>
        <field Name="IsPhotoNews" GroupID="0" IsHide="0" DisableBlank="0" DisableEdit="0" Description="图片新闻" FieldType="checkbox" Options="" DefaultValue="" Other="" HtmlTemplate="" DictCode="" Size="0" Style="" RecommendChannel="" RecommendValue="" GroupChannel="" DataType="0" Caption="" RelationChannelID="0"/>
        <field Name="Summary" GroupID="0" IsHide="0" DisableBlank="0" DisableEdit="0" Description="摘要" FieldType="textarea" Options="" DefaultValue="" Other="" HtmlTemplate="" DictCode="" Size="0" Style="" RecommendChannel="" RecommendValue="" GroupChannel="" DataType="0" Caption="" RelationChannelID="0"/>
        <field Name="Content" GroupID="8481" IsHide="0" DisableBlank="0" DisableEdit="0" Description="内容" FieldType="textarea" Options="" DefaultValue="" Other="" HtmlTemplate="" DictCode="" Size="0" Style="" RecommendChannel="" RecommendValue="" GroupChannel="" DataType="0" Caption="" RelationChannelID="0"/>
        <field Name="Photo" GroupID="0" IsHide="0" DisableBlank="0" DisableEdit="0" Description="图片" FieldType="image" Options="" DefaultValue="" Other="" HtmlTemplate="" DictCode="" Size="0" Style="" RecommendChannel="" RecommendValue="" GroupChannel="" DataType="0" Caption="" RelationChannelID="0"/>
        <field Name="Keyword" GroupID="0" IsHide="1" DisableBlank="0" DisableEdit="0" Description="关键词" FieldType="text" Options="" DefaultValue="" Other="" HtmlTemplate="" DictCode="" Size="0" Style="" RecommendChannel="" RecommendValue="" GroupChannel="" DataType="0" Caption="" RelationChannelID="0"/>
        <field Name="Tag" GroupID="0" IsHide="1" DisableBlank="0" DisableEdit="0" Description="标签" FieldType="text" Options="" DefaultValue="" Other="" HtmlTemplate="" DictCode="" Size="0" Style="" RecommendChannel="" RecommendValue="" GroupChannel="" DataType="0" Caption="" RelationChannelID="0"/>
        <field Name="SetPublishDate" GroupID="0" IsHide="1" DisableBlank="0" DisableEdit="0" Description="定时发布" FieldType="text" Options="" DefaultValue="" Other="" HtmlTemplate="" DictCode="" Size="0" Style="" RecommendChannel="" RecommendValue="" GroupChannel="" DataType="0" Caption="" RelationChannelID="0"/>
      </fields>
      <templates>
        <template TemplateID="1497" ChannelID="15942" LinkTemplate="0" Charset="" RowsPerPage="0" SubFolderType="0" TemplateType="3" FileNameType="0" FileNameField="" Rows="0" WhereSql="" Lable="" TitleWord="0" Href="" PublishInterval="0" IncludeChildChannel="0" IsInherit="0" TargetName="dlwz.html"/>
      </templates>
    </channel>
    <channel ListProgram="" DocumentProgram="" FolderName="d" Type="0" Id="16318" Name="一键换肤" ImageFolderName="" SerialNo="s53_d_f" SiteID="53" AutoSerialNo="s53_d_f_a" IsDisplay="1" IsWeight="0" IsComment="0" IsClick="0" IsShowDraftNumber="0" Href="" Extra1="" ListJS="" DocumentJS="" TemplateInherit="0" Company="0" Application="">
      <fields>
        <group id="8733" Name="内容编辑" Extra="" Url="" LinkChannel="0" Type="0"/>
        <field Name="Title" GroupID="8733" IsHide="0" DisableBlank="0" DisableEdit="0" Description="标题" FieldType="text" Options="" DefaultValue="" Other="" HtmlTemplate="" DictCode="" Size="0" Style="" RecommendChannel="" RecommendValue="" GroupChannel="" DataType="0" Caption="" RelationChannelID="0"/>
        <field Name="SubTitle" GroupID="8733" IsHide="1" DisableBlank="0" DisableEdit="0" Description="副标题" FieldType="text" Options="" DefaultValue="" Other="" HtmlTemplate="" DictCode="" Size="0" Style="" RecommendChannel="" RecommendValue="" GroupChannel="" DataType="0" Caption="" RelationChannelID="0"/>
        <field Name="PublishDate" GroupID="0" IsHide="0" DisableBlank="0" DisableEdit="0" Description="发布日期" FieldType="datetime" Options="" DefaultValue="" Other="" HtmlTemplate="" DictCode="" Size="0" Style="" RecommendChannel="" RecommendValue="" GroupChannel="" DataType="0" Caption="" RelationChannelID="0"/>
        <field Name="Weight" GroupID="0" IsHide="1" DisableBlank="0" DisableEdit="0" Description="权重" FieldType="text" Options="" DefaultValue="" Other="" HtmlTemplate="" DictCode="" Size="0" Style="" RecommendChannel="" RecommendValue="" GroupChannel="" DataType="0" Caption="" RelationChannelID="0"/>
        <field Name="DocFrom" GroupID="8733" IsHide="1" DisableBlank="0" DisableEdit="0" Description="文章来源" FieldType="text" Options="" DefaultValue="" Other="" HtmlTemplate="" DictCode="" Size="0" Style="" RecommendChannel="" RecommendValue="" GroupChannel="" DataType="0" Caption="" RelationChannelID="0"/>
        <field Name="IsPhotoNews" GroupID="8733" IsHide="1" DisableBlank="0" DisableEdit="0" Description="图片新闻" FieldType="checkbox" Options="" DefaultValue="" Other="" HtmlTemplate="" DictCode="" Size="0" Style="" RecommendChannel="" RecommendValue="" GroupChannel="" DataType="0" Caption="" RelationChannelID="0"/>
        <field Name="Summary" GroupID="8733" IsHide="1" DisableBlank="0" DisableEdit="0" Description="摘要" FieldType="textarea" Options="" DefaultValue="" Other="" HtmlTemplate="" DictCode="" Size="0" Style="" RecommendChannel="" RecommendValue="" GroupChannel="" DataType="0" Caption="" RelationChannelID="0"/>
        <field Name="Content" GroupID="8733" IsHide="1" DisableBlank="0" DisableEdit="0" Description="内容" FieldType="textarea" Options="" DefaultValue="" Other="" HtmlTemplate="" DictCode="" Size="0" Style="" RecommendChannel="" RecommendValue="" GroupChannel="" DataType="0" Caption="" RelationChannelID="0"/>
        <field Name="Photo" GroupID="8733" IsHide="1" DisableBlank="0" DisableEdit="0" Description="图片" FieldType="image" Options="" DefaultValue="" Other="" HtmlTemplate="" DictCode="" Size="0" Style="" RecommendChannel="" RecommendValue="" GroupChannel="" DataType="0" Caption="" RelationChannelID="0"/>
        <field Name="Keyword" GroupID="0" IsHide="1" DisableBlank="0" DisableEdit="0" Description="关键词" FieldType="text" Options="" DefaultValue="" Other="" HtmlTemplate="" DictCode="" Size="0" Style="" RecommendChannel="" RecommendValue="" GroupChannel="" DataType="0" Caption="" RelationChannelID="0"/>
        <field Name="Tag" GroupID="0" IsHide="1" DisableBlank="0" DisableEdit="0" Description="标签" FieldType="text" Options="" DefaultValue="" Other="" HtmlTemplate="" DictCode="" Size="0" Style="" RecommendChannel="" RecommendValue="" GroupChannel="" DataType="0" Caption="" RelationChannelID="0"/>
        <field Name="SetPublishDate" GroupID="0" IsHide="1" DisableBlank="0" DisableEdit="0" Description="定时发布" FieldType="text" Options="" DefaultValue="" Other="" HtmlTemplate="" DictCode="" Size="0" Style="" RecommendChannel="" RecommendValue="" GroupChannel="" DataType="0" Caption="" RelationChannelID="0"/>
        <field Name="style" GroupID="8733" IsHide="0" DisableBlank="0" DisableEdit="0" Description="网站风格" FieldType="radio" Options="默认(0)$tidemedia$网站变灰(1)$tidemedia$" DefaultValue="" Other="" HtmlTemplate="" DictCode="" Size="0" Style="" RecommendChannel="" RecommendValue="" GroupChannel="" DataType="1" Caption="" RelationChannelID="0"/>
      </fields>
      <templates>
        <template TemplateID="1639" ChannelID="16318" LinkTemplate="0" Charset="" RowsPerPage="0" SubFolderType="0" TemplateType="3" FileNameType="0" FileNameField="" Rows="8" WhereSql="" Lable="" TitleWord="0" Href="" PublishInterval="0" IncludeChildChannel="0" IsInherit="0" TargetName="skin.css"/>
      </templates>
    </channel>
  </channel>
  <template_files>
    <template_file id="1495" Name="轮播图" FileName="banner.html" Description="" Title=""><![CDATA[<div class="contmain_l fL">
            <ul id="imgs_cont1" class="clearfix">
#foreach( $item in $Controller.listTopItems(4))
                <li class="fL" gsregion="1" gssnapshot="0">
                    <a href="$item.getValue('Href')" title="$item.getHtmlTitle()" target="_blank"><img src="$item.getValue('Photo')" alt="$item.getHtmlTitle()" title="$item.getHtmlTitle()"/></a>     
                    <div class="ft">
                      <a href="$item.getValue('Href')" title="$item.getHtmlTitle()" target="_blank" class="t1">$item.getTitle()</a>
                      <a href="$item.getValue('Href')" class="t2">$item.getSummary()<span>[详情]</span></a>
                    </div>
                </li>
#end
            </ul>
            <ul id="icons_cont1" class="clearfix">
#set($i=1)
#foreach( $item in $Controller.listTopItems(4))
#if($i!=1)
#set($class="")
#else
#set($class="class='on'")
#end	
                    <li $class></li>
#set($i=$i+1)
#end
            </ul>
            <a rel="nofollow" href="javascript:void(0)" id="prevIcon1"></a>
            <a rel="nofollow" href="javascript:void(0)" id="nextIcon1"></a>
        </div>   ]]></template_file>
    <template_file id="1506" Name="第一条新闻" FileName="news.html" Description="" Title=""><![CDATA[#foreach( $item in $Controller.listTopItems(1))
<div class="hd clearfix"><a href="$item.getValue('Href')" title="$item.getHtmlTitle()" target="_blank">$item.getTitle(16)</a></div>
#end]]></template_file>
    <template_file id="1511" Name="文字新闻" FileName="wznews.html" Description="" Title=""><![CDATA[<ul class="news">
#foreach( $item in $Controller.listTopItems(10))
#if($item.getValue("type")==0)
     <li><i class="icon-img"></i><a href="$item.getValue('Href')" title="$item.getHtmlTitle()" target="_blank">$item.getTitle(18)</a></li>
#elseif($item.getValue("type")==1)
     <li><i class="icon-video"></i><a href="$item.getValue('Href')" title="$item.getHtmlTitle()" target="_blank">$item.getTitle(18)</a></li>
#else
     <li><a href="$item.getValue('Href')" title="$item.getHtmlTitle()" target="_blank">$item.getTitle(20)</a></li>
#end
#end
</ul>]]></template_file>
    <template_file id="1507" Name="图片新闻" FileName="picnews.html" Description="" Title=""><![CDATA[<ul>
#foreach( $item in $Controller.listTopItems(2))
                        <li><a href="$item.getValue('Href')" title="$item.getHtmlTitle()" target="_blank"><img src="$item.getValue('Photo')" alt="$item.getHtmlTitle()" title="$item.getHtmlTitle()"/></a><div class="title"><a href="$item.getValue('Href')" title="$item.getHtmlTitle()" target="_blank">$item.getTitle(10)</a></div></li>
#end
                    </ul>]]></template_file>
    <template_file id="1496" Name="内容页" FileName="pc_content.shtml" Description="" Title=""><![CDATA[<!DOCTYPE html PUBLIC "-//W3C//DTD XHTML 1.0 Transitional//EN" "http://www.w3.org/TR/xhtml1/DTD/xhtml1-transitional.dtd">
<html xmlns="http://www.w3.org/1999/xhtml" xml:lang="en">
<head>
	<meta http-equiv="Content-Type" content="text/html;charset=UTF-8">
	<title>$item.getTitle()_$channel.getName()_$channel.getSite().getName()</title>
	<link rel="stylesheet" type="text/css" href="/css/pc/base.css">
	<link rel="stylesheet" type="text/css" href="/css/pc/style.css">
        <script type="text/javascript" src="/js/pc/jquery.js"></script> 
        <script type="text/javascript" src="/js/pc/common.js"></script> 
        <script type="text/javascript" src="/js/videoPlayer.js"></script> 
</head>
<body>
<!--\#include virtual="/include/pc/header.shtml"-->
	<div class="wrap">
		<div class="content">
			<h3>$item.getTitle()</h1>
			<div class="assist">
                <span class="time">$item.FormatDate("yyyy年MM月dd日 HH:mm:ss",$item.getPublishDate())</span> #if($item.getValue("DocFrom")!="")| <span class="source">来源：$item.getValue("DocFrom")</span>#end
            </div>
            #if($item.getValue("videoid")!=""&&$item.getValue("videoid")!=0)
            #foreach($item2 in $item.getItemUtil().listChildItems($item.getIntValue("videoid"),4," limit 1"))
            #set($video_dest=$item2.getValue("Url"))
            <div class="player">
                <script>tide_player.showPlayer({video:"$video_dest",cover:"$item.getValue("Photo")",autoplay:"false",width:603,height:480});</script>
            </div>
            #end
            #elseif($item.getValue("videourl")!="")
             <div class="player">
                <script>tide_player.showPlayer({video:"$item.getValue("videourl")",cover:"$item.getValue("Photo")",autoplay:"false",width:1000,height:480});</script>
              </div>
            #end
            <div class="content_center">
                        $item.getContent()
                </div>
		</div>
	</div>
<!--\#include virtual="/include/pc/footer.shtml"-->
#if($channel.getParentChannel().getName()=="资源栏目")
<script>
set_class(".wrap_nav li a","on","$channel.getName()");
</script>e()");
</script>
#elseif($channel.getParentChannel().getParentChannel().getName()=="资源栏目")
<script>
set_class(".wrap_nav li a","on","$channel.getParentChannel().getName()");
</script>
#end
</body>
</html>
]]></template_file>
    <template_file id="1498" Name="底部" FileName="footer.html" Description="" Title=""><![CDATA[#set($i=0)
#foreach( $item in $Controller.listTopItems($rows))#if($i>0) | #end
<a href="$item.getFullHref()" title="$item.getHtmlTitle()" target="_blank">$item.getTitle()</a>
#set($i=$i+1)
#end]]></template_file>
    <template_file id="1508" Name="通栏广告" FileName="tl.html" Description="" Title=""><![CDATA[#foreach( $item in $Controller.listTopItems(1))
<div class="adv"><a href="$item.getFullHref()" title="$item.getHtmlTitle()" target="_blank"><img src="$item.getValue('Photo')" alt="$item.getHtmlTitle()" title="$item.getHtmlTitle()"/></a></div>
#end]]></template_file>
    <template_file id="1497" Name="底栏文字" FileName="dlwz.html" Description="" Title=""><![CDATA[#foreach( $item in $Controller.listTopItems(1))
$item.getContent()
#end]]></template_file>
    <template_file id="1639" Name="一键换肤" FileName="skin.css" Description="" Title=""><![CDATA[#foreach( $item in $Controller.listTopItems(1))
#if($item.getValue("style")==1)
html{
    FILTER: progid:DXImageTransform.Microsoft.BasicImage(grayscale=1);
    -webkit-filter: grayscale(1);
    -moz-filter: grayscale(100%);
    -ms-filter: grayscale(100%);
    -o-filter: grayscale(100%);
    BACKGROUND: #fff;
    COLOR: #000;
}
#else
html{}
#end
#end]]></template_file>
  </template_files>
</root>
