<?xml version="1.0" encoding="utf-8"?>

<!--文章信息，创建时间：2019-12-11 18:6-->
<root>
  <ChannelID>15929</ChannelID>
  <Status>1</Status>
  <TotalPage>1</TotalPage>
  <Title>帖子被评论和跟帖加分</Title>
  <SubTitle></SubTitle>
  <PublishDate>2017-08-01 01:14:00</PublishDate>
  <Weight>0</Weight>
  <DocFrom></DocFrom>
  <IsPhotoNews>0</IsPhotoNews>
  <Summary></Summary>
  <Content></Content>
  <Photo></Photo>
  <Keyword></Keyword>
  <Tag></Tag>
  <SetPublishDate></SetPublishDate>
  <ruletype>7</ruletype>
  <upcontrol>5</upcontrol>
  <scoreoperate>4</scoreoperate>
  <hour>1</hour>
  <extra_days>0</extra_days>
  <extra_score>0</extra_score>
</root>
