<?xml version="1.0" encoding="utf-8"?>

<!--文章信息，创建时间：2019-12-11 18:4-->
<root>
  <ChannelID>15981</ChannelID>
  <Status>1</Status>
  <TotalPage>1</TotalPage>
  <item_type>5</item_type>
  <doc_type>0</doc_type>
  <content_type></content_type>
  <showbuttontitle>0</showbuttontitle>
  <Title>终露笑容！阿根廷惊险晋级梅西心情好</Title>
  <PublishDate>2017-06-12 14:31:00</PublishDate>
  <DocFrom></DocFrom>
  <Summary></Summary>
  <Content>&lt;p&gt;北京时间6月27日，阿根廷2-1尼日利亚惊险晋级淘汰赛。赛后阿根廷巨星梅西展露笑颜。&lt;/p&gt;&lt;div&gt;&lt;img src="http://p3.ifengimg.com/a/2018_26/5b62fe177cee2cc_size181_w1024_h657.jpg"/&gt;&lt;/div&gt;&lt;p&gt;梅西高举双手庆祝胜利。&lt;/p&gt;&lt;div&gt;&lt;img src="http://p3.ifengimg.com/a/2018_26/2841cb6e136eae2_size168_w1024_h686.jpg"/&gt;&lt;/div&gt;&lt;p&gt;梅西终于露出笑容。&lt;/p&gt;&lt;div&gt;&lt;img src="http://p2.ifengimg.com/a/2018_26/b84f4864ae7c295_size175_w721_h1024.jpg"/&gt;&lt;/div&gt;&lt;p&gt;梅西心情大好。&lt;/p&gt;&lt;div&gt;&lt;img src="http://p1.ifengimg.com/a/2018_26/829608cbaaeadf6_size175_w725_h973.jpg"/&gt;&lt;/div&gt;&lt;p&gt;梅西。&lt;/p&gt;&lt;div&gt;&lt;img src="http://p1.ifengimg.com/a/2018_26/3a72992519b3bfd_size123_w1024_h683.jpg"/&gt;&lt;/div&gt;&lt;p&gt;鼓掌谢场。&lt;/p&gt;&lt;div&gt;&lt;img src="http://p1.ifengimg.com/a/2018_26/1a7cd2667e445a5_size80_w1024_h683.jpg"/&gt;&lt;/div&gt;&lt;p&gt;梅西。&lt;/p&gt;&lt;div&gt;&lt;img src="http://p0.ifengimg.com/a/2018_26/7a44a9bb5afb0dd_size131_w1024_h683.jpg"/&gt;&lt;/div&gt;&lt;p&gt;&lt;br/&gt;&lt;/p&gt;</Content>
  <Keyword>阿根廷,惊险,晋级,笑容,心情好</Keyword>
  <Photo4>/images/2018/6/27/20186271530098667486_49_t1080.jpg</Photo4>
  <Photo></Photo>
  <Photo2></Photo2>
  <Photo3></Photo3>
  <videoid>0</videoid>
  <videosource></videosource>
  <videourl></videourl>
  <isAudio>0</isAudio>
  <anuor></anuor>
  <mediatype>0</mediatype>
  <td_liveid></td_liveid>
  <epgchannelid>0</epgchannelid>
  <jumptype>0</jumptype>
  <href_app></href_app>
  <frame>0</frame>
  <secondcategory>0</secondcategory>
  <juxian_liveid>0</juxian_liveid>
  <juxian_companyid>0</juxian_companyid>
  <juxian_type>0</juxian_type>
  <juxian_user></juxian_user>
  <state>0</state>
  <start>0</start>
  <end>0</end>
  <live_shareurl></live_shareurl>
  <juxian_sourceid>0</juxian_sourceid>
  <payaction>0</payaction>
  <pdf></pdf>
  <Parent>0</Parent>
  <pv_virtual>0</pv_virtual>
  <pv>300</pv>
  <SubTitle></SubTitle>
  <Weight>0</Weight>
  <Tag></Tag>
  <SetPublishDate></SetPublishDate>
  <Status2>0</Status2>
  <IsPhotoNews>0</IsPhotoNews>
  <process>0</process>
  <duration></duration>
  <baoliao_userid>0</baoliao_userid>
  <baoliao_ispublic>1</baoliao_ispublic>
  <baoliaostatus>0</baoliaostatus>
  <interior_type>0</interior_type>
  <interior_id></interior_id>
  <allowcomment>1</allowcomment>
  <showread>1</showread>
  <phone></phone>
  <zan_virtual_num></zan_virtual_num>
  <allowadvert>1</allowadvert>
  <baoliao_localtion></baoliao_localtion>
  <jd></jd>
  <wd></wd>
  <showbaoliaouser>0</showbaoliaouser>
  <baoliao_photo2></baoliao_photo2>
  <baoliao_photo3></baoliao_photo3>
  <baoliao_photo4></baoliao_photo4>
  <baoliao_photo5></baoliao_photo5>
  <baoliao_photo6></baoliao_photo6>
  <baoliao_photo7></baoliao_photo7>
  <baoliao_photo8></baoliao_photo8>
  <baoliao_photo9></baoliao_photo9>
  <baoliao>0</baoliao>
  <wenzheng>0</wenzheng>
</root>
