<?xml version="1.0" encoding="utf-8"?>

<!--文章信息，创建时间：2019-12-11 18:4-->
<root>
  <ChannelID>15981</ChannelID>
  <Status>1</Status>
  <TotalPage>1</TotalPage>
  <item_type>1</item_type>
  <doc_type>0</doc_type>
  <content_type>图文</content_type>
  <showbuttontitle>0</showbuttontitle>
  <Title>北京图见|北京蓝天白云“霸屏”颜值爆表</Title>
  <PublishDate>2017-06-10 04:13:00</PublishDate>
  <DocFrom></DocFrom>
  <Summary></Summary>
  <Content>&lt;p style="white-space: normal;"&gt;6月27日，北京开启“晴晒”模式，蓝天白云下的京城处处风光绮丽。图像君向各位神勇的签约摄影师大大发起征稿，为广大网友奉上一篇精美的“蓝天盛宴”，不负美景不负卿呦！&lt;/p&gt;&lt;p style="white-space: normal;"&gt;&lt;img src="http://upload.qianlong.com/2018/0627/1530084188243.gif" alt="1水印"/&gt;&lt;/p&gt;&lt;p style="white-space: normal;"&gt;6月27日，门头沟区妙峰山民族学校&lt;/p&gt;&lt;p style="white-space: normal;"&gt;&lt;img src="http://upload.qianlong.com/2018/0627/1530083186951.jpg" alt="莲花池公园-李海滨"/&gt;&lt;/p&gt;&lt;p style="white-space: normal;"&gt;6月27日，莲花池公园&lt;/p&gt;&lt;p style="white-space: normal;"&gt;&lt;img src="http://upload.qianlong.com/2018/0627/1530081723188.jpg" alt="中央电视塔-赵雅丹"/&gt;&lt;/p&gt;&lt;p style="white-space: normal;"&gt;6月27日，蓝天白云下的中央电视塔&lt;/p&gt;&lt;p style="white-space: normal;"&gt;&lt;img src="http://upload.qianlong.com/2018/0627/1530081717109.jpg" alt="CBD-14点-李国良"/&gt;&lt;/p&gt;&lt;p style="white-space: normal;"&gt;6月27日，远眺国贸CBD建筑群&lt;/p&gt;&lt;p style="white-space: normal;"&gt;&lt;img src="http://upload.qianlong.com/2018/0627/1530081718636.jpg" alt="地坛公园南门-14点-李学慧"/&gt;&lt;/p&gt;&lt;p style="white-space: normal;"&gt;6月27日14:40，南郊观象台气温38.2℃，干！热！大朵大朵的棉花糖铺满了天空&lt;/p&gt;&lt;p style="white-space: normal;"&gt;&lt;img src="http://upload.qianlong.com/2018/0627/1530081718431.jpg" alt="房山良乡-12点-张齐"/&gt;&lt;/p&gt;&lt;p style="white-space: normal;"&gt;6月27日，北京房山良乡&lt;/p&gt;&lt;p style="white-space: normal;"&gt;&lt;img src="http://upload.qianlong.com/2018/0627/1530081719883.jpg" alt="阜外医院附近-王继宽"/&gt;&lt;/p&gt;&lt;p style="white-space: normal;"&gt;6月27日，阜外医院&lt;/p&gt;&lt;p style="white-space: normal;"&gt;&lt;img src="http://upload.qianlong.com/2018/0627/1530081720422.jpg" alt="国贸-10点-吴鲁萍"/&gt;&lt;/p&gt;&lt;p style="white-space: normal;"&gt;6月27日，国贸&lt;/p&gt;&lt;p style="white-space: normal;"&gt;&lt;img src="http://upload.qianlong.com/2018/0627/1530081720690.jpg" alt="海淀昆玉河-陈燕华"/&gt;&lt;/p&gt;&lt;p style="white-space: normal;"&gt;6月27日，北京正处于高温黄色预警中，注意防暑降温&lt;/p&gt;&lt;p style="white-space: normal;"&gt;&lt;img src="http://upload.qianlong.com/2018/0627/1530081721943.jpg" alt="门头沟妙峰山民族学校-14点-侯继庆"/&gt;&lt;/p&gt;&lt;p style="white-space: normal;"&gt;6月27日，门头沟区妙峰山民族学校&lt;/p&gt;&lt;p style="white-space: normal;"&gt;&lt;img src="http://upload.qianlong.com/2018/0627/1530081721945.jpg" alt="北海公园-11点-赵熔"/&gt;&lt;/p&gt;&lt;p style="white-space: normal;"&gt;6月27日，北海公园&lt;/p&gt;&lt;p style="white-space: normal;"&gt;&lt;img src="http://upload.qianlong.com/2018/0627/1530081721599.jpg" alt="明城墙遗址公园-宋秀荣"/&gt;&lt;/p&gt;&lt;p style="white-space: normal;"&gt;6月27日，明城墙遗址公园&lt;/p&gt;&lt;p style="white-space: normal;"&gt;&lt;img src="http://upload.qianlong.com/2018/0627/1530081722194.jpg" alt="泥洼地区-14点-周广"/&gt;&lt;/p&gt;&lt;p style="white-space: normal;"&gt;6月27日，泥洼地区（图片来源：tuku.qianlong.com）。周广摄 千龙网发&lt;/p&gt;&lt;p style="white-space: normal;"&gt;&lt;img src="http://upload.qianlong.com/2018/0627/1530081722587.jpg" alt="人民日报社新媒体大厦-13点-李国良"/&gt;&lt;/p&gt;&lt;p style="white-space: normal;"&gt;6月27日，人民日报社新媒体大厦&lt;/p&gt;&lt;p style="white-space: normal;"&gt;&lt;img src="http://upload.qianlong.com/2018/0627/1530081989238.jpg" alt="广渠门内白桥大街-王丹枫"/&gt;&lt;/p&gt;&lt;p style="white-space: normal;"&gt;6月27日，广渠门内白桥大街&lt;/p&gt;&lt;p style="white-space: normal;"&gt;&lt;img src="http://upload.qianlong.com/2018/0627/1530081722958.jpg" alt="西城区金融街-14点-郁青峰"/&gt;&lt;/p&gt;&lt;p style="white-space: normal;"&gt;6月27日，西城区金融街&lt;/p&gt;&lt;p style="white-space: normal;"&gt;&lt;img src="http://upload.qianlong.com/2018/0627/1530081722742.jpg" alt="西郊玉泉山-赵永亮"/&gt;&lt;/p&gt;&lt;p style="white-space: normal;"&gt;6月27日，西郊玉泉山&lt;/p&gt;&lt;p style="white-space: normal;"&gt;&lt;img src="http://upload.qianlong.com/2018/0627/1530081723902.jpg" alt="远眺西山-许建萍"/&gt;&lt;/p&gt;&lt;p style="white-space: normal;"&gt;6月27日，远眺西山&lt;/p&gt;&lt;p style="white-space: normal;"&gt;&lt;img src="http://upload.qianlong.com/2018/0627/1530081826883.jpg" alt="德胜门-侯金辉"/&gt;&lt;/p&gt;&lt;p style="white-space: normal;"&gt;6月27日，德胜门地区&lt;/p&gt;&lt;p style="white-space: normal;"&gt;&lt;img src="http://upload.qianlong.com/2018/0627/1530083182220.jpg" alt="门城地区-于文丽"/&gt;&lt;/p&gt;&lt;p style="white-space: normal;"&gt;6月27日，门头沟门城地区&lt;/p&gt;&lt;p style="white-space: normal;"&gt;&lt;img src="http://upload.qianlong.com/2018/0627/1530083186754.jpg" alt="丰台区长辛店二七厂小区-张永利"/&gt;&lt;/p&gt;&lt;p style="white-space: normal;"&gt;6月27日，丰台区长辛店二七厂小区&lt;/p&gt;&lt;p style="white-space: normal;"&gt;&lt;img src="http://upload.qianlong.com/2018/0627/1530083182462.jpg" alt="北京西站南路-方淑媛"/&gt;&lt;/p&gt;&lt;p style="white-space: normal;"&gt;6月27日，北京西站南路&lt;/p&gt;&lt;p style="white-space: normal;"&gt;&lt;img src="http://upload.qianlong.com/2018/0627/1530083183457.jpg" alt="通州北苑-杜智广"/&gt;&lt;/p&gt;&lt;p style="white-space: normal;"&gt;6月27日，通州北苑&lt;/p&gt;&lt;p&gt;&lt;br/&gt;&lt;/p&gt;</Content>
  <Keyword>北京,蓝天白云,公园</Keyword>
  <Photo4>/images/2018/6/27/20186271530100536425_49_t1080.jpg</Photo4>
  <Photo>/images/2018/7/2/2018721530529666585_49_t1080.png</Photo>
  <Photo2>/images/2018/7/2/2018721530529676535_49_t1080.png</Photo2>
  <Photo3>/images/2018/7/2/2018721530529685252_49_t1080.png</Photo3>
  <videoid>0</videoid>
  <videosource></videosource>
  <videourl></videourl>
  <isAudio>0</isAudio>
  <anuor></anuor>
  <mediatype>0</mediatype>
  <td_liveid></td_liveid>
  <epgchannelid>0</epgchannelid>
  <jumptype>0</jumptype>
  <href_app></href_app>
  <frame>0</frame>
  <secondcategory>0</secondcategory>
  <juxian_liveid>0</juxian_liveid>
  <juxian_companyid>0</juxian_companyid>
  <juxian_type>0</juxian_type>
  <juxian_user></juxian_user>
  <state>0</state>
  <start>0</start>
  <end>0</end>
  <live_shareurl></live_shareurl>
  <juxian_sourceid>0</juxian_sourceid>
  <payaction>0</payaction>
  <pdf></pdf>
  <Parent>0</Parent>
  <pv_virtual>0</pv_virtual>
  <pv>389</pv>
  <SubTitle></SubTitle>
  <Weight>0</Weight>
  <Tag></Tag>
  <SetPublishDate></SetPublishDate>
  <Status2>0</Status2>
  <IsPhotoNews>0</IsPhotoNews>
  <process>0</process>
  <duration></duration>
  <baoliao_userid>0</baoliao_userid>
  <baoliao_ispublic>1</baoliao_ispublic>
  <baoliaostatus>0</baoliaostatus>
  <interior_type>0</interior_type>
  <interior_id></interior_id>
  <allowcomment>1</allowcomment>
  <showread>1</showread>
  <phone></phone>
  <zan_virtual_num></zan_virtual_num>
  <allowadvert>1</allowadvert>
  <baoliao_localtion></baoliao_localtion>
  <jd></jd>
  <wd></wd>
  <showbaoliaouser>0</showbaoliaouser>
  <baoliao_photo2></baoliao_photo2>
  <baoliao_photo3></baoliao_photo3>
  <baoliao_photo4></baoliao_photo4>
  <baoliao_photo5></baoliao_photo5>
  <baoliao_photo6></baoliao_photo6>
  <baoliao_photo7></baoliao_photo7>
  <baoliao_photo8></baoliao_photo8>
  <baoliao_photo9></baoliao_photo9>
  <baoliao>0</baoliao>
  <wenzheng>0</wenzheng>
</root>
