<?xml version="1.0" encoding="utf-8"?>

<!--文章信息，创建时间：2019-12-11 18:4-->
<root>
  <ChannelID>15981</ChannelID>
  <Status>1</Status>
  <TotalPage>1</TotalPage>
  <item_type>1</item_type>
  <doc_type>0</doc_type>
  <content_type></content_type>
  <showbuttontitle>0</showbuttontitle>
  <Title>球星太太集团，男神背后的女人一个美过一个</Title>
  <PublishDate>2017-08-21 00:28:00</PublishDate>
  <DocFrom></DocFrom>
  <Summary></Summary>
  <Content>&lt;p&gt; 世界杯进行到现在赛事太紧张了 &lt;/p&gt; &lt;p&gt; 看得我这个局外人也很激动 &lt;/p&gt; &lt;p&gt; 虽然看不懂球！但看得懂人啊！ &lt;/p&gt; &lt;p&gt; 梅西、C罗、内马尔或者是组个团可以直接出道的德国男模队 &lt;/p&gt; &lt;p&gt; 啊……不会行走的“荷尔蒙”不是好“球员” &lt;/p&gt; &lt;p&gt; 我又猜到了，今年夏天不少妹子要开始“乱认老公” &lt;/p&gt; &lt;p&gt; 这个也喜欢，那个也很爱。大家想是想的美美的 &lt;/p&gt; &lt;p&gt; 但是！现实很残酷！ &lt;/p&gt; &lt;p&gt; “认老公”之前，先看看他们的女朋友/老婆吧 &lt;/p&gt; &lt;p&gt; 最为津津乐道的便是C罗的女友Georgina Rodriguez &lt;/p&gt; &lt;p&gt; 为什么呢？做过保姆，当过柜姐，但是颜值却妥妥的是超模 &lt;/p&gt; &lt;p&gt; 尤其是她的“蜜桃臀”，在INS上热度很高 &lt;/p&gt; &lt;p&gt; &lt;br/&gt; &lt;/p&gt; &lt;div&gt; &lt;img src="http://09.imgmini.eastday.com/mobile/20180705/20180705174756_8fc5406ad9d61ccfb944f513c0dc9951_1.jpeg"/&gt; &lt;/div&gt; &lt;p&gt; &lt;br/&gt; &lt;/p&gt; &lt;p&gt; 星湖的五口之家啊！C罗现在出席活动都与女友形影不离！ &lt;/p&gt; &lt;p&gt; 赛场上女友也是最忠实的球迷！ &lt;/p&gt; &lt;p&gt; 小编也很喜欢C罗最有名的那个EX——Irina Shayk &lt;/p&gt; &lt;p&gt; &lt;br/&gt; &lt;/p&gt; &lt;div&gt; &lt;img src="http://09.imgmini.eastday.com/mobile/20180705/20180705174756_8fc5406ad9d61ccfb944f513c0dc9951_2.jpeg"/&gt; &lt;/div&gt; &lt;p&gt; &lt;br/&gt; &lt;/p&gt; &lt;p&gt; 俄罗斯超模出身的她当年和C罗有过一段5年的情史 &lt;/p&gt; &lt;p&gt; 伊莲娜现在已婚，不过两人分手至今还有人惋惜 &lt;/p&gt; &lt;p&gt; 再来就是小编本届最后的希望——巴西队内马尔！！！ &lt;/p&gt; &lt;p&gt; &lt;br/&gt; &lt;/p&gt; &lt;div&gt; &lt;img src="http://09.imgmini.eastday.com/mobile/20180705/20180705174756_8fc5406ad9d61ccfb944f513c0dc9951_3.jpeg"/&gt; &lt;/div&gt; &lt;p&gt; &lt;br/&gt; &lt;/p&gt; &lt;p&gt; 激昂的赛程不多赘述，他的女朋友——Bruna Marquezine &lt;/p&gt; &lt;p&gt; 95年的巴西女演员 &lt;/p&gt; &lt;p&gt; &lt;br/&gt; &lt;/p&gt; &lt;div&gt; &lt;img src="http://09.imgmini.eastday.com/mobile/20180705/20180705174756_8fc5406ad9d61ccfb944f513c0dc9951_4.jpeg"/&gt; &lt;/div&gt; &lt;p&gt; &lt;br/&gt; &lt;/p&gt; &lt;p&gt; 年仅23，还没过第二轮的本命年就已经喜提世界级球星 &lt;/p&gt; &lt;div&gt; &lt;img src="http://09.imgmini.eastday.com/mobile/20180705/20180705174756_8fc5406ad9d61ccfb944f513c0dc9951_5.jpeg"/&gt; &lt;/div&gt; &lt;p&gt; &lt;br/&gt; &lt;/p&gt; &lt;p&gt; 巴西人特有的高挑身材，深邃五官和性感甜美的蜜糖肤色 &lt;/p&gt; &lt;p&gt; 浑身上下都仿佛在对内马尔的女球迷们散发出“先去照照镜子”的feel &lt;/p&gt; &lt;p&gt; 让我们再把目光瞄准德国“男模队” &lt;/p&gt; &lt;p&gt; 首先瞄准的是5号后卫马茨·胡梅尔斯 &lt;/p&gt; &lt;p&gt; &lt;br/&gt; &lt;/p&gt; &lt;div&gt; &lt;img src="http://09.imgmini.eastday.com/mobile/20180705/20180705174756_8fc5406ad9d61ccfb944f513c0dc9951_6.jpeg"/&gt; &lt;/div&gt; &lt;p&gt; &lt;br/&gt; &lt;/p&gt; &lt;p&gt; 192CM/88KG &lt;/p&gt; &lt;p&gt; 时尚界也经常向他抛橄榄枝，蓄胡超有型！ &lt;/p&gt; &lt;p&gt; 不过……人家家庭幸福并育有一娃，这次世界杯Cathy也是来了现场 &lt;/p&gt; &lt;p&gt; （人群里最美的那个球迷） &lt;/p&gt; &lt;p&gt; &lt;br/&gt; &lt;/p&gt; &lt;div&gt; &lt;img src="http://09.imgmini.eastday.com/mobile/20180705/20180705174756_8fc5406ad9d61ccfb944f513c0dc9951_7.jpeg"/&gt; &lt;/div&gt; &lt;p&gt; &lt;br/&gt; &lt;/p&gt; &lt;p&gt; 说到德国队就一定要提的队草——马尔科·罗伊斯 &lt;/p&gt; &lt;p&gt; &lt;br/&gt; &lt;/p&gt; &lt;div&gt; &lt;img src="http://09.imgmini.eastday.com/mobile/20180705/20180705174756_8fc5406ad9d61ccfb944f513c0dc9951_8.jpeg"/&gt; &lt;/div&gt; &lt;p&gt; &lt;br/&gt; &lt;/p&gt; &lt;p&gt; 23岁当选“德国足球先生”完全不逊色于好莱坞男星 &lt;/p&gt; &lt;div&gt; &lt;img src="http://09.imgmini.eastday.com/mobile/20180705/20180705174756_8fc5406ad9d61ccfb944f513c0dc9951_11.jpeg"/&gt; &lt;/div&gt; &lt;p&gt; &lt;br/&gt; &lt;/p&gt; &lt;p&gt; 看到这里已经泪千行了吧 &lt;/p&gt; &lt;p&gt; 但是！球场上还是有新的希望之光！ &lt;/p&gt; &lt;p&gt; 德国队中场，95年的水瓶座——莱昂·格雷茨卡 &lt;/p&gt; &lt;p&gt; 年仅23岁的球星！小编有预感他会承包未来十年的颜值担当 &lt;/p&gt; &lt;p&gt; &lt;br/&gt; &lt;/p&gt; &lt;div&gt; &lt;img src="http://09.imgmini.eastday.com/mobile/20180705/20180705174756_8fc5406ad9d61ccfb944f513c0dc9951_12.jpeg"/&gt; &lt;/div&gt; &lt;p&gt; &lt;br/&gt; &lt;/p&gt; &lt;p&gt; 还是大学生的“磁卡”并没有忽略学业！ &lt;/p&gt; &lt;p&gt; 甚至课堂上还会睡觉 &lt;/p&gt; &lt;p&gt; &lt;br/&gt; &lt;/p&gt; &lt;div&gt; &lt;img src="http://09.imgmini.eastday.com/mobile/20180705/20180705174756_8fc5406ad9d61ccfb944f513c0dc9951_13.jpeg"/&gt; &lt;/div&gt; &lt;p&gt; &lt;br/&gt; &lt;/p&gt; &lt;p&gt; INS上也大多都是自己的生活照 &lt;/p&gt; &lt;p&gt; &lt;br/&gt; &lt;/p&gt; &lt;div&gt; &lt;img src="http://09.imgmini.eastday.com/mobile/20180705/20180705174756_8fc5406ad9d61ccfb944f513c0dc9951_14.jpeg"/&gt; &lt;/div&gt; &lt;p&gt; &lt;br/&gt; &lt;/p&gt; &lt;p&gt; 看似没有女朋友的表面下，已经有大批痴汉，哦不，迷妹 &lt;/p&gt; &lt;p&gt; 开始发起进攻！ &lt;/p&gt; &lt;p&gt; 比如德国队在世界杯现场捕捉到的球迷小姐姐们 &lt;/p&gt; &lt;p&gt; &lt;br/&gt; &lt;/p&gt; &lt;div&gt; &lt;img src="http://09.imgmini.eastday.com/mobile/20180705/20180705174756_8fc5406ad9d61ccfb944f513c0dc9951_15.jpeg"/&gt; &lt;/div&gt; &lt;p&gt; &lt;br/&gt; &lt;/p&gt; &lt;p&gt; 什么！德国队的球迷都这么美！ &lt;/p&gt; &lt;p&gt; 算了算了！看看我们“磁卡”的神颜缓一缓 &lt;/p&gt; &lt;p&gt; 希望下一届世界杯德国队能踢进决赛！ &lt;/p&gt; &lt;p&gt; 世界杯如火如荼的进行中！ &lt;/p&gt; &lt;p&gt; 除了颜值我们也很关心比赛的！ &lt;/p&gt; &lt;p&gt; 今年夏天一起热血起来！ &lt;/p&gt; &lt;p&gt; &lt;br/&gt; &lt;/p&gt;</Content>
  <Keyword>球星,太太,女人,背后</Keyword>
  <Photo4></Photo4>
  <Photo>/images/2018/7/5/2018751530805053215_49_t1080.png</Photo>
  <Photo2>/images/2018/7/5/2018751530805061156_49_t1080.png</Photo2>
  <Photo3>/images/2018/7/5/2018751530805068064_49_t1080.png</Photo3>
  <videoid>0</videoid>
  <videosource></videosource>
  <videourl></videourl>
  <isAudio>0</isAudio>
  <anuor></anuor>
  <mediatype>0</mediatype>
  <td_liveid></td_liveid>
  <epgchannelid>0</epgchannelid>
  <jumptype>0</jumptype>
  <href_app></href_app>
  <frame>0</frame>
  <secondcategory>0</secondcategory>
  <juxian_liveid>0</juxian_liveid>
  <juxian_companyid>0</juxian_companyid>
  <juxian_type>0</juxian_type>
  <juxian_user></juxian_user>
  <state>0</state>
  <start>0</start>
  <end>0</end>
  <live_shareurl></live_shareurl>
  <juxian_sourceid>0</juxian_sourceid>
  <payaction>0</payaction>
  <pdf></pdf>
  <Parent>0</Parent>
  <pv_virtual>0</pv_virtual>
  <pv>26</pv>
  <SubTitle></SubTitle>
  <Weight>0</Weight>
  <Tag></Tag>
  <SetPublishDate></SetPublishDate>
  <Status2>0</Status2>
  <IsPhotoNews>0</IsPhotoNews>
  <process>0</process>
  <duration></duration>
  <baoliao_userid>0</baoliao_userid>
  <baoliao_ispublic>1</baoliao_ispublic>
  <baoliaostatus>0</baoliaostatus>
  <interior_type>0</interior_type>
  <interior_id></interior_id>
  <allowcomment>1</allowcomment>
  <showread>1</showread>
  <phone></phone>
  <zan_virtual_num></zan_virtual_num>
  <allowadvert>1</allowadvert>
  <baoliao_localtion></baoliao_localtion>
  <jd></jd>
  <wd></wd>
  <showbaoliaouser>0</showbaoliaouser>
  <baoliao_photo2></baoliao_photo2>
  <baoliao_photo3></baoliao_photo3>
  <baoliao_photo4></baoliao_photo4>
  <baoliao_photo5></baoliao_photo5>
  <baoliao_photo6></baoliao_photo6>
  <baoliao_photo7></baoliao_photo7>
  <baoliao_photo8></baoliao_photo8>
  <baoliao_photo9></baoliao_photo9>
  <baoliao>0</baoliao>
  <wenzheng>0</wenzheng>
</root>
