<?xml version="1.0" encoding="utf-8"?>

<!--文章信息，创建时间：2019-12-11 18:4-->
<root>
  <ChannelID>15981</ChannelID>
  <Status>1</Status>
  <TotalPage>1</TotalPage>
  <item_type>0</item_type>
  <doc_type>0</doc_type>
  <content_type></content_type>
  <showbuttontitle>0</showbuttontitle>
  <Title>疑似李笑来私人录音曝光：拿网红与概念炒作骗散户口袋钱</Title>
  <PublishDate>2017-08-21 05:37:00</PublishDate>
  <DocFrom></DocFrom>
  <Summary></Summary>
  <Content>&lt;div&gt;&lt;img class="large" src="http://t12.baidu.com/it/u=3473083286,1480546225&amp;fm=173&amp;app=25&amp;f=JPEG?w=640&amp;h=426&amp;s=1843A944BE1A25D4D6EC2C9E0300C092"/&gt;&lt;/div&gt;&lt;p&gt;雷帝网 乐天 7月4日报道&lt;/p&gt;&lt;p&gt;今日早间，一段疑似“币圈首富”李笑来的谈话录音被曝光，这段谈话内容涉及众多区块链项目以及币圈人物，包括老猫、neo、以太坊、Ripple、易理华、罗振宇、孙宇晨、赵长鹏等。&lt;/p&gt;&lt;p&gt;在这段长达50分钟的录音中，李笑来脏话连篇，称老猫曾经是nobody，自己帮老猫火起来的。帅初做的是空气币，自己帮帅初卖了6个月的空气币，因为他骗人模式简单。&lt;/p&gt;&lt;p&gt;“有个骗子交易所叫币安，有个骗子叫孙宇晨，你怎么能落后他们，要加速做事。”&lt;/p&gt;&lt;div&gt;&lt;img class="large" src="http://t10.baidu.com/it/u=2484866817,2641562169&amp;fm=173&amp;app=25&amp;f=JPEG?w=640&amp;h=364&amp;s=B7A4DD044423B101002C29F3030090B3"/&gt;&lt;/div&gt;&lt;p&gt;&lt;/p&gt;&lt;p&gt;李笑来点评说，赵长鹏人品不好，跟徐明星一样有黑历史。赵长鹏不太懂技术，只不过因为大家都关了，他没有关，大家都退，他不退，就因为赵长鹏是加拿大人，否则没有赵长鹏什么事。&lt;/p&gt;&lt;p&gt;“不要盲目的相信‘价值投资’。如果你随波逐流地认为价值投资是对的，那你注定是个平庸的人。”&lt;/p&gt;&lt;div&gt;&lt;img class="large" src="http://t10.baidu.com/it/u=686103432,2521925842&amp;fm=173&amp;app=25&amp;f=JPEG?w=640&amp;h=1668&amp;s=A55AA17F81C84543187D80DA010080B3"/&gt;&lt;/div&gt;&lt;p&gt;&lt;/p&gt;&lt;p&gt;李笑来说，做区块链项目要想成功，第一要想办法成为有流量的人，然后善用自己的流量；&lt;/p&gt;&lt;p&gt;第二个是你要成为有技术团队的人，没有技术也需要想办法。区块链的价值里最大的价值叫共识价值。项目不值钱，但是信的人那么多，到最后就值钱了。&lt;/p&gt;&lt;p&gt;“区块链世界的特点跟之前的互联网一样，得屌丝者得天下，散户最牛逼，别看你现在天天骂散户，就是他供养你，你骂人家干嘛。”&lt;/p&gt;&lt;p&gt;由于李笑来的这些话太“简单粗暴”，又太接币圈地气，引发了币圈的大幅转发和分享。&lt;/p&gt;&lt;p&gt;泛城资本董事长陈伟星则指出，散户在金融里面本来就是弱势群体，拿网红与概念炒作骗散户口袋钱，居然还理直气壮当是未来方向，太搞笑了。&lt;/p&gt;&lt;p&gt;陈伟星还直言不讳的说，“首骗被爆录音，‘走向财富自由之路的方法就是，组织个粉丝社群，发个币给他们，换走他们的钱。’”&lt;/p&gt;&lt;p&gt;李笑来得知录音泄露后，在朋友圈发文“尴尬了”。老猫则在朋友发文称“我终于知道谁在背后捅刀子的人，易理华，这笔帐我记下了”，“这辈子最后悔认识的人之一”。&lt;/p&gt;&lt;p&gt;以下是疑似李笑来私下谈话内容曝光（部分内容）：&lt;/p&gt;&lt;p&gt;以太坊其实是这样的，就是说它的终极崛起是央行干的。央行突然要求交易所里的比特币不能提现，所以流动性就跑到以太坊身上去了。&lt;/p&gt;&lt;p&gt;所以这个流动性进去了是出不来的，所以它涨到了2000，涨到了3000。后面涨到了1万。这些都不是以太坊什么社区、领导力什么，不是的。跟它本身可能没关系。&lt;/p&gt;&lt;p&gt;没什么关系，我再说Ripple。从一开始就傻逼项目，都无法想象的傻逼项目，完了核心团队都走光了，然后若干个联合创始人都这么把币砸光了。&lt;/p&gt;&lt;p&gt;突然有一天有个傻逼，这个傻逼是谁呢？地球上最牛逼的一个投行叫软银，软银这个傻逼进来看了一圈，也没看懂，就说我们开始支持Ripple，啪就涨上天了。&lt;/p&gt;&lt;p&gt;所以你刚才说的那些如果是对的，就刚才我举的这些例子，莱特币，以太坊，Ripple，都解释不了。&lt;/p&gt;&lt;p&gt;随波逐流的认为价值投资是对的 就是平庸人物&lt;/p&gt;&lt;p&gt;我没说完，所以就是说如果你随波逐流地认为价值投资是对的，那你注定是个傻逼平庸的人物。这个公开场合我是不能说的。&lt;/p&gt;&lt;p&gt;但是道理很简单，你讲价值投资的结果是什么？大量的好币你根本就投不上。事实上我也是，我就是因为看不上莱特币所以没投。&lt;/p&gt;&lt;p&gt;幸亏我在比特币赚的钱比投莱特币赚的钱更多，所以我站着腰板说你就是个傻逼，以 太坊我就没投，那不符合我的逻辑，哪哪都不对，流动性被锁定。&lt;/p&gt;&lt;p&gt;那我也遇见不了，幸亏我在EOS上赚的钱比投以太坊赚的钱还多，所以我腰板挺直的说，我还是对的。那这个Ripple，我刚注册就丢了120万个币。&lt;/p&gt;&lt;p&gt;当时你想2011年的12万美元。很多。现在都涨了多少啊？sorry ，2013年，那涨到现在涨多少？幸亏我在3月份赚的钱比那个还多。&lt;/p&gt;&lt;p&gt;所以我还是要挺直腰板说，不管软银投不投，就是傻逼！因为软银投资这个，软银就傻逼，我敢说这个话，因为我不酸，或者至少看起来都不酸。&lt;/p&gt;&lt;p&gt;但是你怎么解释这个东西？所以如果你想干这样的事情，我今天跟你讲最重要一点，就是我操你随波逐流肯定是错的。然后你在这里讲价值投资一定是错的。&lt;/p&gt;&lt;p&gt;所以说老师我就补充一句，其实2013年我开始投比特币之后，我发现福建是最多是资金盘，都他们搞起来的。&lt;/p&gt;&lt;p&gt;包括原来元宝网都快死掉了，然后有一款币名叫储备币，在福建省不知道搞了多少场500人会议，我看了一升升，从几毛钱涨到了200多，然后那个叫什么王朝阳。&lt;/p&gt;&lt;p&gt;所以你现在开始慢慢思维走到正轨上来，别跟我讲那些冠冕堂皇的。&lt;/p&gt;&lt;p&gt;跟你指条路就很简单，就是在这个世界里想达到那个目标。需要几件事情，第一件事情是什么呢？你必须是个网红，就说到最后区块链的价值里面有个最大的价值叫共识价值，OK，共识啥意思？它不值钱，但是信的人那么多，到最后就值钱了。&lt;/p&gt;&lt;p&gt;像刚才讲的婚姻的那个，大家认为所谓的那个是对的一样。&lt;/p&gt;&lt;p&gt;公开场合下我会给他们另外一个解释，到最后的解释很简单，就是傻逼太多了。共识价值，傻逼的共识也是共识。&lt;/p&gt;&lt;p&gt;傻逼太多了，所以傻逼多，有共识，也会产生价值，我们作为自认不傻逼的人也必须接受这个事实，都是这样。&lt;/p&gt;&lt;p&gt;写得到专栏赚人流&lt;/p&gt;&lt;p&gt;所以我再给你举个例子就知道了，你们认识的猫叔在某一个时间点之前没有这么大的影响力，但是在某一个时间点之后，它就开始产生爆发的影响力，怎么产生的？&lt;/p&gt;&lt;p&gt;就是2015年年底的时候，我做了一个比特币生存指南群，收费群，几百人，我就交给他管了，然后他就成了那个群的群主。&lt;/p&gt;&lt;p&gt;大家在里面，他发表了一些自己的意见，大势把他推起来，因为他说那几个币好，大家就买了那几个币。大势推起来，大家都发财了，不信他信谁？&lt;/p&gt;&lt;p&gt;所以到最后是这样的，接下来的事情还是一样的。谁有影响力，谁终究是有抵挡。我为什么能走到今天？&lt;/p&gt;&lt;p&gt;我跟你讲很简单，真的很简单，我又不炒币，我买了就囤着不动。但是能走到今天，它有几个时间点，第一个时间点是什么呢？&lt;/p&gt;&lt;p&gt;第一个时间点是这样，当人们知道我拥有很多比特币那个时间点是2013年，我实际上是一个网红。&lt;/p&gt;&lt;p&gt;对，这属性是一直都在的。&lt;/p&gt;&lt;p&gt;我有我的读者，我有很大的读者群。你想在现实世界里，我那点量不算什么，但在这个世界，谁像我一样有100万读者？&lt;/p&gt;&lt;p&gt;对，我们班基本上都会买小亚老师的书。100万读者，所以那一瞬间就有爆发，OK，然后在熊市里我又干了另外一件事，我就开始写专栏，是熊市，你又赚不了钱，你就攒人气。我开了微信公众账号，重开，重写。&lt;/p&gt;&lt;p&gt;次年罗振宇帮我卖书，马上我又跟他合作开专栏。德到的专栏。所以等大牛来了的时候，我还站在那儿，我影响力变得比原来还大。&lt;/p&gt;&lt;p&gt;OK，从一开始我就知道一件事情，这里的核心竞争力是人流，这是核心竞争力，人流。我为什么愿意跟你谈？&lt;/p&gt;&lt;p&gt;其实你要是说之前你跟我说那些，我不觉得你有核心竞争力。其实我知道你有核心竞争的，你有一定的人流，而且这些人流是高价值人流，所以你的核心竞争就在这。&lt;/p&gt;&lt;p&gt;现在接下来是什么呢？你怎么去忽悠这件事，你不要把忽悠理解成贬义。&lt;/p&gt;&lt;p&gt;今天我们看到的所有的莱特币价值就源于一句话，但这个傻逼不知道这句话有多好。所以他曾经一度放弃，要不然莱特币不可能涨。他就靠这一句话忽悠到今天。但是这句话忽悠得非常非常准，你仔细想，然后我们再看。它是比较早。&lt;/p&gt;&lt;p&gt;你再看，这都私下说不能出去说了，我是第一个给他卖空气币的人，我们给他卖了六个月的空气币。不然他哪有今天。当时他们告诉我的是我要做的一个是什么？&lt;/p&gt;&lt;p&gt;桥接比特币和以太坊的桥接。那我一听第一靠谱，第二简单能做。所以我感觉卖空气币一样。&lt;/p&gt;&lt;p&gt;当然他如果是像现在一样，直接就告诉我要做个生态，我就去，你做完再说。但现在回过头来看，他真的是一个牛逼的忽悠者。长得也帅，出去四处。&lt;/p&gt;&lt;p&gt;他讲的没人听得懂，就厉害，就是嫉妒太厉害。&lt;/p&gt;&lt;p&gt;孙宇晨肯定是忽悠&lt;/p&gt;&lt;div&gt;&lt;img class="large" src="http://t10.baidu.com/it/u=4073034282,3881805643&amp;fm=173&amp;app=25&amp;f=JPEG?w=595&amp;h=372&amp;s=F2B9716C027B059E96C2859B0300908B"/&gt;&lt;/div&gt;&lt;p&gt;&lt;/p&gt;&lt;p&gt;你再去看孙宇晨，他肯定是忽悠，卧槽最高140亿。谁看谁懵，懵到什么程度呢？明知道他是忽悠都不好意思骂他忽悠，怕别人骂自己傻逼了。&lt;/p&gt;&lt;p&gt;所以就说长期来看是这样，不能看我，我是个案，为什么呢？就是我不在乎。&lt;/p&gt;&lt;p&gt;所以我不忽悠没事，第一。我本来的人气就在这，第二他们早晨放了很多钱了，所以我不用忽悠，懂我意思吧。所以就笑嘻嘻地该干嘛干嘛。&lt;/p&gt;&lt;p&gt;但是你不能，怎么说？就是模仿我不会成功的，或者是说模仿我会成功，可能需要将来很长时间，然后当我们去总结和新原则的时候，我们不能一厢情愿。&lt;/p&gt;&lt;p&gt;就好像现在什么三点群里讨论看了我就不知道说啥好告诉他们实话那小脆弱心灵早就废了你知道吧。&lt;/p&gt;&lt;p&gt;整天讲价值投资，我就这么跟你讲个例子就知道了，我天天骂中医，中医就是傻逼，但是中医上市公司股票，我真买了、为什么道理很简单，我知道傻逼信，傻逼众多。&lt;/p&gt;&lt;p&gt;然后我知道我不买，别人会买，这钱我为什么不赚？在商言商。到最后没有什么世界比金融的世界更成王败寇的。&lt;/p&gt;&lt;p&gt;所以这投机的时候你不做到。&lt;/p&gt;&lt;p&gt;我不管你是投机还是投资，赚到钱的才是成功，你投资也可以失败，你投机也可以成功。到最后的我跟你讲一大堆世界观，我操你不赚钱，投资干吗的？&lt;/p&gt;&lt;p&gt;核心目的目标只有一个赚钱。所以这的，所以你一定要找到最核心的东西，然后我们把它当作第一性原理我们不能骗自己你这样能理解吗？&lt;/p&gt;&lt;p&gt;2018年做几件事情，第一个就是3月份上海办了一个区块链创业大赛，另外一家公司的一个老板，我们是作为合作方3月份跟他一起办，而且规格也蛮高的。&lt;/p&gt;&lt;p&gt;然后4月份的话，我们本身有一个金融能够论坛，4月底，然后它的分会场给我们办，就是可以。区块链的博览会的专场。&lt;/p&gt;&lt;p&gt;那也就是说我们其实在杭州那一块也认识一个俱乐部的他们可以把硅谷的一些几个专家给请到现场来。包括政府也请到了，4月份干，就是激光类专场峰会专场，因为我们参加不少，然后可以招商，可以请一些大咖来。&lt;/p&gt;&lt;p&gt;5月份的话，我们有可能硅谷行，去硅谷，然后之前我本来是要去硅谷的，那边就是我们会组织一些核心的人去硅谷考察一圈回来，硅谷、日本、韩国，所以说我们在半年的计划是大概是这样子。&lt;/p&gt;&lt;p&gt;你就搞社群就行了。是，我在一直在想。然后第一是搞社群。第二搞IP，IP是需要营造的。我是走了一条很长的路，所以我好像没有营造一样。&lt;/p&gt;&lt;p&gt;但其实你想，我从2001年我就在网上实名生存，就是我是很罕见那个在网上公开一切的人。我的所有事都是，除了私生活。&lt;/p&gt;&lt;p&gt;都是公开在那了，所以早期博客，后面这个微博有推特，再后来用微信公众账号，就这些我是这么走过来的。但是你们那就很简单。你招一两个项目。&lt;/p&gt;&lt;p&gt;招一两个项目，就是这两个项目重点参与的，它现在发展的很好对吧？&lt;/p&gt;&lt;p&gt;那所以其实要不然我刚才突然有个想法，就是因为蔡文胜蔡总那一块，我们也跟他约好时间，我会跟他聊一下，因为之前也有一个天使投资人介绍了，然后我也参加。&lt;/p&gt;&lt;p&gt;他也给我们一些额度，我们参加了，然后要不然3月份我们在商学院，我把他们的蔡总请来，然后老师也去，我们办一个那个格局商学院，就是您跟蔡总同台来给我们厦门这块做一个演讲，你看合不合适？&lt;/p&gt;&lt;p&gt;也行，反正我确实要去见他蔡文胜。我觉得蔡总是比较有思想，很有思想的一个人，而且他逻辑要清晰。&lt;/p&gt;&lt;p&gt;&lt;br/&gt;&lt;/p&gt;</Content>
  <Keyword>价值,李笑来</Keyword>
  <Photo4></Photo4>
  <Photo>/images/2018/7/5/2018751530805447778_49_t1080.png</Photo>
  <Photo2></Photo2>
  <Photo3></Photo3>
  <videoid>0</videoid>
  <videosource></videosource>
  <videourl></videourl>
  <isAudio>0</isAudio>
  <anuor></anuor>
  <mediatype>0</mediatype>
  <td_liveid></td_liveid>
  <epgchannelid>0</epgchannelid>
  <jumptype>0</jumptype>
  <href_app></href_app>
  <frame>0</frame>
  <secondcategory>0</secondcategory>
  <juxian_liveid>0</juxian_liveid>
  <juxian_companyid>0</juxian_companyid>
  <juxian_type>0</juxian_type>
  <juxian_user></juxian_user>
  <state>0</state>
  <start>0</start>
  <end>0</end>
  <live_shareurl></live_shareurl>
  <juxian_sourceid>0</juxian_sourceid>
  <payaction>0</payaction>
  <pdf></pdf>
  <Parent>0</Parent>
  <pv_virtual>0</pv_virtual>
  <pv>22</pv>
  <SubTitle></SubTitle>
  <Weight>0</Weight>
  <Tag></Tag>
  <SetPublishDate></SetPublishDate>
  <Status2>0</Status2>
  <IsPhotoNews>0</IsPhotoNews>
  <process>0</process>
  <duration></duration>
  <baoliao_userid>0</baoliao_userid>
  <baoliao_ispublic>1</baoliao_ispublic>
  <baoliaostatus>0</baoliaostatus>
  <interior_type>0</interior_type>
  <interior_id></interior_id>
  <allowcomment>1</allowcomment>
  <showread>1</showread>
  <phone></phone>
  <zan_virtual_num></zan_virtual_num>
  <allowadvert>1</allowadvert>
  <baoliao_localtion></baoliao_localtion>
  <jd></jd>
  <wd></wd>
  <showbaoliaouser>0</showbaoliaouser>
  <baoliao_photo2></baoliao_photo2>
  <baoliao_photo3></baoliao_photo3>
  <baoliao_photo4></baoliao_photo4>
  <baoliao_photo5></baoliao_photo5>
  <baoliao_photo6></baoliao_photo6>
  <baoliao_photo7></baoliao_photo7>
  <baoliao_photo8></baoliao_photo8>
  <baoliao_photo9></baoliao_photo9>
  <baoliao>0</baoliao>
  <wenzheng>0</wenzheng>
</root>
