<?xml version="1.0" encoding="utf-8"?>

<!--文章信息，创建时间：2019-12-11 18:4-->
<root>
  <ChannelID>15923</ChannelID>
  <Status>1</Status>
  <TotalPage>1</TotalPage>
  <Title>测试15</Title>
  <PublishDate>2017-06-10 07:56:00</PublishDate>
  <doc_type>0</doc_type>
  <Photo>http://123.56.71.230:65530/images/2018/6/27/20186271530085508651_49.png</Photo>
  <frame>0</frame>
  <secondcategory>0</secondcategory>
  <juxian_liveid></juxian_liveid>
  <jumptype>0</jumptype>
  <href_app></href_app>
  <Line>1</Line>
  <pdf></pdf>
  <SubTitle></SubTitle>
  <Weight>0</Weight>
  <DocFrom></DocFrom>
  <IsPhotoNews>0</IsPhotoNews>
  <Summary></Summary>
  <Content></Content>
  <Keyword></Keyword>
  <Tag></Tag>
  <SetPublishDate></SetPublishDate>
  <item_type>0</item_type>
  <showcomment>0</showcomment>
  <allowcomment>0</allowcomment>
  <showtime>0</showtime>
  <showcollect>0</showcollect>
  <content_type></content_type>
</root>
