<?xml version="1.0" encoding="utf-8"?>

<!--文章信息，创建时间：2019-12-11 18:4-->
<root>
  <ChannelID>16327</ChannelID>
  <Status>0</Status>
  <TotalPage>1</TotalPage>
  <Title>会员等级</Title>
  <SubTitle></SubTitle>
  <PublishDate>2019-09-14 01:08:00</PublishDate>
  <Weight>0</Weight>
  <DocFrom></DocFrom>
  <IsPhotoNews></IsPhotoNews>
  <Summary></Summary>
  <Content></Content>
  <Photo></Photo>
  <Keyword></Keyword>
  <Tag></Tag>
  <SetPublishDate></SetPublishDate>
  <Photo1>/images/2019/1/24/20191241548313411187_60.png</Photo1>
  <href>http://39.107.232.220:3680/d/grade.html</href>
  <code></code>
  <device_type>1,2</device_type>
</root>
