<?xml version="1.0" encoding="utf-8"?>

<!--文章信息，创建时间：2019-2-27 16:27-->
<root>
  <ChannelID>15999</ChannelID>
  <Status>1</Status>
  <item_type>3</item_type>
  <doc_type>0</doc_type>
  <content_type>政策文件</content_type>
  <showbuttontitle>0</showbuttontitle>
  <Title>北京市商务委员会关于申报2018年度第一批商务发展项目的通知</Title>
  <PublishDate>1530511913</PublishDate>
  <DocFrom></DocFrom>
  <Summary></Summary>
  <Content>&lt;p&gt;京商务财务字〔2018〕9号&lt;/p&gt;&lt;p&gt;各区商务委、市属国有企业集团、总部企业、有关单位：&lt;/p&gt;&lt;p&gt;　　为推进流通领域供给侧结构性改革，提高生活性服务业品质，转方式、稳增长，促进内外贸高质量发展。根据《北京市财政局 北京市商务委员会关于印发〈北京市商业流通发展资金管理暂行办法〉的通知》(京商务财务字〔2017〕47号)、《北京市财政局 北京市商务委员会关于印发〈北京市外经贸发展专项资金管理实施细则〉的通知》(京财企〔2015〕2277号)和《北京市商务委员会 北京市财政局关于支持本市外贸企业提升国际化经营能力的通知》(京商务外运〔2017〕22号)，现将申报2018年度第一批商务发展项目的有关事项通知如下：&lt;/p&gt;&lt;p&gt;　　一、支持方向和重点&lt;/p&gt;&lt;p&gt;　　资金主要支持18个方向，重点支持商务发展领域内促进生活性服务业品质提升，推动商业便民利民发展的项目；符合首都城市战略定位的促消费、稳增长等公共服务平台建设和典型示范类项目。对符合标准和要求的项目采取项目补助、政府购买服务、以奖代补等形式给予支持。&lt;/p&gt;&lt;p&gt;　　二、申报条件&lt;/p&gt;&lt;p&gt;　　(一)在北京地区注册且具有独立法人资格，从事商贸流通业经营、服务、管理的企业、机构、经济组织等单位；&lt;/p&gt;&lt;p&gt;　　(二)项目申报单位经营状况良好，财务管理制度健全；&lt;/p&gt;&lt;p&gt;　　(三)申报项目能够按计划实施；&lt;/p&gt;&lt;p&gt;　　(四)项目未获得其他部门资金支持。&lt;/p&gt;&lt;p&gt;　　三、申报材料要求&lt;/p&gt;&lt;p&gt;　　(一)项目申报书；&lt;/p&gt;&lt;p&gt;　　(二)项目已发生费用明细表；&lt;/p&gt;&lt;p&gt;　　(三)项目申报单位承诺书；&lt;/p&gt;&lt;p&gt;　　(四)2018年商务发展项目申报情况表；&lt;/p&gt;&lt;p&gt;　　(五)项目单位法人证明文件复印件(营业执照、组织机构代码证书、法定代表人身份证明等)；&lt;/p&gt;&lt;p&gt;　　(六)项目单位近两年财务报表(资产负债表、损益表、现金流量表)；&lt;/p&gt;&lt;p&gt;　　(七)升级改造类项目需提供改造前后的对比资料；&lt;/p&gt;&lt;p&gt;　　(八)其他与项目相关的证明材料。&lt;/p&gt;&lt;p&gt;　　除上述材料外，各申报指南中有其他材料要求的还应一并提供。项目申请材料一式两份，应按顺序装订成册，并加盖单位公章。项目申报材料不予退回。&lt;/p&gt;&lt;p&gt;　　四、申报流程&lt;/p&gt;&lt;p&gt;　　(一)项目申报。自通知发布之日起，项目申报单位根据隶属关系将申报材料报区级商务委、市属国有企业集团或总部企业。&lt;/p&gt;&lt;p&gt;　　(二)项目审核。按照隶属关系，由各区商务委、市属国有企业集团和总部企业对申报项目进行初审；通过初审的项目汇总后报市商务委进行复审。&lt;/p&gt;&lt;p&gt;　　五、申报时限&lt;/p&gt;&lt;p&gt;　　除有明确时间要求的支持方向外，凡符合项目申报条件的企业可全年申报。市商务委将根据申报项目内容择优予以支持。为提高项目申报、审核效率，各区商务委、市属国有企业集团和总部企业第一批项目请于2018年4月30日前汇总上报。&lt;/p&gt;&lt;p&gt;　　六、工作要求&lt;/p&gt;&lt;p&gt;　　(一)各项目申报单位应确保申报材料真实、准确、完整，保证项目各项建设手续合规、按时间进度推进。&lt;/p&gt;&lt;p&gt;　　(二)对于伪造、提供虚假材料的项目申报单位，按《北京市商务领域不良信用记录名单管理办法(试行)》规定进行处理。&lt;/p&gt;&lt;p&gt;　　(三)获得专项资金支持的项目申报单位应积极配合相关监督检查、审计等工作。&lt;/p&gt;&lt;p&gt;　　(四)各初审单位应积极组织指导项目申报，按照规定程序严格审核把关。对已支持项目的后续指导和跟踪监管，确保项目实施效果，充分发挥财政资金使用效益。&lt;/p&gt;&lt;p&gt;　　(五)项目单位收到财政资金后，应按照《企业会计准则第16号-政府补助》相关规定进行账务办理，相关法规另有规定的从其规定。&lt;/p&gt;&lt;p&gt;　　七、其它事项&lt;/p&gt;&lt;p&gt;　　(一)2018年支持北京市外贸企业提升国际化经营能力项目的具体申报方式及要求详见附件15。&lt;/p&gt;&lt;p&gt;　　(二)具体支持内容及咨询电话：详见附件1-18。&lt;/p&gt;&lt;p&gt;　　(三)市商务委对本通知负责解释。&lt;/p&gt;&lt;p&gt;　　特此通知。&lt;/p&gt;&lt;p&gt;　　附件：1.2018年新建和规范提升基本便民商业网点项目申报指南&lt;/p&gt;&lt;p&gt;　　 &amp;nbsp; &amp;nbsp; &amp;nbsp;2.推进连锁经营发展项目申报指南&lt;/p&gt;&lt;p&gt;　　&amp;nbsp;&amp;nbsp; &amp;nbsp; &amp;nbsp;3.生活性服务业、特殊流通行业服务平台及典型示范项目申报指南&lt;/p&gt;&lt;p&gt;　　&amp;nbsp;&amp;nbsp; &amp;nbsp; &amp;nbsp;4.农产品批发市场建设项目申报指南&lt;/p&gt;&lt;p&gt;　　&amp;nbsp;&amp;nbsp; &amp;nbsp; &amp;nbsp;5.特色商业街项目申报指南&lt;/p&gt;&lt;p&gt;　　&amp;nbsp;&amp;nbsp; &amp;nbsp; &amp;nbsp;6.老字号传承发展项目申报指南&lt;/p&gt;&lt;p&gt;　　&amp;nbsp;&amp;nbsp; &amp;nbsp; &amp;nbsp;7.建设中华传统技艺技能大师建设大师工作室项目申报指南&lt;/p&gt;&lt;p&gt;　　&amp;nbsp;&amp;nbsp; &amp;nbsp; &amp;nbsp;8.“互联网+流通”创新示范项目申报指南&lt;/p&gt;&lt;p&gt;　　&amp;nbsp;&amp;nbsp; &amp;nbsp; &amp;nbsp;9.促进现代物流发展项目申报指南&lt;/p&gt;&lt;p&gt;　　&amp;nbsp;&amp;nbsp; &amp;nbsp; &amp;nbsp;10.商务服务业主题商务示范楼宇和集聚区公共服务平台升级改造项目申报指南&lt;/p&gt;&lt;p&gt;　　&amp;nbsp;&amp;nbsp; &amp;nbsp; &amp;nbsp;11.商业流通发展领域节能降耗项目申报指南&lt;/p&gt;&lt;p&gt;　　&amp;nbsp;&amp;nbsp; &amp;nbsp; &amp;nbsp;12.促进汽车流通行业规范化发展项目申报指南&lt;/p&gt;&lt;p&gt;　　&amp;nbsp;&amp;nbsp; &amp;nbsp; &amp;nbsp;13.支持跨境电子商务发展项目申报指南&lt;/p&gt;&lt;p&gt;　　&amp;nbsp;&amp;nbsp; &amp;nbsp; &amp;nbsp;14.支持跨境电子商务直购体验店建设项目申报指南&lt;/p&gt;&lt;p&gt;　　&amp;nbsp;&amp;nbsp; &amp;nbsp; &amp;nbsp;15.2018年支持北京市外贸企业提升国际化经营能力项目申报指南&lt;/p&gt;&lt;p&gt;　　&amp;nbsp;&amp;nbsp; &amp;nbsp; &amp;nbsp;16.支持“深夜食堂”特色餐饮发展项目申报指南&lt;/p&gt;&lt;p&gt;　　&amp;nbsp;&amp;nbsp; &amp;nbsp; &amp;nbsp;17.支持市内免税店及进口商品直营店发展项目申报指南&lt;/p&gt;&lt;p&gt;　　&amp;nbsp;&amp;nbsp; &amp;nbsp; &amp;nbsp;18.支持商业服务业企业开展商务服务业厕所革命项目申报指南&lt;/p&gt;&lt;p&gt;北京市商务委员会&lt;/p&gt;&lt;p&gt;2018年4月11日&lt;/p&gt;&lt;p&gt;&lt;br/&gt;&lt;/p&gt;</Content>
  <Keyword>项目,申报,商务,发展,北京市</Keyword>
  <Photo4></Photo4>
  <Photo></Photo>
  <Photo2></Photo2>
  <Photo3></Photo3>
  <videoid>0</videoid>
  <videosource></videosource>
  <videourl></videourl>
  <isAudio>0</isAudio>
  <anuor></anuor>
  <mediatype>0</mediatype>
  <td_liveid></td_liveid>
  <epgchannelid>0</epgchannelid>
  <jumptype>0</jumptype>
  <href_app></href_app>
  <frame>0</frame>
  <secondcategory>0</secondcategory>
  <juxian_liveid>0</juxian_liveid>
  <juxian_companyid>0</juxian_companyid>
  <juxian_type>0</juxian_type>
  <juxian_user></juxian_user>
  <state>0</state>
  <start>0</start>
  <end>0</end>
  <live_shareurl></live_shareurl>
  <juxian_sourceid>0</juxian_sourceid>
  <payaction>0</payaction>
  <pdf></pdf>
  <Parent>0</Parent>
  <pv_virtual>0</pv_virtual>
  <pv>2</pv>
  <SubTitle></SubTitle>
  <Weight>0</Weight>
  <Tag></Tag>
  <SetPublishDate></SetPublishDate>
  <Status2>0</Status2>
  <IsPhotoNews>0</IsPhotoNews>
  <process>0</process>
  <duration></duration>
  <baoliao_userid>0</baoliao_userid>
  <baoliao_ispublic>0</baoliao_ispublic>
  <baoliaostatus>0</baoliaostatus>
</root>
