<?xml version="1.0" encoding="utf-8"?>

<!--文章信息，创建时间：2019-2-27 16:27-->
<root>
  <ChannelID>15999</ChannelID>
  <Status>1</Status>
  <item_type>3</item_type>
  <doc_type>0</doc_type>
  <content_type>政策文件</content_type>
  <showbuttontitle>0</showbuttontitle>
  <Title>北京市规划和国土资源管理委员会关于进一步明确优化营商环境政策适用范围的通知</Title>
  <PublishDate>1530511975</PublishDate>
  <DocFrom></DocFrom>
  <Summary></Summary>
  <Content>&lt;p&gt;市规划国土发〔2018〕159号&lt;/p&gt;&lt;p&gt;各有关单位：&lt;/p&gt;&lt;p&gt;　　2018年3月15日，我市发布了《关于进一步优化营商环境深化建设项目行政审批流程改革的意见》(市规划国土发〔2018〕69号)及一系列配套文件，有关改革措施实施以来，取得良好的社会效果。为了使改革惠及面更广、改革红利释放更加充分，市规划国土委会同市发展改革委和市住房城乡建设委研究，并报送市政府同意，现将优化营商环境政策适用范围的有关意见通知如下：&lt;/p&gt;&lt;p&gt;　　一、社会投资项目适用优化营商环境的办事流程图。社会投资项目是指没有我国各级政府公共财政直接投资的建设项目。&lt;/p&gt;&lt;p&gt;　　社会投资项目以外的其他建设项目，仍然按照北京市人民政府办公厅印发《关于进一步优化投资项目审批流程办法(试行)的通知》(京政办函〔2013〕86号)的流程图办理。&lt;/p&gt;&lt;p&gt;　　二、“多规合一”协同平台、全过程监督、施工图联审和联合验收措施适用于我市所有建设项目。&lt;/p&gt;&lt;p&gt;　　三、有关招标事项，按照《必须招标的工程项目规定》(中华人民共和国国家发展和改革委员会令第16号)、《关于深化建设工程勘察设计招标投标改革的意见》(市规划国土函〔2018〕810号)和《关于对非必须招标的工程项目直接办理建筑工程施工许可证的通知》(京建发〔2018〕172号)执行。&lt;/p&gt;&lt;p&gt;　　特此通知。&lt;/p&gt;&lt;p&gt;北京市规划和国土资源管理委员会&lt;/p&gt;&lt;p&gt;2018年5月7日&lt;/p&gt;&lt;p&gt;&lt;br/&gt;&lt;/p&gt;</Content>
  <Keyword>规划,优化,关于,环境,通知</Keyword>
  <Photo4></Photo4>
  <Photo></Photo>
  <Photo2></Photo2>
  <Photo3></Photo3>
  <videoid>0</videoid>
  <videosource></videosource>
  <videourl></videourl>
  <isAudio>0</isAudio>
  <anuor></anuor>
  <mediatype>0</mediatype>
  <td_liveid></td_liveid>
  <epgchannelid>0</epgchannelid>
  <jumptype>0</jumptype>
  <href_app></href_app>
  <frame>0</frame>
  <secondcategory>0</secondcategory>
  <juxian_liveid>0</juxian_liveid>
  <juxian_companyid>0</juxian_companyid>
  <juxian_type>0</juxian_type>
  <juxian_user></juxian_user>
  <state>0</state>
  <start>0</start>
  <end>0</end>
  <live_shareurl></live_shareurl>
  <juxian_sourceid>0</juxian_sourceid>
  <payaction>0</payaction>
  <pdf></pdf>
  <Parent>0</Parent>
  <pv_virtual>0</pv_virtual>
  <pv>6</pv>
  <SubTitle></SubTitle>
  <Weight>0</Weight>
  <Tag></Tag>
  <SetPublishDate></SetPublishDate>
  <Status2>0</Status2>
  <IsPhotoNews>0</IsPhotoNews>
  <process>0</process>
  <duration></duration>
  <baoliao_userid>0</baoliao_userid>
  <baoliao_ispublic>0</baoliao_ispublic>
  <baoliaostatus>0</baoliaostatus>
</root>
