<?xml version="1.0" encoding="utf-8"?>

<!--文章信息，创建时间：2019-12-11 18:4-->
<root>
  <ChannelID>15903</ChannelID>
  <Status>1</Status>
  <TotalPage>1</TotalPage>
  <item_type>3</item_type>
  <doc_type>0</doc_type>
  <content_type>已回复</content_type>
  <showbuttontitle>0</showbuttontitle>
  <Title>两江名居红绿灯路口大量三轮车乱停 堵塞交通</Title>
  <PublishDate>2017-07-24 02:15:00</PublishDate>
  <DocFrom></DocFrom>
  <Summary></Summary>
  <Content>&lt;p&gt;诉求问题：早上一些三轮车在两江名居红绿灯路口停车排长龙，本来只有两车道，靠右车道被三轮车占据，公交车无法靠边，只有在中间上下人，后方车辆无法通过，也排起了长龙，堵塞交通。&lt;/p&gt;&lt;p&gt;回复单位：公安分局&lt;/p&gt;&lt;p&gt;回复单位：北碚区公安分局&lt;/p&gt;&lt;p&gt;2018年6月26日，区公安分局收到群工系统交办单，群众反映红绿灯路口长期停靠营运三轮车的情况。分局高度重视，交交巡警支队办理，现将办理情况回复如下： 经核实，因两江名居基础配套设施相对滞后，公共交通相对不够便利，群众出行较为不便等多种因素，营运三轮车较多，一些驾驶员不遵守交通规则，造成占道停放的现象。 分局已要求交巡警继续加强两江名居附近道路巡逻力度，加大对三轮车乱停乱放的查处力度。同时积极配合交通执法部门，大力整治两江名居营运三轮，从根本上净化两江名居的交通环境。 民警闫佳伟与反映人电话联系，了解反映人的诉求，并对我们的工作措施、下一步打算进行了说明和解释。&lt;/p&gt;&lt;p&gt;&lt;br/&gt;&lt;/p&gt;</Content>
  <Keyword>三轮车,两江,江名,交通,红绿灯</Keyword>
  <Photo4></Photo4>
  <Photo></Photo>
  <Photo2></Photo2>
  <Photo3></Photo3>
  <videoid>0</videoid>
  <videosource></videosource>
  <videourl></videourl>
  <isAudio>0</isAudio>
  <anuor></anuor>
  <mediatype>0</mediatype>
  <td_liveid></td_liveid>
  <epgchannelid>0</epgchannelid>
  <jumptype>0</jumptype>
  <href_app></href_app>
  <frame>0</frame>
  <secondcategory>0</secondcategory>
  <juxian_liveid>0</juxian_liveid>
  <juxian_companyid>0</juxian_companyid>
  <juxian_type>0</juxian_type>
  <juxian_user></juxian_user>
  <state>0</state>
  <start>0</start>
  <end>0</end>
  <live_shareurl></live_shareurl>
  <juxian_sourceid>0</juxian_sourceid>
  <payaction>0</payaction>
  <pdf></pdf>
  <Parent>0</Parent>
  <pv_virtual>0</pv_virtual>
  <pv>8</pv>
  <SubTitle></SubTitle>
  <Weight>0</Weight>
  <Tag></Tag>
  <SetPublishDate></SetPublishDate>
  <Status2>0</Status2>
  <IsPhotoNews>0</IsPhotoNews>
  <process>0</process>
  <duration></duration>
  <baoliao_userid>0</baoliao_userid>
  <baoliao_ispublic>1</baoliao_ispublic>
  <baoliaostatus>0</baoliaostatus>
  <interior_type>0</interior_type>
  <interior_id></interior_id>
  <allowcomment>1</allowcomment>
  <showread>1</showread>
  <phone></phone>
  <zan_virtual_num></zan_virtual_num>
  <allowadvert>1</allowadvert>
  <baoliao_localtion></baoliao_localtion>
  <jd></jd>
  <wd></wd>
  <showbaoliaouser>0</showbaoliaouser>
  <baoliao_photo2></baoliao_photo2>
  <baoliao_photo3></baoliao_photo3>
  <baoliao_photo4></baoliao_photo4>
  <baoliao_photo5></baoliao_photo5>
  <baoliao_photo6></baoliao_photo6>
  <baoliao_photo7></baoliao_photo7>
  <baoliao_photo8></baoliao_photo8>
  <baoliao_photo9></baoliao_photo9>
  <baoliao>0</baoliao>
  <wenzheng>0</wenzheng>
</root>
