<?xml version="1.0" encoding="utf-8"?>

<!--文章信息，创建时间：2019-12-11 18:6-->
<root>
  <ChannelID>14268</ChannelID>
  <Status>1</Status>
  <TotalPage>1</TotalPage>
  <Title>意见反馈</Title>
  <SubTitle></SubTitle>
  <PublishDate>2018-06-26 06:14:00</PublishDate>
  <Weight></Weight>
  <DocFrom></DocFrom>
  <IsPhotoNews></IsPhotoNews>
  <Summary></Summary>
  <Content>反馈</Content>
  <Photo></Photo>
  <Keyword></Keyword>
  <Tag></Tag>
  <SetPublishDate></SetPublishDate>
  <contact>18511603200</contact>
  <siteflag>53</siteflag>
</root>
