<?xml version="1.0" encoding="utf-8"?>

<!--文章信息，创建时间：2019-12-11 18:6-->
<root>
  <ChannelID>15930</ChannelID>
  <Status>1</Status>
  <TotalPage>1</TotalPage>
  <Title>v 6</Title>
  <SubTitle></SubTitle>
  <PublishDate>2017-08-03 04:29:00</PublishDate>
  <Weight>0</Weight>
  <DocFrom></DocFrom>
  <IsPhotoNews>0</IsPhotoNews>
  <Summary></Summary>
  <Content></Content>
  <Photo></Photo>
  <Keyword></Keyword>
  <Tag></Tag>
  <SetPublishDate></SetPublishDate>
  <designation>v 6</designation>
  <scoredown>10001</scoredown>
  <scoretop>20000</scoretop>
  <level>6</level>
</root>
