<?xml version="1.0" encoding="utf-8"?>

<!--频道结构信息，创建时间：2019-2-27 15:53-->
<root>
  <channel ListProgram="" DocumentProgram="" FolderName="interaction" Type="1" Id="15964" Name="互动管理" ImageFolderName="" SerialNo="s53_h" SiteID="53" AutoSerialNo="s53_h_a" IsDisplay="1" IsWeight="0" IsComment="0" IsClick="0" IsShowDraftNumber="0" Href="" Extra1="" ListJS="" DocumentJS="" TemplateInherit="1" Company="0" Application="interaction">
    <templates/>
    <channel ListProgram="" DocumentProgram="" FolderName="a" Type="0" Id="14270" Name="社区管理" ImageFolderName="" SerialNo="community" SiteID="53" AutoSerialNo="community_a" IsDisplay="1" IsWeight="0" IsComment="0" IsClick="0" IsShowDraftNumber="0" Href="" Extra1="" ListJS="" DocumentJS="" TemplateInherit="0" Company="0" Application="">
      <fields>
        <group id="6298" Name="内容编辑" Extra="" Url="" LinkChannel="0" Type="0"/>
        <group id="6299" Name="基本属性" Extra="" Url="" LinkChannel="0" Type="0"/>
        <field Name="Title" GroupID="6298" IsHide="0" DisableBlank="0" DisableEdit="0" Description="标题" FieldType="text" Options="" DefaultValue="" Other="" HtmlTemplate="" DictCode="" Size="0" Style="" RecommendChannel="" RecommendValue="" GroupChannel="" DataType="0" Caption="" RelationChannelID="0"/>
        <field Name="SubTitle" GroupID="6298" IsHide="1" DisableBlank="0" DisableEdit="0" Description="副标题" FieldType="text" Options="" DefaultValue="" Other="" HtmlTemplate="" DictCode="" Size="0" Style="" RecommendChannel="" RecommendValue="" GroupChannel="" DataType="0" Caption="" RelationChannelID="0"/>
        <field Name="PublishDate" GroupID="6299" IsHide="0" DisableBlank="0" DisableEdit="0" Description="发布日期" FieldType="datetime" Options="" DefaultValue="" Other="" HtmlTemplate="" DictCode="" Size="0" Style="" RecommendChannel="" RecommendValue="" GroupChannel="" DataType="0" Caption="" RelationChannelID="0"/>
        <field Name="Weight" GroupID="6299" IsHide="1" DisableBlank="0" DisableEdit="0" Description="权重" FieldType="text" Options="" DefaultValue="" Other="" HtmlTemplate="" DictCode="" Size="0" Style="" RecommendChannel="" RecommendValue="" GroupChannel="" DataType="0" Caption="" RelationChannelID="0"/>
        <field Name="DocFrom" GroupID="6299" IsHide="0" DisableBlank="0" DisableEdit="0" Description="文章来源" FieldType="text" Options="" DefaultValue="" Other="" HtmlTemplate="" DictCode="" Size="0" Style="" RecommendChannel="" RecommendValue="" GroupChannel="" DataType="0" Caption="" RelationChannelID="0"/>
        <field Name="IsPhotoNews" GroupID="6299" IsHide="0" DisableBlank="0" DisableEdit="0" Description="图片新闻" FieldType="checkbox" Options="" DefaultValue="" Other="" HtmlTemplate="" DictCode="" Size="0" Style="" RecommendChannel="" RecommendValue="" GroupChannel="" DataType="0" Caption="" RelationChannelID="0"/>
        <field Name="Summary" GroupID="6299" IsHide="0" DisableBlank="0" DisableEdit="0" Description="摘要" FieldType="textarea" Options="" DefaultValue="" Other="" HtmlTemplate="" DictCode="" Size="0" Style="" RecommendChannel="" RecommendValue="" GroupChannel="" DataType="0" Caption="" RelationChannelID="0"/>
        <field Name="Content" GroupID="6298" IsHide="0" DisableBlank="0" DisableEdit="0" Description="内容" FieldType="textarea" Options="" DefaultValue="" Other="" HtmlTemplate="" DictCode="" Size="0" Style="" RecommendChannel="" RecommendValue="" GroupChannel="" DataType="0" Caption="" RelationChannelID="0"/>
        <field Name="Photo" GroupID="6299" IsHide="0" DisableBlank="0" DisableEdit="0" Description="图片" FieldType="image" Options="" DefaultValue="" Other="" HtmlTemplate="" DictCode="" Size="0" Style="" RecommendChannel="" RecommendValue="" GroupChannel="" DataType="0" Caption="" RelationChannelID="0"/>
        <field Name="Keyword" GroupID="6299" IsHide="1" DisableBlank="0" DisableEdit="0" Description="关键词" FieldType="text" Options="" DefaultValue="" Other="" HtmlTemplate="" DictCode="" Size="0" Style="" RecommendChannel="" RecommendValue="" GroupChannel="" DataType="0" Caption="" RelationChannelID="0"/>
        <field Name="Tag" GroupID="6299" IsHide="1" DisableBlank="0" DisableEdit="0" Description="标签" FieldType="text" Options="" DefaultValue="" Other="" HtmlTemplate="" DictCode="" Size="0" Style="" RecommendChannel="" RecommendValue="" GroupChannel="" DataType="0" Caption="" RelationChannelID="0"/>
        <field Name="SetPublishDate" GroupID="6299" IsHide="1" DisableBlank="0" DisableEdit="0" Description="定时发布" FieldType="text" Options="" DefaultValue="" Other="" HtmlTemplate="" DictCode="" Size="0" Style="" RecommendChannel="" RecommendValue="" GroupChannel="" DataType="0" Caption="" RelationChannelID="0"/>
      </fields>
      <templates/>
      <channel ListProgram="../category/multi_category_content.jsp" DocumentProgram="" FolderName="f" Type="0" Id="15928" Name="话题管理" ImageFolderName="" SerialNo="community_s53_category" auto="false" SiteID="53" AutoSerialNo="community_s53_category_a" IsDisplay="1" IsWeight="0" IsComment="0" IsClick="0" IsShowDraftNumber="0" Href="" Extra1="" ListJS="" DocumentJS="" TemplateInherit="0" Company="0" Application="">
        <fields>
          <group id="8461" Name="内容编辑" Extra="" Url="" LinkChannel="0" Type="0"/>
          <field Name="Title" GroupID="8461" IsHide="0" DisableBlank="0" DisableEdit="0" Description="标题" FieldType="text" Options="" DefaultValue="" Other="" HtmlTemplate="" DictCode="" Size="0" Style="" RecommendChannel="" RecommendValue="" GroupChannel="" DataType="0" Caption="" RelationChannelID="0"/>
          <field Name="SubTitle" GroupID="8461" IsHide="1" DisableBlank="0" DisableEdit="0" Description="副标题" FieldType="text" Options="" DefaultValue="" Other="" HtmlTemplate="" DictCode="" Size="0" Style="" RecommendChannel="" RecommendValue="" GroupChannel="" DataType="0" Caption="" RelationChannelID="0"/>
          <field Name="PublishDate" GroupID="0" IsHide="0" DisableBlank="0" DisableEdit="0" Description="发布日期" FieldType="datetime" Options="" DefaultValue="" Other="" HtmlTemplate="" DictCode="" Size="0" Style="" RecommendChannel="" RecommendValue="" GroupChannel="" DataType="0" Caption="" RelationChannelID="0"/>
          <field Name="Weight" GroupID="0" IsHide="1" DisableBlank="0" DisableEdit="0" Description="权重" FieldType="text" Options="" DefaultValue="" Other="" HtmlTemplate="" DictCode="" Size="0" Style="" RecommendChannel="" RecommendValue="" GroupChannel="" DataType="0" Caption="" RelationChannelID="0"/>
          <field Name="DocFrom" GroupID="0" IsHide="0" DisableBlank="0" DisableEdit="0" Description="文章来源" FieldType="text" Options="" DefaultValue="" Other="" HtmlTemplate="" DictCode="" Size="0" Style="" RecommendChannel="" RecommendValue="" GroupChannel="" DataType="0" Caption="" RelationChannelID="0"/>
          <field Name="IsPhotoNews" GroupID="0" IsHide="0" DisableBlank="0" DisableEdit="0" Description="图片新闻" FieldType="checkbox" Options="" DefaultValue="" Other="" HtmlTemplate="" DictCode="" Size="0" Style="" RecommendChannel="" RecommendValue="" GroupChannel="" DataType="0" Caption="" RelationChannelID="0"/>
          <field Name="Summary" GroupID="0" IsHide="0" DisableBlank="0" DisableEdit="0" Description="摘要" FieldType="textarea" Options="" DefaultValue="" Other="" HtmlTemplate="" DictCode="" Size="0" Style="" RecommendChannel="" RecommendValue="" GroupChannel="" DataType="0" Caption="" RelationChannelID="0"/>
          <field Name="Content" GroupID="8461" IsHide="0" DisableBlank="0" DisableEdit="0" Description="内容" FieldType="textarea" Options="" DefaultValue="" Other="" HtmlTemplate="" DictCode="" Size="0" Style="" RecommendChannel="" RecommendValue="" GroupChannel="" DataType="0" Caption="" RelationChannelID="0"/>
          <field Name="Photo" GroupID="0" IsHide="0" DisableBlank="0" DisableEdit="0" Description="图片" FieldType="image" Options="" DefaultValue="" Other="" HtmlTemplate="" DictCode="" Size="0" Style="" RecommendChannel="" RecommendValue="" GroupChannel="" DataType="0" Caption="" RelationChannelID="0"/>
          <field Name="Keyword" GroupID="0" IsHide="1" DisableBlank="0" DisableEdit="0" Description="关键词" FieldType="text" Options="" DefaultValue="" Other="" HtmlTemplate="" DictCode="" Size="0" Style="" RecommendChannel="" RecommendValue="" GroupChannel="" DataType="0" Caption="" RelationChannelID="0"/>
          <field Name="Tag" GroupID="0" IsHide="1" DisableBlank="0" DisableEdit="0" Description="标签" FieldType="text" Options="" DefaultValue="" Other="" HtmlTemplate="" DictCode="" Size="0" Style="" RecommendChannel="" RecommendValue="" GroupChannel="" DataType="0" Caption="" RelationChannelID="0"/>
          <field Name="SetPublishDate" GroupID="0" IsHide="1" DisableBlank="0" DisableEdit="0" Description="定时发布" FieldType="text" Options="" DefaultValue="" Other="" HtmlTemplate="" DictCode="" Size="0" Style="" RecommendChannel="" RecommendValue="" GroupChannel="" DataType="0" Caption="" RelationChannelID="0"/>
          <field Name="Parent" GroupID="8461" IsHide="0" DisableBlank="0" DisableEdit="0" Description="父编号" FieldType="number" Options="" DefaultValue="" Other="null" HtmlTemplate="" DictCode="" Size="0" Style="null" RecommendChannel="" RecommendValue="" GroupChannel="" DataType="0" Caption="" RelationChannelID="0"/>
          <field Name="Level" GroupID="8461" IsHide="0" DisableBlank="0" DisableEdit="0" Description="层级" FieldType="number" Options="" DefaultValue="" Other="null" HtmlTemplate="" DictCode="" Size="0" Style="null" RecommendChannel="" RecommendValue="" GroupChannel="" DataType="0" Caption="" RelationChannelID="0"/>
          <field Name="hasNextLevel" GroupID="8461" IsHide="0" DisableBlank="0" DisableEdit="0" Description="是否存在子集" FieldType="number" Options="" DefaultValue="" Other="null" HtmlTemplate="" DictCode="" Size="0" Style="null" RecommendChannel="" RecommendValue="" GroupChannel="" DataType="0" Caption="" RelationChannelID="0"/>
          <field Name="PhotoTop" GroupID="8461" IsHide="0" DisableBlank="0" DisableEdit="0" Description="模块主题图" FieldType="image" Options="" DefaultValue="" Other="null" HtmlTemplate="" DictCode="" Size="0" Style="null" RecommendChannel="" RecommendValue="" GroupChannel="" DataType="0" Caption="" RelationChannelID="0"/>
        </fields>
        <templates/>
      </channel>
      <channel ListProgram="" DocumentProgram="" FolderName="a" Type="0" Id="14271" Name="帖子管理" ImageFolderName="" SerialNo="community_topic" auto="false" SiteID="53" AutoSerialNo="community_topic_a" IsDisplay="1" IsWeight="0" IsComment="0" IsClick="0" IsShowDraftNumber="0" Href="" Extra1="" ListJS="" DocumentJS="" TemplateInherit="0" Company="0" Application="">
        <fields>
          <group id="6300" Name="内容编辑" Extra="" Url="" LinkChannel="0" Type="0"/>
          <group id="6353" Name="图片" Extra="" Url="../photo/document_photo_list.jsp" LinkChannel="0" Type="4"/>
          <field Name="Title" GroupID="6300" IsHide="0" DisableBlank="0" DisableEdit="0" Description="帖子主体" FieldType="text" Options="" DefaultValue="" Other="" HtmlTemplate="" DictCode="" Size="0" Style="" RecommendChannel="" RecommendValue="" GroupChannel="" DataType="0" Caption="" RelationChannelID="0"/>
          <field Name="SubTitle" GroupID="6300" IsHide="1" DisableBlank="0" DisableEdit="0" Description="副标题" FieldType="text" Options="" DefaultValue="" Other="" HtmlTemplate="" DictCode="" Size="0" Style="" RecommendChannel="" RecommendValue="" GroupChannel="" DataType="0" Caption="" RelationChannelID="0"/>
          <field Name="PublishDate" GroupID="0" IsHide="0" DisableBlank="0" DisableEdit="0" Description="发布日期" FieldType="datetime" Options="" DefaultValue="" Other="" HtmlTemplate="" DictCode="" Size="0" Style="" RecommendChannel="" RecommendValue="" GroupChannel="" DataType="0" Caption="" RelationChannelID="0"/>
          <field Name="Weight" GroupID="0" IsHide="1" DisableBlank="0" DisableEdit="0" Description="权重" FieldType="text" Options="" DefaultValue="" Other="" HtmlTemplate="" DictCode="" Size="0" Style="" RecommendChannel="" RecommendValue="" GroupChannel="" DataType="0" Caption="" RelationChannelID="0"/>
          <field Name="DocFrom" GroupID="0" IsHide="1" DisableBlank="0" DisableEdit="0" Description="文章来源" FieldType="text" Options="" DefaultValue="" Other="" HtmlTemplate="" DictCode="" Size="0" Style="" RecommendChannel="" RecommendValue="" GroupChannel="" DataType="0" Caption="" RelationChannelID="0"/>
          <field Name="IsPhotoNews" GroupID="0" IsHide="1" DisableBlank="0" DisableEdit="0" Description="图片新闻" FieldType="checkbox" Options="" DefaultValue="" Other="" HtmlTemplate="" DictCode="" Size="0" Style="" RecommendChannel="" RecommendValue="" GroupChannel="" DataType="0" Caption="" RelationChannelID="0"/>
          <field Name="Summary" GroupID="0" IsHide="1" DisableBlank="0" DisableEdit="0" Description="摘要" FieldType="textarea" Options="" DefaultValue="" Other="" HtmlTemplate="" DictCode="" Size="0" Style="" RecommendChannel="" RecommendValue="" GroupChannel="" DataType="0" Caption="" RelationChannelID="0"/>
          <field Name="Content" GroupID="6300" IsHide="1" DisableBlank="0" DisableEdit="0" Description="内容" FieldType="textarea" Options="" DefaultValue="" Other="" HtmlTemplate="" DictCode="" Size="0" Style="" RecommendChannel="" RecommendValue="" GroupChannel="" DataType="0" Caption="" RelationChannelID="0"/>
          <field Name="Photo" GroupID="0" IsHide="0" DisableBlank="0" DisableEdit="0" Description="图片" FieldType="image" Options="" DefaultValue="" Other="" HtmlTemplate="" DictCode="" Size="0" Style="" RecommendChannel="" RecommendValue="" GroupChannel="" DataType="0" Caption="" RelationChannelID="0"/>
          <field Name="Keyword" GroupID="0" IsHide="1" DisableBlank="0" DisableEdit="0" Description="关键词" FieldType="text" Options="" DefaultValue="" Other="" HtmlTemplate="" DictCode="" Size="0" Style="" RecommendChannel="" RecommendValue="" GroupChannel="" DataType="0" Caption="" RelationChannelID="0"/>
          <field Name="Tag" GroupID="0" IsHide="1" DisableBlank="0" DisableEdit="0" Description="标签" FieldType="text" Options="" DefaultValue="" Other="" HtmlTemplate="" DictCode="" Size="0" Style="" RecommendChannel="" RecommendValue="" GroupChannel="" DataType="0" Caption="" RelationChannelID="0"/>
          <field Name="SetPublishDate" GroupID="0" IsHide="1" DisableBlank="0" DisableEdit="0" Description="定时发布" FieldType="text" Options="" DefaultValue="" Other="" HtmlTemplate="" DictCode="" Size="0" Style="" RecommendChannel="" RecommendValue="" GroupChannel="" DataType="0" Caption="" RelationChannelID="0"/>
          <field Name="txtContent" GroupID="6300" IsHide="0" DisableBlank="0" DisableEdit="0" Description="帖子内容" FieldType="textarea" Options="" DefaultValue="" Other="" HtmlTemplate="" DictCode="" Size="0" Style="" RecommendChannel="" RecommendValue="" GroupChannel="" DataType="0" Caption="" RelationChannelID="0"/>
          <field Name="userid" GroupID="6300" IsHide="0" DisableBlank="0" DisableEdit="0" Description="用户编号" FieldType="number" Options="" DefaultValue="" Other="" HtmlTemplate="" DictCode="" Size="0" Style="" RecommendChannel="" RecommendValue="" GroupChannel="" DataType="0" Caption="" RelationChannelID="0"/>
          <field Name="doc_type" GroupID="6300" IsHide="0" DisableBlank="0" DisableEdit="0" Description="内容类型" FieldType="radio" Options="图文(0)$tidemedia$视频(1)$tidemedia$" DefaultValue="" Other="" HtmlTemplate="" DictCode="" Size="0" Style="" RecommendChannel="" RecommendValue="" GroupChannel="" DataType="1" Caption="" RelationChannelID="0"/>
          <field Name="videourl" GroupID="6300" IsHide="0" DisableBlank="0" DisableEdit="0" Description="视频地址" FieldType="text" Options="" DefaultValue="" Other="" HtmlTemplate="" DictCode="" Size="0" Style="" RecommendChannel="" RecommendValue="" GroupChannel="" DataType="0" Caption="" RelationChannelID="0"/>
          <field Name="siteflag" GroupID="6300" IsHide="0" DisableBlank="0" DisableEdit="0" Description="客户端归属" FieldType="number" Options="" DefaultValue="" Other="" HtmlTemplate="" DictCode="" Size="0" Style="" RecommendChannel="" RecommendValue="" GroupChannel="" DataType="0" Caption="" RelationChannelID="0"/>
          <field Name="themename" GroupID="6300" IsHide="0" DisableBlank="0" DisableEdit="0" Description="所属话题" FieldType="text" Options="" DefaultValue="" Other="" HtmlTemplate="" DictCode="" Size="0" Style="" RecommendChannel="" RecommendValue="" GroupChannel="" DataType="0" Caption="" RelationChannelID="0"/>
          <field Name="model" GroupID="6300" IsHide="0" DisableBlank="0" DisableEdit="0" Description="所属板块" FieldType="number" Options="" DefaultValue="" Other="" HtmlTemplate="" DictCode="" Size="0" Style="" RecommendChannel="" RecommendValue="" GroupChannel="" DataType="0" Caption="" RelationChannelID="0"/>
          <field Name="zancount" GroupID="6300" IsHide="0" DisableBlank="0" DisableEdit="0" Description="点赞数量" FieldType="number" Options="" DefaultValue="0" Other="" HtmlTemplate="" DictCode="" Size="0" Style="" RecommendChannel="" RecommendValue="" GroupChannel="" DataType="0" Caption="" RelationChannelID="0"/>
          <field Name="localtion" GroupID="6300" IsHide="0" DisableBlank="0" DisableEdit="0" Description="发帖人位置" FieldType="text" Options="" DefaultValue="" Other="" HtmlTemplate="" DictCode="" Size="0" Style="" RecommendChannel="" RecommendValue="" GroupChannel="" DataType="0" Caption="" RelationChannelID="0"/>
          <field Name="jd" GroupID="6300" IsHide="0" DisableBlank="0" DisableEdit="0" Description="经度" FieldType="text" Options="" DefaultValue="" Other="" HtmlTemplate="" DictCode="" Size="0" Style="" RecommendChannel="" RecommendValue="" GroupChannel="" DataType="0" Caption="" RelationChannelID="0"/>
          <field Name="wd" GroupID="6300" IsHide="0" DisableBlank="0" DisableEdit="0" Description="纬度" FieldType="text" Options="" DefaultValue="" Other="" HtmlTemplate="" DictCode="" Size="0" Style="" RecommendChannel="" RecommendValue="" GroupChannel="" DataType="0" Caption="" RelationChannelID="0"/>
        </fields>
        <templates>
          <template TemplateID="939" ChannelID="14271" LinkTemplate="0" Charset="" RowsPerPage="0" SubFolderType="0" TemplateType="2" FileNameType="0" FileNameField="" Rows="0" WhereSql="" Lable="" TitleWord="0" Href="" PublishInterval="0" IncludeChildChannel="0" IsInherit="0" TargetName="wap_content.shtml"/>
        </templates>
      </channel>
      <channel ListProgram="" DocumentProgram="" FolderName="a" Type="0" Id="14272" Name="帖子评论管理" ImageFolderName="" SerialNo="community_comment" auto="false" SiteID="53" AutoSerialNo="community_comment_a" IsDisplay="1" IsWeight="0" IsComment="0" IsClick="0" IsShowDraftNumber="0" Href="" Extra1="" ListJS="" DocumentJS="" TemplateInherit="0" Company="0" Application="">
        <fields>
          <group id="6302" Name="内容编辑" Extra="" Url="" LinkChannel="0" Type="0"/>
          <group id="6303" Name="基本属性" Extra="" Url="" LinkChannel="0" Type="0"/>
          <field Name="Title" GroupID="6302" IsHide="0" DisableBlank="0" DisableEdit="0" Description="标题" FieldType="text" Options="" DefaultValue="" Other="" HtmlTemplate="" DictCode="" Size="0" Style="" RecommendChannel="" RecommendValue="" GroupChannel="" DataType="0" Caption="" RelationChannelID="0"/>
          <field Name="SubTitle" GroupID="6302" IsHide="1" DisableBlank="0" DisableEdit="0" Description="副标题" FieldType="text" Options="" DefaultValue="" Other="" HtmlTemplate="" DictCode="" Size="0" Style="" RecommendChannel="" RecommendValue="" GroupChannel="" DataType="0" Caption="" RelationChannelID="0"/>
          <field Name="PublishDate" GroupID="6303" IsHide="0" DisableBlank="0" DisableEdit="0" Description="发布日期" FieldType="datetime" Options="" DefaultValue="" Other="" HtmlTemplate="" DictCode="" Size="0" Style="" RecommendChannel="" RecommendValue="" GroupChannel="" DataType="0" Caption="" RelationChannelID="0"/>
          <field Name="Weight" GroupID="6303" IsHide="1" DisableBlank="0" DisableEdit="0" Description="权重" FieldType="text" Options="" DefaultValue="" Other="" HtmlTemplate="" DictCode="" Size="0" Style="" RecommendChannel="" RecommendValue="" GroupChannel="" DataType="0" Caption="" RelationChannelID="0"/>
          <field Name="DocFrom" GroupID="6303" IsHide="0" DisableBlank="0" DisableEdit="0" Description="文章来源" FieldType="text" Options="" DefaultValue="" Other="" HtmlTemplate="" DictCode="" Size="0" Style="" RecommendChannel="" RecommendValue="" GroupChannel="" DataType="0" Caption="" RelationChannelID="0"/>
          <field Name="IsPhotoNews" GroupID="6303" IsHide="0" DisableBlank="0" DisableEdit="0" Description="图片新闻" FieldType="checkbox" Options="" DefaultValue="" Other="" HtmlTemplate="" DictCode="" Size="0" Style="" RecommendChannel="" RecommendValue="" GroupChannel="" DataType="0" Caption="" RelationChannelID="0"/>
          <field Name="Summary" GroupID="6303" IsHide="0" DisableBlank="0" DisableEdit="0" Description="摘要" FieldType="textarea" Options="" DefaultValue="" Other="" HtmlTemplate="" DictCode="" Size="0" Style="" RecommendChannel="" RecommendValue="" GroupChannel="" DataType="0" Caption="" RelationChannelID="0"/>
          <field Name="Content" GroupID="6302" IsHide="1" DisableBlank="0" DisableEdit="0" Description="评论内容" FieldType="textarea" Options="" DefaultValue="" Other="" HtmlTemplate="" DictCode="" Size="0" Style="" RecommendChannel="" RecommendValue="" GroupChannel="" DataType="0" Caption="" RelationChannelID="0"/>
          <field Name="Photo" GroupID="6303" IsHide="0" DisableBlank="0" DisableEdit="0" Description="图片" FieldType="image" Options="" DefaultValue="" Other="" HtmlTemplate="" DictCode="" Size="0" Style="" RecommendChannel="" RecommendValue="" GroupChannel="" DataType="0" Caption="" RelationChannelID="0"/>
          <field Name="Keyword" GroupID="6303" IsHide="1" DisableBlank="0" DisableEdit="0" Description="关键词" FieldType="text" Options="" DefaultValue="" Other="" HtmlTemplate="" DictCode="" Size="0" Style="" RecommendChannel="" RecommendValue="" GroupChannel="" DataType="0" Caption="" RelationChannelID="0"/>
          <field Name="Tag" GroupID="6303" IsHide="1" DisableBlank="0" DisableEdit="0" Description="标签" FieldType="text" Options="" DefaultValue="" Other="" HtmlTemplate="" DictCode="" Size="0" Style="" RecommendChannel="" RecommendValue="" GroupChannel="" DataType="0" Caption="" RelationChannelID="0"/>
          <field Name="SetPublishDate" GroupID="6303" IsHide="1" DisableBlank="0" DisableEdit="0" Description="定时发布" FieldType="text" Options="" DefaultValue="" Other="" HtmlTemplate="" DictCode="" Size="0" Style="" RecommendChannel="" RecommendValue="" GroupChannel="" DataType="0" Caption="" RelationChannelID="0"/>
          <field Name="txtContent" GroupID="6302" IsHide="0" DisableBlank="0" DisableEdit="0" Description="评论内容" FieldType="textarea" Options="" DefaultValue="" Other="" HtmlTemplate="" DictCode="" Size="0" Style="" RecommendChannel="" RecommendValue="" GroupChannel="" DataType="0" Caption="" RelationChannelID="0"/>
          <field Name="parent" GroupID="6302" IsHide="0" DisableBlank="0" DisableEdit="0" Description="二级评论父id" FieldType="number" Options="" DefaultValue="" Other="" HtmlTemplate="" DictCode="" Size="0" Style="" RecommendChannel="" RecommendValue="" GroupChannel="" DataType="0" Caption="" RelationChannelID="0"/>
          <field Name="username" GroupID="6302" IsHide="0" DisableBlank="0" DisableEdit="0" Description="用户名" FieldType="text" Options="" DefaultValue="" Other="" HtmlTemplate="" DictCode="" Size="0" Style="" RecommendChannel="" RecommendValue="" GroupChannel="" DataType="0" Caption="" RelationChannelID="0"/>
          <field Name="userid" GroupID="6302" IsHide="0" DisableBlank="0" DisableEdit="0" Description="用户编号" FieldType="number" Options="" DefaultValue="" Other="" HtmlTemplate="" DictCode="" Size="0" Style="" RecommendChannel="" RecommendValue="" GroupChannel="" DataType="0" Caption="" RelationChannelID="0"/>
          <field Name="item_gid" GroupID="6302" IsHide="0" DisableBlank="0" DisableEdit="0" Description="活动主题id" FieldType="number" Options="" DefaultValue="" Other="" HtmlTemplate="" DictCode="" Size="0" Style="" RecommendChannel="" RecommendValue="" GroupChannel="" DataType="0" Caption="" RelationChannelID="0"/>
          <field Name="siteflag" GroupID="6302" IsHide="0" DisableBlank="0" DisableEdit="0" Description="客户端归属" FieldType="number" Options="" DefaultValue="" Other="" HtmlTemplate="" DictCode="" Size="0" Style="" RecommendChannel="" RecommendValue="" GroupChannel="" DataType="0" Caption="" RelationChannelID="0"/>
          <field Name="targetusername" GroupID="6302" IsHide="0" DisableBlank="0" DisableEdit="0" Description="目标用户名" FieldType="text" Options="" DefaultValue="" Other="" HtmlTemplate="" DictCode="" Size="0" Style="" RecommendChannel="" RecommendValue="" GroupChannel="" DataType="0" Caption="" RelationChannelID="0"/>
          <field Name="targetid" GroupID="6302" IsHide="0" DisableBlank="0" DisableEdit="0" Description="目标用户编号" FieldType="number" Options="" DefaultValue="" Other="" HtmlTemplate="" DictCode="" Size="0" Style="" RecommendChannel="" RecommendValue="" GroupChannel="" DataType="0" Caption="" RelationChannelID="0"/>
          <field Name="readstatus" GroupID="6302" IsHide="0" DisableBlank="0" DisableEdit="0" Description="已读状态" FieldType="radio" Options="未读(0)$tidemedia$已读(1)$tidemedia$" DefaultValue="0" Other="" HtmlTemplate="" DictCode="" Size="0" Style="" RecommendChannel="" RecommendValue="" GroupChannel="" DataType="1" Caption="" RelationChannelID="0"/>
        </fields>
        <templates/>
      </channel>
      <channel ListProgram="" DocumentProgram="" FolderName="d" Type="0" Id="15929" Name="社区积分规则设置" ImageFolderName="" SerialNo="community_s53_levelrule" auto="false" SiteID="53" AutoSerialNo="community_s53_levelrule_a" IsDisplay="1" IsWeight="0" IsComment="0" IsClick="0" IsShowDraftNumber="0" Href="" Extra1="" ListJS="" DocumentJS="" TemplateInherit="0" Company="0" Application="">
        <fields>
          <group id="8463" Name="内容编辑" Extra="" Url="" LinkChannel="0" Type="0"/>
          <field Name="Title" GroupID="8463" IsHide="0" DisableBlank="0" DisableEdit="0" Description="规则简述" FieldType="text" Options="" DefaultValue="" Other="" HtmlTemplate="" DictCode="" Size="0" Style="" RecommendChannel="" RecommendValue="" GroupChannel="" DataType="0" Caption="" RelationChannelID="0"/>
          <field Name="SubTitle" GroupID="8463" IsHide="1" DisableBlank="0" DisableEdit="0" Description="副标题" FieldType="text" Options="" DefaultValue="" Other="" HtmlTemplate="" DictCode="" Size="0" Style="" RecommendChannel="" RecommendValue="" GroupChannel="" DataType="0" Caption="" RelationChannelID="0"/>
          <field Name="PublishDate" GroupID="0" IsHide="0" DisableBlank="0" DisableEdit="0" Description="发布日期" FieldType="datetime" Options="" DefaultValue="" Other="" HtmlTemplate="" DictCode="" Size="0" Style="" RecommendChannel="" RecommendValue="" GroupChannel="" DataType="0" Caption="" RelationChannelID="0"/>
          <field Name="Weight" GroupID="0" IsHide="1" DisableBlank="0" DisableEdit="0" Description="权重" FieldType="text" Options="" DefaultValue="" Other="" HtmlTemplate="" DictCode="" Size="0" Style="" RecommendChannel="" RecommendValue="" GroupChannel="" DataType="0" Caption="" RelationChannelID="0"/>
          <field Name="DocFrom" GroupID="0" IsHide="1" DisableBlank="0" DisableEdit="0" Description="文章来源" FieldType="text" Options="" DefaultValue="" Other="" HtmlTemplate="" DictCode="" Size="0" Style="" RecommendChannel="" RecommendValue="" GroupChannel="" DataType="0" Caption="" RelationChannelID="0"/>
          <field Name="IsPhotoNews" GroupID="0" IsHide="1" DisableBlank="0" DisableEdit="0" Description="图片新闻" FieldType="checkbox" Options="" DefaultValue="" Other="" HtmlTemplate="" DictCode="" Size="0" Style="" RecommendChannel="" RecommendValue="" GroupChannel="" DataType="0" Caption="" RelationChannelID="0"/>
          <field Name="Summary" GroupID="0" IsHide="1" DisableBlank="0" DisableEdit="0" Description="摘要" FieldType="textarea" Options="" DefaultValue="" Other="" HtmlTemplate="" DictCode="" Size="0" Style="" RecommendChannel="" RecommendValue="" GroupChannel="" DataType="0" Caption="" RelationChannelID="0"/>
          <field Name="Content" GroupID="8463" IsHide="1" DisableBlank="0" DisableEdit="0" Description="内容" FieldType="textarea" Options="" DefaultValue="" Other="" HtmlTemplate="" DictCode="" Size="0" Style="" RecommendChannel="" RecommendValue="" GroupChannel="" DataType="0" Caption="" RelationChannelID="0"/>
          <field Name="Photo" GroupID="0" IsHide="1" DisableBlank="0" DisableEdit="0" Description="图片" FieldType="image" Options="" DefaultValue="" Other="" HtmlTemplate="" DictCode="" Size="0" Style="" RecommendChannel="" RecommendValue="" GroupChannel="" DataType="0" Caption="" RelationChannelID="0"/>
          <field Name="Keyword" GroupID="0" IsHide="1" DisableBlank="0" DisableEdit="0" Description="关键词" FieldType="text" Options="" DefaultValue="" Other="" HtmlTemplate="" DictCode="" Size="0" Style="" RecommendChannel="" RecommendValue="" GroupChannel="" DataType="0" Caption="" RelationChannelID="0"/>
          <field Name="Tag" GroupID="0" IsHide="1" DisableBlank="0" DisableEdit="0" Description="标签" FieldType="text" Options="" DefaultValue="" Other="" HtmlTemplate="" DictCode="" Size="0" Style="" RecommendChannel="" RecommendValue="" GroupChannel="" DataType="0" Caption="" RelationChannelID="0"/>
          <field Name="SetPublishDate" GroupID="0" IsHide="1" DisableBlank="0" DisableEdit="0" Description="定时发布" FieldType="text" Options="" DefaultValue="" Other="" HtmlTemplate="" DictCode="" Size="0" Style="" RecommendChannel="" RecommendValue="" GroupChannel="" DataType="0" Caption="" RelationChannelID="0"/>
          <field Name="ruletype" GroupID="8463" IsHide="0" DisableBlank="0" DisableEdit="0" Description="规则类型" FieldType="radio" Options="签到(1)$tidemedia$发帖(2)$tidemedia$分享(3)$tidemedia$评论(4)$tidemedia$点赞(5)$tidemedia$被分享(6)$tidemedia$被评论(7)$tidemedia$被点赞(8)$tidemedia$" DefaultValue="" Other="null" HtmlTemplate="" DictCode="" Size="0" Style="" RecommendChannel="" RecommendValue="" GroupChannel="" DataType="1" Caption="" RelationChannelID="0"/>
          <field Name="upcontrol" GroupID="8463" IsHide="0" DisableBlank="0" DisableEdit="0" Description="加分上限控制" FieldType="number" Options="" DefaultValue="" Other="null" HtmlTemplate="" DictCode="" Size="0" Style="null" RecommendChannel="" RecommendValue="" GroupChannel="" DataType="0" Caption="" RelationChannelID="0"/>
          <field Name="scoreoperate" GroupID="8463" IsHide="0" DisableBlank="0" DisableEdit="0" Description="单次积分" FieldType="number" Options="" DefaultValue="" Other="null" HtmlTemplate="" DictCode="" Size="0" Style="null" RecommendChannel="" RecommendValue="" GroupChannel="" DataType="0" Caption="" RelationChannelID="0"/>
          <field Name="hour" GroupID="8463" IsHide="0" DisableBlank="0" DisableEdit="0" Description="加分上限时间范围(天)" FieldType="number" Options="" DefaultValue="" Other="null" HtmlTemplate="" DictCode="" Size="0" Style="null" RecommendChannel="" RecommendValue="" GroupChannel="" DataType="0" Caption="" RelationChannelID="0"/>
          <field Name="extra_days" GroupID="8463" IsHide="0" DisableBlank="0" DisableEdit="0" Description="连续xx天登陆给予额外积分奖励" FieldType="number" Options="" DefaultValue="" Other="null" HtmlTemplate="" DictCode="" Size="0" Style="null" RecommendChannel="" RecommendValue="" GroupChannel="" DataType="0" Caption="" RelationChannelID="0"/>
          <field Name="extra_score" GroupID="8463" IsHide="0" DisableBlank="0" DisableEdit="0" Description="额外积分(仅签到)" FieldType="number" Options="" DefaultValue="" Other="null" HtmlTemplate="" DictCode="" Size="0" Style="null" RecommendChannel="" RecommendValue="" GroupChannel="" DataType="0" Caption="" RelationChannelID="0"/>
        </fields>
        <templates>
          <template TemplateID="1486" ChannelID="15929" LinkTemplate="0" Charset="" RowsPerPage="0" SubFolderType="0" TemplateType="3" FileNameType="0" FileNameField="" Rows="0" WhereSql="" Lable="" TitleWord="0" Href="" PublishInterval="0" IncludeChildChannel="0" IsInherit="0" TargetName="grade_rules.html"/>
        </templates>
      </channel>
      <channel ListProgram="" DocumentProgram="" FolderName="d" Type="0" Id="15930" Name="社区等级制度设置" ImageFolderName="" SerialNo="community_s53_level" auto="false" SiteID="53" AutoSerialNo="community_s53_level_a" IsDisplay="1" IsWeight="0" IsComment="0" IsClick="0" IsShowDraftNumber="0" Href="" Extra1="" ListJS="" DocumentJS="" TemplateInherit="0" Company="0" Application="">
        <fields>
          <group id="8465" Name="内容编辑" Extra="" Url="" LinkChannel="0" Type="0"/>
          <field Name="Title" GroupID="8465" IsHide="0" DisableBlank="0" DisableEdit="0" Description="等级名称(描述)" FieldType="text" Options="" DefaultValue="" Other="" HtmlTemplate="" DictCode="" Size="0" Style="" RecommendChannel="" RecommendValue="" GroupChannel="" DataType="0" Caption="" RelationChannelID="0"/>
          <field Name="SubTitle" GroupID="8465" IsHide="1" DisableBlank="0" DisableEdit="0" Description="副标题" FieldType="text" Options="" DefaultValue="" Other="" HtmlTemplate="" DictCode="" Size="0" Style="" RecommendChannel="" RecommendValue="" GroupChannel="" DataType="0" Caption="" RelationChannelID="0"/>
          <field Name="PublishDate" GroupID="0" IsHide="0" DisableBlank="0" DisableEdit="0" Description="发布日期" FieldType="datetime" Options="" DefaultValue="" Other="" HtmlTemplate="" DictCode="" Size="0" Style="" RecommendChannel="" RecommendValue="" GroupChannel="" DataType="0" Caption="" RelationChannelID="0"/>
          <field Name="Weight" GroupID="0" IsHide="1" DisableBlank="0" DisableEdit="0" Description="权重" FieldType="text" Options="" DefaultValue="" Other="" HtmlTemplate="" DictCode="" Size="0" Style="" RecommendChannel="" RecommendValue="" GroupChannel="" DataType="0" Caption="" RelationChannelID="0"/>
          <field Name="DocFrom" GroupID="0" IsHide="1" DisableBlank="0" DisableEdit="0" Description="文章来源" FieldType="text" Options="" DefaultValue="" Other="" HtmlTemplate="" DictCode="" Size="0" Style="" RecommendChannel="" RecommendValue="" GroupChannel="" DataType="0" Caption="" RelationChannelID="0"/>
          <field Name="IsPhotoNews" GroupID="0" IsHide="1" DisableBlank="0" DisableEdit="0" Description="图片新闻" FieldType="checkbox" Options="" DefaultValue="" Other="" HtmlTemplate="" DictCode="" Size="0" Style="" RecommendChannel="" RecommendValue="" GroupChannel="" DataType="0" Caption="" RelationChannelID="0"/>
          <field Name="Summary" GroupID="0" IsHide="1" DisableBlank="0" DisableEdit="0" Description="摘要" FieldType="textarea" Options="" DefaultValue="" Other="" HtmlTemplate="" DictCode="" Size="0" Style="" RecommendChannel="" RecommendValue="" GroupChannel="" DataType="0" Caption="" RelationChannelID="0"/>
          <field Name="Content" GroupID="8465" IsHide="1" DisableBlank="0" DisableEdit="0" Description="内容" FieldType="textarea" Options="" DefaultValue="" Other="" HtmlTemplate="" DictCode="" Size="0" Style="" RecommendChannel="" RecommendValue="" GroupChannel="" DataType="0" Caption="" RelationChannelID="0"/>
          <field Name="Photo" GroupID="0" IsHide="1" DisableBlank="0" DisableEdit="0" Description="图片" FieldType="image" Options="" DefaultValue="" Other="" HtmlTemplate="" DictCode="" Size="0" Style="" RecommendChannel="" RecommendValue="" GroupChannel="" DataType="0" Caption="" RelationChannelID="0"/>
          <field Name="Keyword" GroupID="0" IsHide="1" DisableBlank="0" DisableEdit="0" Description="关键词" FieldType="text" Options="" DefaultValue="" Other="" HtmlTemplate="" DictCode="" Size="0" Style="" RecommendChannel="" RecommendValue="" GroupChannel="" DataType="0" Caption="" RelationChannelID="0"/>
          <field Name="Tag" GroupID="0" IsHide="1" DisableBlank="0" DisableEdit="0" Description="标签" FieldType="text" Options="" DefaultValue="" Other="" HtmlTemplate="" DictCode="" Size="0" Style="" RecommendChannel="" RecommendValue="" GroupChannel="" DataType="0" Caption="" RelationChannelID="0"/>
          <field Name="SetPublishDate" GroupID="0" IsHide="1" DisableBlank="0" DisableEdit="0" Description="定时发布" FieldType="text" Options="" DefaultValue="" Other="" HtmlTemplate="" DictCode="" Size="0" Style="" RecommendChannel="" RecommendValue="" GroupChannel="" DataType="0" Caption="" RelationChannelID="0"/>
          <field Name="designation" GroupID="8465" IsHide="0" DisableBlank="0" DisableEdit="0" Description="头衔(APP端展示)" FieldType="text" Options="" DefaultValue="" Other="null" HtmlTemplate="" DictCode="" Size="0" Style="null" RecommendChannel="" RecommendValue="" GroupChannel="" DataType="0" Caption="" RelationChannelID="0"/>
          <field Name="scoredown" GroupID="8465" IsHide="0" DisableBlank="0" DisableEdit="0" Description="积分范围(下限)" FieldType="number" Options="" DefaultValue="" Other="null" HtmlTemplate="" DictCode="" Size="0" Style="null" RecommendChannel="" RecommendValue="" GroupChannel="" DataType="0" Caption="" RelationChannelID="0"/>
          <field Name="scoretop" GroupID="8465" IsHide="0" DisableBlank="0" DisableEdit="0" Description="积分范围(上限)" FieldType="number" Options="" DefaultValue="" Other="null" HtmlTemplate="" DictCode="" Size="0" Style="null" RecommendChannel="" RecommendValue="" GroupChannel="" DataType="0" Caption="" RelationChannelID="0"/>
          <field Name="level" GroupID="8465" IsHide="0" DisableBlank="0" DisableEdit="0" Description="当前等级序号" FieldType="number" Options="" DefaultValue="" Other="null" HtmlTemplate="" DictCode="" Size="0" Style="null" RecommendChannel="" RecommendValue="" GroupChannel="" DataType="0" Caption="" RelationChannelID="0"/>
        </fields>
        <templates>
          <template TemplateID="1485" ChannelID="15930" LinkTemplate="0" Charset="" RowsPerPage="0" SubFolderType="0" TemplateType="3" FileNameType="0" FileNameField="" Rows="0" WhereSql="" Lable="" TitleWord="0" Href="" PublishInterval="0" IncludeChildChannel="0" IsInherit="0" TargetName="grade.html"/>
        </templates>
      </channel>
      <channel ListProgram="" DocumentProgram="" FolderName="a" Type="0" Id="14421" Name="社区审核模式设置（需要删除）" ImageFolderName="" SerialNo="community_checkmodel" auto="false" SiteID="53" AutoSerialNo="community_checkmodel_a" IsDisplay="1" IsWeight="0" IsComment="0" IsClick="0" IsShowDraftNumber="0" Href="" Extra1="" ListJS="" DocumentJS="" TemplateInherit="0" Company="0" Application="">
        <fields>
          <group id="6436" Name="内容编辑" Extra="" Url="" LinkChannel="0" Type="0"/>
          <field Name="Title" GroupID="6436" IsHide="0" DisableBlank="0" DisableEdit="0" Description="客户端名称" FieldType="text" Options="" DefaultValue="" Other="" HtmlTemplate="" DictCode="" Size="0" Style="" RecommendChannel="" RecommendValue="" GroupChannel="" DataType="0" Caption="" RelationChannelID="0"/>
          <field Name="SubTitle" GroupID="6436" IsHide="1" DisableBlank="0" DisableEdit="0" Description="副标题" FieldType="text" Options="" DefaultValue="" Other="" HtmlTemplate="" DictCode="" Size="0" Style="" RecommendChannel="" RecommendValue="" GroupChannel="" DataType="0" Caption="" RelationChannelID="0"/>
          <field Name="PublishDate" GroupID="6436" IsHide="0" DisableBlank="0" DisableEdit="0" Description="发布日期" FieldType="datetime" Options="" DefaultValue="" Other="" HtmlTemplate="" DictCode="" Size="0" Style="" RecommendChannel="" RecommendValue="" GroupChannel="" DataType="0" Caption="" RelationChannelID="0"/>
          <field Name="Weight" GroupID="0" IsHide="1" DisableBlank="0" DisableEdit="0" Description="权重" FieldType="text" Options="" DefaultValue="" Other="" HtmlTemplate="" DictCode="" Size="0" Style="" RecommendChannel="" RecommendValue="" GroupChannel="" DataType="0" Caption="" RelationChannelID="0"/>
          <field Name="DocFrom" GroupID="0" IsHide="1" DisableBlank="0" DisableEdit="0" Description="文章来源" FieldType="text" Options="" DefaultValue="" Other="" HtmlTemplate="" DictCode="" Size="0" Style="" RecommendChannel="" RecommendValue="" GroupChannel="" DataType="0" Caption="" RelationChannelID="0"/>
          <field Name="IsPhotoNews" GroupID="0" IsHide="1" DisableBlank="0" DisableEdit="0" Description="图片新闻" FieldType="checkbox" Options="" DefaultValue="" Other="" HtmlTemplate="" DictCode="" Size="0" Style="" RecommendChannel="" RecommendValue="" GroupChannel="" DataType="0" Caption="" RelationChannelID="0"/>
          <field Name="Summary" GroupID="0" IsHide="1" DisableBlank="0" DisableEdit="0" Description="摘要" FieldType="textarea" Options="" DefaultValue="" Other="" HtmlTemplate="" DictCode="" Size="0" Style="" RecommendChannel="" RecommendValue="" GroupChannel="" DataType="0" Caption="" RelationChannelID="0"/>
          <field Name="Content" GroupID="6436" IsHide="1" DisableBlank="0" DisableEdit="0" Description="内容" FieldType="textarea" Options="" DefaultValue="" Other="" HtmlTemplate="" DictCode="" Size="0" Style="" RecommendChannel="" RecommendValue="" GroupChannel="" DataType="0" Caption="" RelationChannelID="0"/>
          <field Name="Photo" GroupID="0" IsHide="1" DisableBlank="0" DisableEdit="0" Description="图片" FieldType="image" Options="" DefaultValue="" Other="" HtmlTemplate="" DictCode="" Size="0" Style="" RecommendChannel="" RecommendValue="" GroupChannel="" DataType="0" Caption="" RelationChannelID="0"/>
          <field Name="Keyword" GroupID="0" IsHide="1" DisableBlank="0" DisableEdit="0" Description="关键词" FieldType="text" Options="" DefaultValue="" Other="" HtmlTemplate="" DictCode="" Size="0" Style="" RecommendChannel="" RecommendValue="" GroupChannel="" DataType="0" Caption="" RelationChannelID="0"/>
          <field Name="Tag" GroupID="0" IsHide="1" DisableBlank="0" DisableEdit="0" Description="标签" FieldType="text" Options="" DefaultValue="" Other="" HtmlTemplate="" DictCode="" Size="0" Style="" RecommendChannel="" RecommendValue="" GroupChannel="" DataType="0" Caption="" RelationChannelID="0"/>
          <field Name="SetPublishDate" GroupID="0" IsHide="1" DisableBlank="0" DisableEdit="0" Description="定时发布" FieldType="text" Options="" DefaultValue="" Other="" HtmlTemplate="" DictCode="" Size="0" Style="" RecommendChannel="" RecommendValue="" GroupChannel="" DataType="0" Caption="" RelationChannelID="0"/>
          <field Name="comment_setting" GroupID="6436" IsHide="0" DisableBlank="0" DisableEdit="0" Description="评论审核模式" FieldType="radio" Options="先审后发(0)$tidemedia$先发后审(1)$tidemedia$" DefaultValue="0" Other="" HtmlTemplate="" DictCode="" Size="0" Style="" RecommendChannel="" RecommendValue="" GroupChannel="" DataType="1" Caption="" RelationChannelID="0"/>
          <field Name="topic_setting" GroupID="6436" IsHide="0" DisableBlank="0" DisableEdit="0" Description="话题帖子审核模式" FieldType="radio" Options="先审后发(0)$tidemedia$先发后审(1)$tidemedia$" DefaultValue="0" Other="" HtmlTemplate="" DictCode="" Size="0" Style="" RecommendChannel="" RecommendValue="" GroupChannel="" DataType="1" Caption="" RelationChannelID="0"/>
          <field Name="siteflag" GroupID="6436" IsHide="0" DisableBlank="0" DisableEdit="0" Description="客户端来源" FieldType="number" Options="" DefaultValue="" Other="" HtmlTemplate="" DictCode="" Size="0" Style="" RecommendChannel="" RecommendValue="" GroupChannel="" DataType="0" Caption="" RelationChannelID="0"/>
        </fields>
        <templates/>
      </channel>
      <channel ListProgram="" DocumentProgram="" FolderName="a" Type="0" Id="14313" Name="话题轮播图管理" ImageFolderName="" SerialNo="community_slidemanger" auto="false" SiteID="53" AutoSerialNo="community_slidemanger_a" IsDisplay="1" IsWeight="0" IsComment="0" IsClick="0" IsShowDraftNumber="0" Href="" Extra1="" ListJS="" DocumentJS="" TemplateInherit="0" Company="0" Application="">
        <fields>
          <group id="6346" Name="内容编辑" Extra="" Url="" LinkChannel="0" Type="0"/>
          <field Name="Title" GroupID="6346" IsHide="0" DisableBlank="0" DisableEdit="0" Description="站点名称" FieldType="text" Options="" DefaultValue="" Other="" HtmlTemplate="" DictCode="" Size="0" Style="" RecommendChannel="" RecommendValue="" GroupChannel="" DataType="0" Caption="" RelationChannelID="0"/>
          <field Name="SubTitle" GroupID="6346" IsHide="1" DisableBlank="0" DisableEdit="0" Description="副标题" FieldType="text" Options="" DefaultValue="" Other="" HtmlTemplate="" DictCode="" Size="0" Style="" RecommendChannel="" RecommendValue="" GroupChannel="" DataType="0" Caption="" RelationChannelID="0"/>
          <field Name="PublishDate" GroupID="0" IsHide="1" DisableBlank="0" DisableEdit="0" Description="发布日期" FieldType="datetime" Options="" DefaultValue="" Other="" HtmlTemplate="" DictCode="" Size="0" Style="" RecommendChannel="" RecommendValue="" GroupChannel="" DataType="0" Caption="" RelationChannelID="0"/>
          <field Name="Weight" GroupID="0" IsHide="1" DisableBlank="0" DisableEdit="0" Description="权重" FieldType="text" Options="" DefaultValue="" Other="" HtmlTemplate="" DictCode="" Size="0" Style="" RecommendChannel="" RecommendValue="" GroupChannel="" DataType="0" Caption="" RelationChannelID="0"/>
          <field Name="DocFrom" GroupID="0" IsHide="1" DisableBlank="0" DisableEdit="0" Description="文章来源" FieldType="text" Options="" DefaultValue="" Other="" HtmlTemplate="" DictCode="" Size="0" Style="" RecommendChannel="" RecommendValue="" GroupChannel="" DataType="0" Caption="" RelationChannelID="0"/>
          <field Name="IsPhotoNews" GroupID="0" IsHide="1" DisableBlank="0" DisableEdit="0" Description="图片新闻" FieldType="checkbox" Options="" DefaultValue="" Other="" HtmlTemplate="" DictCode="" Size="0" Style="" RecommendChannel="" RecommendValue="" GroupChannel="" DataType="0" Caption="" RelationChannelID="0"/>
          <field Name="Summary" GroupID="0" IsHide="1" DisableBlank="0" DisableEdit="0" Description="摘要" FieldType="textarea" Options="" DefaultValue="" Other="" HtmlTemplate="" DictCode="" Size="0" Style="" RecommendChannel="" RecommendValue="" GroupChannel="" DataType="0" Caption="" RelationChannelID="0"/>
          <field Name="Content" GroupID="6346" IsHide="1" DisableBlank="0" DisableEdit="0" Description="内容" FieldType="textarea" Options="" DefaultValue="" Other="" HtmlTemplate="" DictCode="" Size="0" Style="" RecommendChannel="" RecommendValue="" GroupChannel="" DataType="0" Caption="" RelationChannelID="0"/>
          <field Name="Photo" GroupID="0" IsHide="1" DisableBlank="0" DisableEdit="0" Description="图片" FieldType="image" Options="" DefaultValue="" Other="" HtmlTemplate="" DictCode="" Size="0" Style="" RecommendChannel="" RecommendValue="" GroupChannel="" DataType="0" Caption="" RelationChannelID="0"/>
          <field Name="Keyword" GroupID="0" IsHide="1" DisableBlank="0" DisableEdit="0" Description="关键词" FieldType="text" Options="" DefaultValue="" Other="" HtmlTemplate="" DictCode="" Size="0" Style="" RecommendChannel="" RecommendValue="" GroupChannel="" DataType="0" Caption="" RelationChannelID="0"/>
          <field Name="Tag" GroupID="0" IsHide="1" DisableBlank="0" DisableEdit="0" Description="标签" FieldType="text" Options="" DefaultValue="" Other="" HtmlTemplate="" DictCode="" Size="0" Style="" RecommendChannel="" RecommendValue="" GroupChannel="" DataType="0" Caption="" RelationChannelID="0"/>
          <field Name="SetPublishDate" GroupID="0" IsHide="1" DisableBlank="0" DisableEdit="0" Description="定时发布" FieldType="text" Options="" DefaultValue="" Other="" HtmlTemplate="" DictCode="" Size="0" Style="" RecommendChannel="" RecommendValue="" GroupChannel="" DataType="0" Caption="" RelationChannelID="0"/>
          <field Name="siteid" GroupID="6346" IsHide="0" DisableBlank="0" DisableEdit="0" Description="站点编号" FieldType="number" Options="" DefaultValue="" Other="" HtmlTemplate="" DictCode="" Size="0" Style="" RecommendChannel="" RecommendValue="" GroupChannel="" DataType="0" Caption="" RelationChannelID="0"/>
          <field Name="slideurl" GroupID="6346" IsHide="0" DisableBlank="0" DisableEdit="0" Description="轮播图列表页地址" FieldType="text" Options="" DefaultValue="" Other="" HtmlTemplate="" DictCode="" Size="0" Style="" RecommendChannel="" RecommendValue="" GroupChannel="" DataType="0" Caption="" RelationChannelID="0"/>
        </fields>
        <templates/>
      </channel>
      <channel ListProgram="" DocumentProgram="" FolderName="community_recommend" Type="0" Id="16072" Name="主播互动模块" ImageFolderName="" SerialNo="community_s53_recommend" auto="false" SiteID="53" AutoSerialNo="community_s53_recommend_a" IsDisplay="1" IsWeight="0" IsComment="0" IsClick="0" IsShowDraftNumber="0" Href="" Extra1="" ListJS="" DocumentJS="" TemplateInherit="0" Company="0" Application="">
        <fields>
          <group id="8564" Name="内容编辑" Extra="" Url="" LinkChannel="0" Type="0"/>
          <field Name="Title" GroupID="8564" IsHide="0" DisableBlank="0" DisableEdit="0" Description="媒体号名称(非前端显示)" FieldType="text" Options="" DefaultValue="" Other="" HtmlTemplate="" DictCode="" Size="0" Style="" RecommendChannel="" RecommendValue="" GroupChannel="" DataType="0" Caption="" RelationChannelID="0"/>
          <field Name="SubTitle" GroupID="8564" IsHide="1" DisableBlank="0" DisableEdit="0" Description="副标题" FieldType="text" Options="" DefaultValue="" Other="" HtmlTemplate="" DictCode="" Size="0" Style="" RecommendChannel="" RecommendValue="" GroupChannel="" DataType="0" Caption="" RelationChannelID="0"/>
          <field Name="PublishDate" GroupID="0" IsHide="0" DisableBlank="0" DisableEdit="0" Description="发布日期" FieldType="datetime" Options="" DefaultValue="" Other="" HtmlTemplate="" DictCode="" Size="0" Style="" RecommendChannel="" RecommendValue="" GroupChannel="" DataType="0" Caption="" RelationChannelID="0"/>
          <field Name="Weight" GroupID="0" IsHide="1" DisableBlank="0" DisableEdit="0" Description="权重" FieldType="text" Options="" DefaultValue="" Other="" HtmlTemplate="" DictCode="" Size="0" Style="" RecommendChannel="" RecommendValue="" GroupChannel="" DataType="0" Caption="" RelationChannelID="0"/>
          <field Name="DocFrom" GroupID="0" IsHide="1" DisableBlank="0" DisableEdit="0" Description="文章来源" FieldType="text" Options="" DefaultValue="" Other="" HtmlTemplate="" DictCode="" Size="0" Style="" RecommendChannel="" RecommendValue="" GroupChannel="" DataType="0" Caption="" RelationChannelID="0"/>
          <field Name="IsPhotoNews" GroupID="0" IsHide="1" DisableBlank="0" DisableEdit="0" Description="图片新闻" FieldType="checkbox" Options="" DefaultValue="" Other="" HtmlTemplate="" DictCode="" Size="0" Style="" RecommendChannel="" RecommendValue="" GroupChannel="" DataType="0" Caption="" RelationChannelID="0"/>
          <field Name="Summary" GroupID="0" IsHide="0" DisableBlank="0" DisableEdit="0" Description="摘要" FieldType="textarea" Options="" DefaultValue="" Other="" HtmlTemplate="" DictCode="" Size="0" Style="" RecommendChannel="" RecommendValue="" GroupChannel="" DataType="0" Caption="" RelationChannelID="0"/>
          <field Name="Content" GroupID="8564" IsHide="1" DisableBlank="0" DisableEdit="0" Description="内容" FieldType="textarea" Options="" DefaultValue="" Other="" HtmlTemplate="" DictCode="" Size="0" Style="" RecommendChannel="" RecommendValue="" GroupChannel="" DataType="0" Caption="" RelationChannelID="0"/>
          <field Name="Photo" GroupID="0" IsHide="0" DisableBlank="0" DisableEdit="0" Description="图片" FieldType="image" Options="" DefaultValue="" Other="" HtmlTemplate="" DictCode="" Size="0" Style="" RecommendChannel="" RecommendValue="" GroupChannel="" DataType="0" Caption="" RelationChannelID="0"/>
          <field Name="Keyword" GroupID="0" IsHide="1" DisableBlank="0" DisableEdit="0" Description="关键词" FieldType="text" Options="" DefaultValue="" Other="" HtmlTemplate="" DictCode="" Size="0" Style="" RecommendChannel="" RecommendValue="" GroupChannel="" DataType="0" Caption="" RelationChannelID="0"/>
          <field Name="Tag" GroupID="0" IsHide="1" DisableBlank="0" DisableEdit="0" Description="标签" FieldType="text" Options="" DefaultValue="" Other="" HtmlTemplate="" DictCode="" Size="0" Style="" RecommendChannel="" RecommendValue="" GroupChannel="" DataType="0" Caption="" RelationChannelID="0"/>
          <field Name="SetPublishDate" GroupID="0" IsHide="1" DisableBlank="0" DisableEdit="0" Description="定时发布" FieldType="text" Options="" DefaultValue="" Other="" HtmlTemplate="" DictCode="" Size="0" Style="" RecommendChannel="" RecommendValue="" GroupChannel="" DataType="0" Caption="" RelationChannelID="0"/>
          <field Name="companyid" GroupID="8564" IsHide="0" DisableBlank="0" DisableEdit="0" Description="企业编号" FieldType="text" Options="" DefaultValue="" Other="null" HtmlTemplate="" DictCode="" Size="0" Style="null" RecommendChannel="" RecommendValue="" GroupChannel="" DataType="0" Caption="" RelationChannelID="0"/>
        </fields>
        <templates/>
      </channel>
    </channel>
    <channel ListProgram="" DocumentProgram="" FolderName="f" Type="0" Id="15945" Name="爆料管理（需要删除）" ImageFolderName="" SerialNo="s53_baoliao" auto="false" SiteID="53" AutoSerialNo="s53_baoliao_b" IsDisplay="1" IsWeight="0" IsComment="0" IsClick="0" IsShowDraftNumber="0" Href="" Extra1="" ListJS="" DocumentJS="" TemplateInherit="0" Company="0" Application="">
      <fields>
        <group id="8487" Name="内容编辑" Extra="" Url="" LinkChannel="0" Type="0"/>
        <field Name="Title" GroupID="8487" IsHide="0" DisableBlank="0" DisableEdit="0" Description="标题" FieldType="text" Options="" DefaultValue="" Other="" HtmlTemplate="" DictCode="" Size="0" Style="" RecommendChannel="" RecommendValue="" GroupChannel="" DataType="0" Caption="" RelationChannelID="0"/>
        <field Name="SubTitle" GroupID="8487" IsHide="1" DisableBlank="0" DisableEdit="0" Description="副标题" FieldType="text" Options="" DefaultValue="" Other="" HtmlTemplate="" DictCode="" Size="0" Style="" RecommendChannel="" RecommendValue="" GroupChannel="" DataType="0" Caption="" RelationChannelID="0"/>
        <field Name="PublishDate" GroupID="0" IsHide="0" DisableBlank="0" DisableEdit="0" Description="发布日期" FieldType="datetime" Options="" DefaultValue="" Other="" HtmlTemplate="" DictCode="" Size="0" Style="" RecommendChannel="" RecommendValue="" GroupChannel="" DataType="0" Caption="" RelationChannelID="0"/>
        <field Name="Weight" GroupID="0" IsHide="1" DisableBlank="0" DisableEdit="0" Description="权重" FieldType="text" Options="" DefaultValue="" Other="" HtmlTemplate="" DictCode="" Size="0" Style="" RecommendChannel="" RecommendValue="" GroupChannel="" DataType="0" Caption="" RelationChannelID="0"/>
        <field Name="DocFrom" GroupID="8487" IsHide="1" DisableBlank="0" DisableEdit="0" Description="文章来源" FieldType="text" Options="" DefaultValue="" Other="" HtmlTemplate="" DictCode="" Size="0" Style="" RecommendChannel="" RecommendValue="" GroupChannel="" DataType="0" Caption="" RelationChannelID="0"/>
        <field Name="IsPhotoNews" GroupID="8487" IsHide="1" DisableBlank="0" DisableEdit="0" Description="图片新闻" FieldType="checkbox" Options="" DefaultValue="" Other="" HtmlTemplate="" DictCode="" Size="0" Style="" RecommendChannel="" RecommendValue="" GroupChannel="" DataType="0" Caption="" RelationChannelID="0"/>
        <field Name="Summary" GroupID="0" IsHide="0" DisableBlank="0" DisableEdit="0" Description="摘要" FieldType="textarea" Options="" DefaultValue="" Other="" HtmlTemplate="" DictCode="" Size="0" Style="" RecommendChannel="" RecommendValue="" GroupChannel="" DataType="0" Caption="" RelationChannelID="0"/>
        <field Name="Content" GroupID="8487" IsHide="0" DisableBlank="0" DisableEdit="0" Description="内容" FieldType="textarea" Options="" DefaultValue="" Other="" HtmlTemplate="" DictCode="" Size="0" Style="" RecommendChannel="" RecommendValue="" GroupChannel="" DataType="0" Caption="" RelationChannelID="0"/>
        <field Name="Photo" GroupID="0" IsHide="0" DisableBlank="0" DisableEdit="0" Description="图片" FieldType="image" Options="" DefaultValue="" Other="" HtmlTemplate="" DictCode="" Size="0" Style="" RecommendChannel="" RecommendValue="" GroupChannel="" DataType="0" Caption="" RelationChannelID="0"/>
        <field Name="Keyword" GroupID="0" IsHide="1" DisableBlank="0" DisableEdit="0" Description="关键词" FieldType="text" Options="" DefaultValue="" Other="" HtmlTemplate="" DictCode="" Size="0" Style="" RecommendChannel="" RecommendValue="" GroupChannel="" DataType="0" Caption="" RelationChannelID="0"/>
        <field Name="Tag" GroupID="0" IsHide="1" DisableBlank="0" DisableEdit="0" Description="标签" FieldType="text" Options="" DefaultValue="" Other="" HtmlTemplate="" DictCode="" Size="0" Style="" RecommendChannel="" RecommendValue="" GroupChannel="" DataType="0" Caption="" RelationChannelID="0"/>
        <field Name="SetPublishDate" GroupID="0" IsHide="1" DisableBlank="0" DisableEdit="0" Description="定时发布" FieldType="text" Options="" DefaultValue="" Other="" HtmlTemplate="" DictCode="" Size="0" Style="" RecommendChannel="" RecommendValue="" GroupChannel="" DataType="0" Caption="" RelationChannelID="0"/>
        <field Name="Photo1" GroupID="8487" IsHide="0" DisableBlank="0" DisableEdit="0" Description="图片2" FieldType="image" Options="" DefaultValue="" Other="null" HtmlTemplate="" DictCode="" Size="0" Style="null" RecommendChannel="" RecommendValue="" GroupChannel="" DataType="0" Caption="" RelationChannelID="0"/>
        <field Name="Photo2" GroupID="8487" IsHide="0" DisableBlank="0" DisableEdit="0" Description="图片3" FieldType="image" Options="" DefaultValue="" Other="null" HtmlTemplate="" DictCode="" Size="0" Style="null" RecommendChannel="" RecommendValue="" GroupChannel="" DataType="0" Caption="" RelationChannelID="0"/>
        <field Name="Photo3" GroupID="8487" IsHide="0" DisableBlank="0" DisableEdit="0" Description="图片4" FieldType="image" Options="" DefaultValue="" Other="null" HtmlTemplate="" DictCode="" Size="0" Style="null" RecommendChannel="" RecommendValue="" GroupChannel="" DataType="0" Caption="" RelationChannelID="0"/>
        <field Name="Photo4" GroupID="8487" IsHide="0" DisableBlank="0" DisableEdit="0" Description="图片5" FieldType="image" Options="" DefaultValue="" Other="null" HtmlTemplate="" DictCode="" Size="0" Style="null" RecommendChannel="" RecommendValue="" GroupChannel="" DataType="0" Caption="" RelationChannelID="0"/>
        <field Name="userid" GroupID="8487" IsHide="0" DisableBlank="0" DisableEdit="0" Description="用户编号" FieldType="number" Options="" DefaultValue="" Other="null" HtmlTemplate="" DictCode="" Size="0" Style="null" RecommendChannel="" RecommendValue="" GroupChannel="" DataType="0" Caption="" RelationChannelID="0"/>
        <field Name="ispublic" GroupID="8487" IsHide="0" DisableBlank="0" DisableEdit="0" Description="是否公开" FieldType="radio" Options="否(0)$tidemedia$是(1)$tidemedia$" DefaultValue="" Other="null" HtmlTemplate="" DictCode="" Size="0" Style="null" RecommendChannel="" RecommendValue="" GroupChannel="" DataType="1" Caption="" RelationChannelID="0"/>
        <field Name="video" GroupID="8487" IsHide="0" DisableBlank="0" DisableEdit="0" Description="视频播放地址" FieldType="text" Options="" DefaultValue="" Other="null" HtmlTemplate="" DictCode="" Size="0" Style="null" RecommendChannel="" RecommendValue="" GroupChannel="" DataType="0" Caption="" RelationChannelID="0"/>
      </fields>
      <templates/>
      <channel ListProgram="" DocumentProgram="" FolderName="a" Type="1" Id="16020" Name="逛逛" ImageFolderName="" SerialNo="s53_baoliao_gg" SiteID="53" AutoSerialNo="s53_baoliao_gg_d" IsDisplay="1" IsWeight="0" IsComment="0" IsClick="0" IsShowDraftNumber="0" Href="" Extra1="" ListJS="" DocumentJS="" TemplateInherit="1" Company="0" Application="">
        <templates/>
        <channel ListProgram="" DocumentProgram="" FolderName="a" Type="1" Id="16021" Name="好吃" ImageFolderName="" SerialNo="s53_baoliao_gg_a" SiteID="53" AutoSerialNo="s53_baoliao_gg_a_a" IsDisplay="1" IsWeight="0" IsComment="0" IsClick="0" IsShowDraftNumber="0" Href="" Extra1="" ListJS="" DocumentJS="" TemplateInherit="1" Company="0" Application="">
          <templates/>
        </channel>
        <channel ListProgram="" DocumentProgram="" FolderName="b" Type="1" Id="16022" Name="好玩" ImageFolderName="" SerialNo="s53_baoliao_gg_b" SiteID="53" AutoSerialNo="s53_baoliao_gg_b_a" IsDisplay="1" IsWeight="0" IsComment="0" IsClick="0" IsShowDraftNumber="0" Href="" Extra1="" ListJS="" DocumentJS="" TemplateInherit="1" Company="0" Application="">
          <templates/>
        </channel>
        <channel ListProgram="" DocumentProgram="" FolderName="c" Type="1" Id="16023" Name="好看" ImageFolderName="" SerialNo="s53_baoliao_gg_c" SiteID="53" AutoSerialNo="s53_baoliao_gg_c_a" IsDisplay="1" IsWeight="0" IsComment="0" IsClick="0" IsShowDraftNumber="0" Href="" Extra1="" ListJS="" DocumentJS="" TemplateInherit="1" Company="0" Application="">
          <templates/>
        </channel>
      </channel>
      <channel ListProgram="" DocumentProgram="" FolderName="a" Type="1" Id="16033" Name="爆料" ImageFolderName="" SerialNo="s53_baoliao_a" SiteID="53" AutoSerialNo="s53_baoliao_a_a" IsDisplay="1" IsWeight="0" IsComment="0" IsClick="0" IsShowDraftNumber="0" Href="" Extra1="" ListJS="" DocumentJS="" TemplateInherit="1" Company="0" Application="">
        <templates/>
      </channel>
    </channel>
    <channel ListProgram="../content/comment.jsp" DocumentProgram="" FolderName="a" Type="0" Id="14265" Name="文章评论管理" ImageFolderName="" SerialNo="comment" auto="false" SiteID="53" AutoSerialNo="comment_a" IsDisplay="1" IsWeight="0" IsComment="0" IsClick="0" IsShowDraftNumber="0" Href="" Extra1="" ListJS="" DocumentJS="" TemplateInherit="0" Company="0" Application="">
      <fields>
        <group id="6290" Name="内容编辑" Extra="" Url="" LinkChannel="0" Type="0"/>
        <field Name="Title" GroupID="6290" IsHide="0" DisableBlank="0" DisableEdit="0" Description="标题" FieldType="text" Options="" DefaultValue="" Other="" HtmlTemplate="" DictCode="" Size="0" Style="" RecommendChannel="" RecommendValue="" GroupChannel="" DataType="0" Caption="" RelationChannelID="0"/>
        <field Name="SubTitle" GroupID="6290" IsHide="1" DisableBlank="0" DisableEdit="0" Description="副标题" FieldType="text" Options="" DefaultValue="" Other="" HtmlTemplate="" DictCode="" Size="0" Style="" RecommendChannel="" RecommendValue="" GroupChannel="" DataType="0" Caption="" RelationChannelID="0"/>
        <field Name="PublishDate" GroupID="0" IsHide="0" DisableBlank="0" DisableEdit="0" Description="发布日期" FieldType="datetime" Options="" DefaultValue="" Other="" HtmlTemplate="" DictCode="" Size="0" Style="" RecommendChannel="" RecommendValue="" GroupChannel="" DataType="0" Caption="" RelationChannelID="0"/>
        <field Name="Weight" GroupID="0" IsHide="1" DisableBlank="0" DisableEdit="0" Description="权重" FieldType="text" Options="" DefaultValue="" Other="" HtmlTemplate="" DictCode="" Size="0" Style="" RecommendChannel="" RecommendValue="" GroupChannel="" DataType="0" Caption="" RelationChannelID="0"/>
        <field Name="DocFrom" GroupID="6290" IsHide="1" DisableBlank="0" DisableEdit="0" Description="文章来源" FieldType="text" Options="" DefaultValue="" Other="" HtmlTemplate="" DictCode="" Size="0" Style="" RecommendChannel="" RecommendValue="" GroupChannel="" DataType="0" Caption="" RelationChannelID="0"/>
        <field Name="IsPhotoNews" GroupID="6290" IsHide="1" DisableBlank="0" DisableEdit="0" Description="图片新闻" FieldType="checkbox" Options="" DefaultValue="" Other="" HtmlTemplate="" DictCode="" Size="0" Style="" RecommendChannel="" RecommendValue="" GroupChannel="" DataType="0" Caption="" RelationChannelID="0"/>
        <field Name="Summary" GroupID="6290" IsHide="1" DisableBlank="0" DisableEdit="0" Description="摘要" FieldType="textarea" Options="" DefaultValue="" Other="" HtmlTemplate="" DictCode="" Size="0" Style="" RecommendChannel="" RecommendValue="" GroupChannel="" DataType="0" Caption="" RelationChannelID="0"/>
        <field Name="Content" GroupID="6290" IsHide="0" DisableBlank="0" DisableEdit="0" Description="内容" FieldType="textarea" Options="" DefaultValue="" Other="" HtmlTemplate="" DictCode="" Size="0" Style="" RecommendChannel="" RecommendValue="" GroupChannel="" DataType="0" Caption="" RelationChannelID="0"/>
        <field Name="Photo" GroupID="6290" IsHide="1" DisableBlank="0" DisableEdit="0" Description="图片" FieldType="image" Options="" DefaultValue="" Other="" HtmlTemplate="" DictCode="" Size="0" Style="" RecommendChannel="" RecommendValue="" GroupChannel="" DataType="0" Caption="" RelationChannelID="0"/>
        <field Name="Keyword" GroupID="0" IsHide="1" DisableBlank="0" DisableEdit="0" Description="关键词" FieldType="text" Options="" DefaultValue="" Other="" HtmlTemplate="" DictCode="" Size="0" Style="" RecommendChannel="" RecommendValue="" GroupChannel="" DataType="0" Caption="" RelationChannelID="0"/>
        <field Name="Tag" GroupID="0" IsHide="1" DisableBlank="0" DisableEdit="0" Description="标签" FieldType="text" Options="" DefaultValue="" Other="" HtmlTemplate="" DictCode="" Size="0" Style="" RecommendChannel="" RecommendValue="" GroupChannel="" DataType="0" Caption="" RelationChannelID="0"/>
        <field Name="SetPublishDate" GroupID="0" IsHide="1" DisableBlank="0" DisableEdit="0" Description="定时发布" FieldType="text" Options="" DefaultValue="" Other="" HtmlTemplate="" DictCode="" Size="0" Style="" RecommendChannel="" RecommendValue="" GroupChannel="" DataType="0" Caption="" RelationChannelID="0"/>
        <field Name="url" GroupID="6290" IsHide="0" DisableBlank="0" DisableEdit="0" Description="评论页链接" FieldType="text" Options="" DefaultValue="" Other="" HtmlTemplate="" DictCode="" Size="0" Style="" RecommendChannel="" RecommendValue="" GroupChannel="" DataType="0" Caption="" RelationChannelID="0"/>
        <field Name="parent" GroupID="6290" IsHide="0" DisableBlank="0" DisableEdit="0" Description="二级评论父id" FieldType="number" Options="" DefaultValue="" Other="" HtmlTemplate="" DictCode="" Size="0" Style="" RecommendChannel="" RecommendValue="" GroupChannel="" DataType="0" Caption="" RelationChannelID="0"/>
        <field Name="username" GroupID="6290" IsHide="0" DisableBlank="0" DisableEdit="0" Description="用户名" FieldType="text" Options="" DefaultValue="" Other="" HtmlTemplate="" DictCode="" Size="0" Style="" RecommendChannel="" RecommendValue="" GroupChannel="" DataType="0" Caption="" RelationChannelID="0"/>
        <field Name="item_gid" GroupID="6290" IsHide="0" DisableBlank="0" DisableEdit="0" Description="文章编号" FieldType="number" Options="" DefaultValue="" Other="" HtmlTemplate="" DictCode="" Size="0" Style="" RecommendChannel="" RecommendValue="" GroupChannel="" DataType="0" Caption="" RelationChannelID="0"/>
        <field Name="userid" GroupID="6290" IsHide="0" DisableBlank="0" DisableEdit="0" Description="用户编号" FieldType="number" Options="" DefaultValue="" Other="" HtmlTemplate="" DictCode="" Size="0" Style="" RecommendChannel="" RecommendValue="" GroupChannel="" DataType="0" Caption="" RelationChannelID="0"/>
        <field Name="siteflag" GroupID="6290" IsHide="0" DisableBlank="0" DisableEdit="0" Description="客户端归属" FieldType="number" Options="" DefaultValue="" Other="" HtmlTemplate="" DictCode="" Size="0" Style="" RecommendChannel="" RecommendValue="" GroupChannel="" DataType="0" Caption="" RelationChannelID="0"/>
      </fields>
      <templates/>
    </channel>
    <channel ListProgram="" DocumentProgram="" FolderName="a" Type="0" Id="14268" Name="意见反馈管理" ImageFolderName="" SerialNo="messagefeedback" auto="false" SiteID="53" AutoSerialNo="messagefeedback_a" IsDisplay="1" IsWeight="0" IsComment="0" IsClick="0" IsShowDraftNumber="0" Href="" Extra1="" ListJS="" DocumentJS="" TemplateInherit="0" Company="0" Application="">
      <fields>
        <group id="6294" Name="内容编辑" Extra="" Url="" LinkChannel="0" Type="0"/>
        <field Name="Title" GroupID="6294" IsHide="0" DisableBlank="0" DisableEdit="0" Description="标题" FieldType="text" Options="" DefaultValue="" Other="" HtmlTemplate="" DictCode="" Size="0" Style="" RecommendChannel="" RecommendValue="" GroupChannel="" DataType="0" Caption="" RelationChannelID="0"/>
        <field Name="SubTitle" GroupID="6294" IsHide="1" DisableBlank="0" DisableEdit="0" Description="副标题" FieldType="text" Options="" DefaultValue="" Other="" HtmlTemplate="" DictCode="" Size="0" Style="" RecommendChannel="" RecommendValue="" GroupChannel="" DataType="0" Caption="" RelationChannelID="0"/>
        <field Name="PublishDate" GroupID="0" IsHide="0" DisableBlank="0" DisableEdit="0" Description="发布日期" FieldType="datetime" Options="" DefaultValue="" Other="" HtmlTemplate="" DictCode="" Size="0" Style="" RecommendChannel="" RecommendValue="" GroupChannel="" DataType="0" Caption="" RelationChannelID="0"/>
        <field Name="Weight" GroupID="0" IsHide="1" DisableBlank="0" DisableEdit="0" Description="权重" FieldType="text" Options="" DefaultValue="" Other="" HtmlTemplate="" DictCode="" Size="0" Style="" RecommendChannel="" RecommendValue="" GroupChannel="" DataType="0" Caption="" RelationChannelID="0"/>
        <field Name="DocFrom" GroupID="6294" IsHide="1" DisableBlank="0" DisableEdit="0" Description="文章来源" FieldType="text" Options="" DefaultValue="" Other="" HtmlTemplate="" DictCode="" Size="0" Style="" RecommendChannel="" RecommendValue="" GroupChannel="" DataType="0" Caption="" RelationChannelID="0"/>
        <field Name="IsPhotoNews" GroupID="6294" IsHide="1" DisableBlank="0" DisableEdit="0" Description="图片新闻" FieldType="checkbox" Options="" DefaultValue="" Other="" HtmlTemplate="" DictCode="" Size="0" Style="" RecommendChannel="" RecommendValue="" GroupChannel="" DataType="0" Caption="" RelationChannelID="0"/>
        <field Name="Summary" GroupID="6294" IsHide="1" DisableBlank="0" DisableEdit="0" Description="摘要" FieldType="textarea" Options="" DefaultValue="" Other="" HtmlTemplate="" DictCode="" Size="0" Style="" RecommendChannel="" RecommendValue="" GroupChannel="" DataType="0" Caption="" RelationChannelID="0"/>
        <field Name="Content" GroupID="6294" IsHide="0" DisableBlank="0" DisableEdit="0" Description="内容" FieldType="textarea" Options="" DefaultValue="" Other="" HtmlTemplate="" DictCode="" Size="0" Style="" RecommendChannel="" RecommendValue="" GroupChannel="" DataType="0" Caption="" RelationChannelID="0"/>
        <field Name="Photo" GroupID="6294" IsHide="1" DisableBlank="0" DisableEdit="0" Description="图片" FieldType="image" Options="" DefaultValue="" Other="" HtmlTemplate="" DictCode="" Size="0" Style="" RecommendChannel="" RecommendValue="" GroupChannel="" DataType="0" Caption="" RelationChannelID="0"/>
        <field Name="Keyword" GroupID="0" IsHide="1" DisableBlank="0" DisableEdit="0" Description="关键词" FieldType="text" Options="" DefaultValue="" Other="" HtmlTemplate="" DictCode="" Size="0" Style="" RecommendChannel="" RecommendValue="" GroupChannel="" DataType="0" Caption="" RelationChannelID="0"/>
        <field Name="Tag" GroupID="0" IsHide="1" DisableBlank="0" DisableEdit="0" Description="标签" FieldType="text" Options="" DefaultValue="" Other="" HtmlTemplate="" DictCode="" Size="0" Style="" RecommendChannel="" RecommendValue="" GroupChannel="" DataType="0" Caption="" RelationChannelID="0"/>
        <field Name="SetPublishDate" GroupID="0" IsHide="1" DisableBlank="0" DisableEdit="0" Description="定时发布" FieldType="text" Options="" DefaultValue="" Other="" HtmlTemplate="" DictCode="" Size="0" Style="" RecommendChannel="" RecommendValue="" GroupChannel="" DataType="0" Caption="" RelationChannelID="0"/>
        <field Name="contact" GroupID="6294" IsHide="0" DisableBlank="0" DisableEdit="0" Description="联系方式" FieldType="text" Options="" DefaultValue="" Other="" HtmlTemplate="" DictCode="" Size="0" Style="" RecommendChannel="" RecommendValue="" GroupChannel="" DataType="0" Caption="" RelationChannelID="0"/>
        <field Name="siteflag" GroupID="6294" IsHide="0" DisableBlank="0" DisableEdit="0" Description="客户端归属" FieldType="number" Options="" DefaultValue="" Other="" HtmlTemplate="" DictCode="" Size="0" Style="" RecommendChannel="" RecommendValue="" GroupChannel="" DataType="0" Caption="" RelationChannelID="0"/>
      </fields>
      <templates/>
    </channel>
    <channel ListProgram="" DocumentProgram="" FolderName="b" Type="0" Id="14443" Name="第三方平台密钥设置" ImageFolderName="" SerialNo="threadmanager" auto="false" SiteID="53" AutoSerialNo="threadmanager_a" IsDisplay="1" IsWeight="0" IsComment="0" IsClick="0" IsShowDraftNumber="0" Href="" Extra1="" ListJS="" DocumentJS="" TemplateInherit="0" Company="0" Application="">
      <fields>
        <group id="6464" Name="内容编辑" Extra="" Url="" LinkChannel="0" Type="0"/>
        <group id="6474" Name="新浪微博" Extra="" Url="" LinkChannel="0" Type="0"/>
        <group id="6475" Name="小米推送" Extra="" Url="" LinkChannel="0" Type="0"/>
        <field Name="Title" GroupID="6464" IsHide="0" DisableBlank="0" DisableEdit="0" Description="客户端名称" FieldType="text" Options="" DefaultValue="" Other="" HtmlTemplate="" DictCode="" Size="0" Style="" RecommendChannel="" RecommendValue="" GroupChannel="" DataType="0" Caption="" RelationChannelID="0"/>
        <field Name="SubTitle" GroupID="6464" IsHide="1" DisableBlank="0" DisableEdit="0" Description="副标题" FieldType="text" Options="" DefaultValue="" Other="" HtmlTemplate="" DictCode="" Size="0" Style="" RecommendChannel="" RecommendValue="" GroupChannel="" DataType="0" Caption="" RelationChannelID="0"/>
        <field Name="PublishDate" GroupID="0" IsHide="0" DisableBlank="0" DisableEdit="0" Description="发布日期" FieldType="datetime" Options="" DefaultValue="" Other="" HtmlTemplate="" DictCode="" Size="0" Style="" RecommendChannel="" RecommendValue="" GroupChannel="" DataType="0" Caption="" RelationChannelID="0"/>
        <field Name="Weight" GroupID="0" IsHide="1" DisableBlank="0" DisableEdit="0" Description="权重" FieldType="text" Options="" DefaultValue="" Other="" HtmlTemplate="" DictCode="" Size="0" Style="" RecommendChannel="" RecommendValue="" GroupChannel="" DataType="0" Caption="" RelationChannelID="0"/>
        <field Name="DocFrom" GroupID="0" IsHide="1" DisableBlank="0" DisableEdit="0" Description="文章来源" FieldType="text" Options="" DefaultValue="" Other="" HtmlTemplate="" DictCode="" Size="0" Style="" RecommendChannel="" RecommendValue="" GroupChannel="" DataType="0" Caption="" RelationChannelID="0"/>
        <field Name="IsPhotoNews" GroupID="0" IsHide="1" DisableBlank="0" DisableEdit="0" Description="图片新闻" FieldType="checkbox" Options="" DefaultValue="" Other="" HtmlTemplate="" DictCode="" Size="0" Style="" RecommendChannel="" RecommendValue="" GroupChannel="" DataType="0" Caption="" RelationChannelID="0"/>
        <field Name="Summary" GroupID="0" IsHide="1" DisableBlank="0" DisableEdit="0" Description="摘要" FieldType="textarea" Options="" DefaultValue="" Other="" HtmlTemplate="" DictCode="" Size="0" Style="" RecommendChannel="" RecommendValue="" GroupChannel="" DataType="0" Caption="" RelationChannelID="0"/>
        <field Name="Content" GroupID="6464" IsHide="1" DisableBlank="0" DisableEdit="0" Description="内容" FieldType="textarea" Options="" DefaultValue="" Other="" HtmlTemplate="" DictCode="" Size="0" Style="" RecommendChannel="" RecommendValue="" GroupChannel="" DataType="0" Caption="" RelationChannelID="0"/>
        <field Name="Photo" GroupID="0" IsHide="1" DisableBlank="0" DisableEdit="0" Description="图片" FieldType="image" Options="" DefaultValue="" Other="" HtmlTemplate="" DictCode="" Size="0" Style="" RecommendChannel="" RecommendValue="" GroupChannel="" DataType="0" Caption="" RelationChannelID="0"/>
        <field Name="Keyword" GroupID="0" IsHide="1" DisableBlank="0" DisableEdit="0" Description="关键词" FieldType="text" Options="" DefaultValue="" Other="" HtmlTemplate="" DictCode="" Size="0" Style="" RecommendChannel="" RecommendValue="" GroupChannel="" DataType="0" Caption="" RelationChannelID="0"/>
        <field Name="Tag" GroupID="0" IsHide="1" DisableBlank="0" DisableEdit="0" Description="标签" FieldType="text" Options="" DefaultValue="" Other="" HtmlTemplate="" DictCode="" Size="0" Style="" RecommendChannel="" RecommendValue="" GroupChannel="" DataType="0" Caption="" RelationChannelID="0"/>
        <field Name="SetPublishDate" GroupID="0" IsHide="1" DisableBlank="0" DisableEdit="0" Description="定时发布" FieldType="text" Options="" DefaultValue="" Other="" HtmlTemplate="" DictCode="" Size="0" Style="" RecommendChannel="" RecommendValue="" GroupChannel="" DataType="0" Caption="" RelationChannelID="0"/>
        <field Name="client_id" GroupID="6474" IsHide="0" DisableBlank="0" DisableEdit="0" Description="新浪Appkey" FieldType="text" Options="" DefaultValue="" Other="" HtmlTemplate="" DictCode="" Size="0" Style="" RecommendChannel="" RecommendValue="" GroupChannel="" DataType="0" Caption="" RelationChannelID="0"/>
        <field Name="client_secrect" GroupID="6474" IsHide="0" DisableBlank="0" DisableEdit="0" Description="新浪Secrect" FieldType="text" Options="" DefaultValue="" Other="" HtmlTemplate="" DictCode="" Size="0" Style="" RecommendChannel="" RecommendValue="" GroupChannel="" DataType="0" Caption="" RelationChannelID="0"/>
        <field Name="redirect_URI" GroupID="6474" IsHide="0" DisableBlank="0" DisableEdit="0" Description="新浪跳转地址" FieldType="text" Options="" DefaultValue="" Other="" HtmlTemplate="" DictCode="" Size="0" Style="" RecommendChannel="" RecommendValue="" GroupChannel="" DataType="0" Caption="" RelationChannelID="0"/>
        <field Name="accesstoken" GroupID="6474" IsHide="0" DisableBlank="0" DisableEdit="0" Description="微博token许可" FieldType="text" Options="" DefaultValue="" Other="" HtmlTemplate="" DictCode="" Size="0" Style="" RecommendChannel="" RecommendValue="" GroupChannel="" DataType="0" Caption="" RelationChannelID="0"/>
        <field Name="siteflag" GroupID="6464" IsHide="0" DisableBlank="0" DisableEdit="0" Description="客户端来源" FieldType="number" Options="" DefaultValue="" Other="" HtmlTemplate="" DictCode="" Size="0" Style="" RecommendChannel="" RecommendValue="" GroupChannel="" DataType="0" Caption="" RelationChannelID="0"/>
        <field Name="packagename" GroupID="6475" IsHide="0" DisableBlank="0" DisableEdit="0" Description="Android客户端包名" FieldType="text" Options="" DefaultValue="" Other="" HtmlTemplate="" DictCode="" Size="0" Style="" RecommendChannel="" RecommendValue="" GroupChannel="" DataType="0" Caption="" RelationChannelID="0"/>
        <field Name="bundleid" GroupID="6475" IsHide="0" DisableBlank="0" DisableEdit="0" Description="IOS包名" FieldType="text" Options="" DefaultValue="" Other="" HtmlTemplate="" DictCode="" Size="0" Style="" RecommendChannel="" RecommendValue="" GroupChannel="" DataType="0" Caption="" RelationChannelID="0"/>
        <field Name="android_secrect_key" GroupID="6475" IsHide="0" DisableBlank="0" DisableEdit="0" Description="android密钥" FieldType="text" Options="" DefaultValue="" Other="" HtmlTemplate="" DictCode="" Size="0" Style="" RecommendChannel="" RecommendValue="" GroupChannel="" DataType="0" Caption="" RelationChannelID="0"/>
        <field Name="ios_secrect_key" GroupID="6475" IsHide="0" DisableBlank="0" DisableEdit="0" Description="IOS密钥" FieldType="text" Options="" DefaultValue="" Other="" HtmlTemplate="" DictCode="" Size="0" Style="" RecommendChannel="" RecommendValue="" GroupChannel="" DataType="0" Caption="" RelationChannelID="0"/>
      </fields>
      <templates/>
    </channel>
    <channel ListProgram="" DocumentProgram="" FolderName="checkmodel" Type="0" Id="16060" Name="评论/贴子审核设置" ImageFolderName="" SerialNo="checkmodel" auto="false" SiteID="53" AutoSerialNo="checkmodel_a" IsDisplay="1" IsWeight="0" IsComment="0" IsClick="0" IsShowDraftNumber="0" Href="" Extra1="" ListJS="" DocumentJS="" TemplateInherit="0" Company="0" Application="">
      <fields>
        <group id="8552" Name="内容编辑" Extra="" Url="" LinkChannel="0" Type="0"/>
        <field Name="Title" GroupID="8552" IsHide="0" DisableBlank="0" DisableEdit="0" Description="客户端名称" FieldType="text" Options="" DefaultValue="" Other="" HtmlTemplate="" DictCode="" Size="0" Style="" RecommendChannel="" RecommendValue="" GroupChannel="" DataType="0" Caption="" RelationChannelID="0"/>
        <field Name="SubTitle" GroupID="8552" IsHide="1" DisableBlank="0" DisableEdit="0" Description="副标题" FieldType="text" Options="" DefaultValue="" Other="" HtmlTemplate="" DictCode="" Size="0" Style="" RecommendChannel="" RecommendValue="" GroupChannel="" DataType="0" Caption="" RelationChannelID="0"/>
        <field Name="PublishDate" GroupID="0" IsHide="0" DisableBlank="0" DisableEdit="0" Description="发布日期" FieldType="datetime" Options="" DefaultValue="" Other="" HtmlTemplate="" DictCode="" Size="0" Style="" RecommendChannel="" RecommendValue="" GroupChannel="" DataType="0" Caption="" RelationChannelID="0"/>
        <field Name="Weight" GroupID="0" IsHide="1" DisableBlank="0" DisableEdit="0" Description="权重" FieldType="text" Options="" DefaultValue="" Other="" HtmlTemplate="" DictCode="" Size="0" Style="" RecommendChannel="" RecommendValue="" GroupChannel="" DataType="0" Caption="" RelationChannelID="0"/>
        <field Name="DocFrom" GroupID="0" IsHide="1" DisableBlank="0" DisableEdit="0" Description="文章来源" FieldType="text" Options="" DefaultValue="" Other="" HtmlTemplate="" DictCode="" Size="0" Style="" RecommendChannel="" RecommendValue="" GroupChannel="" DataType="0" Caption="" RelationChannelID="0"/>
        <field Name="IsPhotoNews" GroupID="0" IsHide="1" DisableBlank="0" DisableEdit="0" Description="图片新闻" FieldType="checkbox" Options="" DefaultValue="" Other="" HtmlTemplate="" DictCode="" Size="0" Style="" RecommendChannel="" RecommendValue="" GroupChannel="" DataType="0" Caption="" RelationChannelID="0"/>
        <field Name="Summary" GroupID="0" IsHide="1" DisableBlank="0" DisableEdit="0" Description="摘要" FieldType="textarea" Options="" DefaultValue="" Other="" HtmlTemplate="" DictCode="" Size="0" Style="" RecommendChannel="" RecommendValue="" GroupChannel="" DataType="0" Caption="" RelationChannelID="0"/>
        <field Name="Content" GroupID="8552" IsHide="1" DisableBlank="0" DisableEdit="0" Description="内容" FieldType="textarea" Options="" DefaultValue="" Other="" HtmlTemplate="" DictCode="" Size="0" Style="" RecommendChannel="" RecommendValue="" GroupChannel="" DataType="0" Caption="" RelationChannelID="0"/>
        <field Name="Photo" GroupID="0" IsHide="1" DisableBlank="0" DisableEdit="0" Description="图片" FieldType="image" Options="" DefaultValue="" Other="" HtmlTemplate="" DictCode="" Size="0" Style="" RecommendChannel="" RecommendValue="" GroupChannel="" DataType="0" Caption="" RelationChannelID="0"/>
        <field Name="Keyword" GroupID="0" IsHide="1" DisableBlank="0" DisableEdit="0" Description="关键词" FieldType="text" Options="" DefaultValue="" Other="" HtmlTemplate="" DictCode="" Size="0" Style="" RecommendChannel="" RecommendValue="" GroupChannel="" DataType="0" Caption="" RelationChannelID="0"/>
        <field Name="Tag" GroupID="0" IsHide="1" DisableBlank="0" DisableEdit="0" Description="标签" FieldType="text" Options="" DefaultValue="" Other="" HtmlTemplate="" DictCode="" Size="0" Style="" RecommendChannel="" RecommendValue="" GroupChannel="" DataType="0" Caption="" RelationChannelID="0"/>
        <field Name="SetPublishDate" GroupID="0" IsHide="1" DisableBlank="0" DisableEdit="0" Description="定时发布" FieldType="text" Options="" DefaultValue="" Other="" HtmlTemplate="" DictCode="" Size="0" Style="" RecommendChannel="" RecommendValue="" GroupChannel="" DataType="0" Caption="" RelationChannelID="0"/>
        <field Name="comment_setting" GroupID="8552" IsHide="0" DisableBlank="0" DisableEdit="0" Description="社区评论审核模式" FieldType="radio" Options="先审后发(0)$tidemedia$先发后审(1)$tidemedia$" DefaultValue="" Other="null" HtmlTemplate="" DictCode="" Size="0" Style="null" RecommendChannel="" RecommendValue="" GroupChannel="" DataType="1" Caption="" RelationChannelID="0"/>
        <field Name="topic_setting" GroupID="8552" IsHide="0" DisableBlank="0" DisableEdit="0" Description="话题帖子审核模式" FieldType="radio" Options="先审后发(0)$tidemedia$先发后审(1)$tidemedia$" DefaultValue="" Other="null" HtmlTemplate="" DictCode="" Size="0" Style="null" RecommendChannel="" RecommendValue="" GroupChannel="" DataType="1" Caption="" RelationChannelID="0"/>
        <field Name="news_setting" GroupID="8552" IsHide="0" DisableBlank="0" DisableEdit="0" Description="普通文章评论审核模式" FieldType="radio" Options="先审后发(0)$tidemedia$先发后审(1)$tidemedia$" DefaultValue="" Other="null" HtmlTemplate="" DictCode="" Size="0" Style="null" RecommendChannel="" RecommendValue="" GroupChannel="" DataType="1" Caption="" RelationChannelID="0"/>
        <field Name="siteflag" GroupID="8552" IsHide="0" DisableBlank="0" DisableEdit="0" Description="客户端来源" FieldType="number" Options="" DefaultValue="" Other="null" HtmlTemplate="" DictCode="" Size="0" Style="null" RecommendChannel="" RecommendValue="" GroupChannel="" DataType="0" Caption="" RelationChannelID="0"/>
      </fields>
      <templates/>
    </channel>
  </channel>
  <template_files>
    <template_file id="939" Name="话题图集页" FileName="hpic_wap_content_2_0.shtml" Description="" Title=""><![CDATA[<!doctype html>
<html>
<head>
<meta charset="utf-8">
<title>$item.getTitle()</title>
<meta name="format-detection" content="telephone=no" />
<meta name="viewport" content="width=device-width, initial-scale=1">
<script src="/js/jquery.js"></script>
<script>
/* Fix viewport*/
/*(function(f,u){var o=navigator.userAgent,r=640,e=f.innerWidth||r,g=f.outerHeight||e,q=f.screen.width||e,d=f.screen.availWidth||e,n=f.innerHeight||r,p=f.outerHeight||n,a=f.screen.height||n,k=f.screen.availHeight||n,l=Math.min(e,g,q,d,n,p,a,k),h=l/r,b=f.devicePixelRatio;h=Math.min(h,b);if(h<1){var t=",initial-scale="+h+",maximum-scale="+h,c=u.getElementsByTagName("meta"),j;if(/iphone|ipod/ig.test(o)){j=",user-scalable=no"}if(/android/ig.test(o)){j=""}t+=j||"";if(/zenlife-android-webview/.test(o)&&!/viewport/.test(o)){document.querySelector('html').style.zoom = h}if(top.location!=location){document.querySelector('html').style.zoom = h};for(var s=0,m;s<c.length;s++){m=c[s];if(m.name=="viewport"){m.content+=t}}}}).call(this,window,document);*/
</script>
<link type="text/css" rel="stylesheet" href="/css/article.css" />
<style>
.module_5 {
    margin: 8px 0 27px;
    border: none;
    position: relative;
    padding: 20px 0 20px;
    background: #fff;
}
.h2_con {
    padding: 0 0 14px;
    border-bottom: 1px solid #e5e5e5;
}
.h2 {
    position: relative;
    width: 20%;
    color: #333;
    font-size: 16px;
    text-align: center;
    margin: 0 auto;
    display: block;
    background: #fff;
    padding: 0 8px;
    z-index: 10;
}
.h2:before {
    background: rgb(216,216,216);
    height: 1px;
    position: absolute;
    top: 49%;
    left: 0%;
    width: 16px;
    content: '.';
    color: transparent;
}
.h2:after {
    background: rgb(216,216,216);
    height: 1px;
    position: absolute;
    top: 49%;
    right: 0%;
    width: 16px;
    content: '.';
    color: transparent;
}
.module_5 .app-download {
    margin: 18px auto;
    color: #fff;
    height: 48px;
    line-height: 48px;
    text-align: center;
    background: #0066cb;
    border-radius: 8px;
    display: block;
    width: 80%;
}
.ul .li .head .img img{width: 30px;-webkit-border-radius: 20px;-moz-border-radius: 20px;border-radius: 20px;height: 30px;}
.module_5 .li .head {
    position: relative;
    display: -webkit-box;
    line-height: 28px;
}
.module_5 .li .con {
    padding: 10px 0px 5px 40px;
    line-height: 28px;
    font-size: 18px;
}
.module_5 .li .head .img {
    position: relative;
    display: -webkit-box;
    width: 30px;
    height: 30px;
    margin: 0 10px 0 0;
}
.module_5 .li .head .name {
    position: relative;
    font-size: 12px;
    color: #156EEA;
    line-height: 16px;
}
.module_5 .li .head .rl {
    -webkit-box-flex: 1;
    text-align: right;
    color: #979797;
    font-size: 12px;
}
.module_5 .li .reply {
    margin: 0px 0px 10px 40px;
    border: 1px solid #e7e7e7;
    background: #f5f4f2;
    padding: 13px 14px;
    line-height: 26px;
    box-sizing: border-box;
}
.module_5 .li .reply a {
    display: inline;
    color: #4ca0d2;
}
.module_5 .li {
    margin: 16px 12px 0px;
    padding: 0 0 10px;
    border-bottom: 1px solid #ddd;
    color: #333;
}
</style>
</head>
<body>
<div class="content-wrapper">
      <div class="m-container" id="contentHolder">
            <article class="articleList" style="display: block;">
                <div class="head clearfix" id="ucScreen">
                    <h1 class="article-title">$item.getValue("txtContent")</h1>
                    <h2>
                        <span class="time">$item.FormatDate("yyyy-MM-dd",$item.getPublishDate()) #if($item.getValue("DocFrom")!="")来源：$item.getValue("DocFrom")#end</span>
                    </h2>
                </div>
                <div class="text clearfix">
                    <div class="text1">
                      <div class="page-content page-on">
<script>
var img=[];
#foreach($subitem in $item.listChildItems(14145))
img.unshift("$subitem.getValue("Photo")");
#end
var html=""
$(img).each(function(i,el){
  html+='<img src="'+el+'">';
})
$(".text1 .page-content").append(html)
</script>
                    </div>
                  </div>
                </div>
            </article>
      </div>
</div>
<div class="module_5">
  <div class="h2_con">
    <div class="h2">评论</div>
  </div>
  <div class="ul">
  
  </div>
  <a class="app-download box_btn" href="javaScript:;"><span>下载聚视浏览更多评论</span></a>
</div>
<div class="m-top"><a href="#top">回顶部</a></div>
<script>
/*后加*/
function getImageUrls() {
    var imgs = document.getElementsByTagName("img");
    var imgSrcs = [];

    for (var i = 0; i < imgs.length; i++) {
    	if (parseInt(imgs[i].getAttribute("data-show")) == 1) {
    		imgSrcs.push(imgs[i].src);
    	}
        
    }

    return JSON.stringify(imgSrcs);
}
try {
	window.image.setSource(getImageUrls());
} catch(e) {
}
//评论
function comment(){
  $.ajax({
    type:"get",
    url:"/api/topiccomment_list.php",
    data:{globalid:$item.getGlobalID(),page:1,per_num:4,site:$item.getValue("siteflag")},
    success:function(d){
      var d=eval('(' + d + ')')
      var list=d.result.list;
      $(list).each(function(i,el){
        var L=i+1
        var html='<div class="li">\
           <div class="head">\
             <div class="img">\
              <img src="'+el.avatar+'" alt="">\
            </div>\
            <div class="name">'+el.username+'<div class="time">'+el.date+'</div>\
            </div>\
            <div class="rl">'+L+'楼</div>\
          </div>\
        <div class="con">'+el.content+'</div></div>'
         $(".ul").append(html)
      })
    }
  })
}
comment()
</script>

</body>
</html>]]></template_file>
    <template_file id="1486" Name="积分规则" FileName="grade_rules.html" Description="" Title=""><![CDATA[#foreach( $item in $Controller.listTopItems(999))
<tr>
        <tr>
	    <td>$item.getValue("Title")</td>
	    <td><span>+$item.getValue("scoreoperate")</span>金币</td>
	    <td>上限<span id="totalgold">$item.getValue("upcontrol")</span>金币</td>
	</tr>	    			
</tr>

#end]]></template_file>
    <template_file id="1485" Name="等级体系页面" FileName="grade.html" Description="" Title=""><![CDATA[#foreach( $item in $Controller.listTopItems(999))
<tr>
	<td>等级$item.getValue("level")</td>
	<td>$item.getValue("designation")</td>
	<td>$item.getValue("scoredown")-$item.getValue("scoretop")</td>
</tr>
#end]]></template_file>
  </template_files>
</root>
