<?xml version="1.0" encoding="utf-8"?>

<!--文章信息，创建时间：2019-2-27 15:44-->
<root>
  <ChannelID>16031</ChannelID>
  <Status>1</Status>
  <Title>直播</Title>
  <PublishDate>1530529096</PublishDate>
  <doc_type>6</doc_type>
  <Photo>/images/2018/7/2/2018721530529176947_49.png</Photo>
  <frame>2</frame>
  <secondcategory>15905</secondcategory>
  <juxian_liveid></juxian_liveid>
  <jumptype>0</jumptype>
  <href_app></href_app>
  <Line>1</Line>
  <pdf></pdf>
  <SubTitle></SubTitle>
  <Weight>0</Weight>
  <DocFrom></DocFrom>
  <IsPhotoNews>0</IsPhotoNews>
  <Summary></Summary>
  <Content></Content>
  <Keyword></Keyword>
  <Tag></Tag>
  <SetPublishDate></SetPublishDate>
  <item_type>0</item_type>
  <showcomment>0</showcomment>
  <allowcomment>0</allowcomment>
  <showtime>0</showtime>
  <showcollect>0</showcollect>
  <content_type></content_type>
</root>
