<?xml version="1.0" encoding="utf-8"?>

<!--文章信息，创建时间：2019-12-11 18:4-->
<root>
  <ChannelID>16330</ChannelID>
  <Status>1</Status>
  <TotalPage>1</TotalPage>
  <Title>小雨</Title>
  <SubTitle></SubTitle>
  <PublishDate>2022-02-06 03:40:00</PublishDate>
  <Weight>0</Weight>
  <DocFrom></DocFrom>
  <IsPhotoNews>0</IsPhotoNews>
  <Summary>这是小雨</Summary>
  <Content></Content>
  <Photo>/images/2019/7/16/20197161563266463498_231.jpg</Photo>
  <Keyword></Keyword>
  <Tag></Tag>
  <SetPublishDate></SetPublishDate>
  <tv_belong></tv_belong>
  <hot>0</hot>
  <phone></phone>
  <token></token>
  <parent></parent>
  <address></address>
  <listurl></listurl>
  <company_id>0</company_id>
  <virtualconcern>0</virtualconcern>
  <model_control>1,5,6,7,8</model_control>
  <userid>0</userid>
  <topic_category>0</topic_category>
</root>
