<?xml version="1.0" encoding="utf-8"?>

<!--文章信息，创建时间：2019-12-11 18:4-->
<root>
  <ChannelID>16330</ChannelID>
  <Status>1</Status>
  <TotalPage>1</TotalPage>
  <Title>张靓婧</Title>
  <SubTitle></SubTitle>
  <PublishDate>2021-05-07 05:40:00</PublishDate>
  <Weight>0</Weight>
  <DocFrom></DocFrom>
  <IsPhotoNews>0</IsPhotoNews>
  <Summary>山西卫视主持人</Summary>
  <Content></Content>
  <Photo>http://app.sxrtv.com/images/2019/5/31/20195311559290014161_33_t1080.jpg</Photo>
  <Keyword></Keyword>
  <Tag></Tag>
  <SetPublishDate></SetPublishDate>
  <tv_belong>山西卫视</tv_belong>
  <hot>34567</hot>
  <phone></phone>
  <token></token>
  <parent></parent>
  <address></address>
  <listurl>/a/e/abcdefe/list_1_0.shtml</listurl>
  <company_id>179</company_id>
  <virtualconcern>0</virtualconcern>
  <model_control>2,5,8,8</model_control>
  <userid>100</userid>
  <topic_category>1563402</topic_category>
</root>
