<?xml version="1.0" encoding="utf-8"?>

<!--文章信息，创建时间：2019-12-11 18:4-->
<root>
  <ChannelID>16330</ChannelID>
  <Status>1</Status>
  <TotalPage>1</TotalPage>
  <Title>梅里</Title>
  <SubTitle></SubTitle>
  <PublishDate>2022-01-29 05:00:00</PublishDate>
  <Weight>0</Weight>
  <DocFrom></DocFrom>
  <IsPhotoNews>0</IsPhotoNews>
  <Summary>这个是好同学企业号下的主播秀</Summary>
  <Content></Content>
  <Photo></Photo>
  <Keyword></Keyword>
  <Tag></Tag>
  <SetPublishDate></SetPublishDate>
  <tv_belong></tv_belong>
  <hot>0</hot>
  <phone></phone>
  <token></token>
  <parent></parent>
  <address></address>
  <listurl>/a/e/ao/list_1_0.shtml</listurl>
  <company_id>2471</company_id>
  <virtualconcern>0</virtualconcern>
  <model_control>1,5,6,7</model_control>
  <userid>0</userid>
  <topic_category>0</topic_category>
</root>
