<?xml version="1.0" encoding="utf-8"?>

<!--文章信息，创建时间：2019-12-11 18:4-->
<root>
  <ChannelID>16330</ChannelID>
  <Status>1</Status>
  <TotalPage>1</TotalPage>
  <Title>上官小鹏</Title>
  <SubTitle></SubTitle>
  <PublishDate>2021-06-09 05:20:00</PublishDate>
  <Weight>0</Weight>
  <DocFrom></DocFrom>
  <IsPhotoNews>0</IsPhotoNews>
  <Summary>黄河频道主持人</Summary>
  <Content></Content>
  <Photo>http://app.sxrtv.com/images/2019/6/13/20196131560386658835_33.jpg</Photo>
  <Keyword></Keyword>
  <Tag></Tag>
  <SetPublishDate></SetPublishDate>
  <tv_belong></tv_belong>
  <hot>34563</hot>
  <phone></phone>
  <token></token>
  <parent></parent>
  <address></address>
  <listurl>/a/e/abcdefi/list_1_0.shtml</listurl>
  <company_id>183</company_id>
  <virtualconcern>0</virtualconcern>
  <model_control>1,2,3,5,6,7</model_control>
  <userid>125</userid>
  <topic_category>1563398</topic_category>
</root>
