<?xml version="1.0" encoding="utf-8"?>

<!--文章信息，创建时间：2019-2-27 15:44-->
<root>
  <ChannelID>16117</ChannelID>
  <Status>1</Status>
  <Title>用户隐私协议</Title>
  <SubTitle></SubTitle>
  <PublishDate>1536907916</PublishDate>
  <Weight>0</Weight>
  <DocFrom></DocFrom>
  <IsPhotoNews>0</IsPhotoNews>
  <Summary></Summary>
  <Content>&lt;p&gt;一、导言&lt;/p&gt;&lt;p&gt;欢迎您使用“聚视”软件及相关服务！&lt;/p&gt;&lt;p&gt;“聚视”软件及相关服务，系指公司通过合法拥有并运营的、标注名称为“聚视”的客户端，向您提供的产品与服务，包括但不限于信息平台展示个性化信息等功能，以及连接人与信息的新型服务。《聚视用户协议》（以下简称“本协议”）是您与公司之间就您注册、登录、使用（以下统称“使用”）“聚视”软件及相关服务所订立的协议。&lt;/p&gt;&lt;p&gt;聚视客户端使用手册&lt;/p&gt;&lt;p&gt;二、总则&lt;/p&gt;&lt;p&gt;2.1 聚视的所有权和运营权归泰德网聚（北京）科技股份有限公司所有。&amp;nbsp;&lt;/p&gt;&lt;p&gt;2.2 用户在使用本客户端的服务之前，应当仔细阅读本协议，并同意遵守本协议及所有规则后方可成为聚视用户，一旦用户注册成功，则用户与本客户端之间自动形成协议关系，用户应当受本协议及所有客户端规则的约束。用户在使用特殊的服务或产品时，应当同意接受相关协议后方能使用。未同意本协议内容的用户，无法在聚视客户端发布任何内容，仅能使用浏览功能。&amp;nbsp;&lt;/p&gt;&lt;p&gt;2.3 本协议、客户端规则可由本客户端随时更新，用户在使用聚视产品时应当及时关注，用户同意本客户端不承担通知义务。本客户端的通知、公告、声明或其它类似内容是本协议及客户端规则的一部分。&lt;/p&gt;&lt;p&gt;三、服务内容&lt;/p&gt;&lt;p&gt;3.1 本客户端网络服务的具体内容由本客户端根据实际情况提供，例如新闻、生活服务、公交查询、违章查询、医疗挂号、长途车票信息等。&amp;nbsp;&lt;/p&gt;&lt;p&gt;3.2 本客户端仅提供相关的网络服务，除此之外与相关网络服务有关的设备(如个人电脑、手机、及其他与接入互联网或移动网有关的装置)及所需的费用(如为接入互联网而支付的电话费及上网费、为使用移动网而支付的手机费)均应由用户自行负担。&lt;/p&gt;&lt;p&gt;四、用户帐号&lt;/p&gt;&lt;p&gt;4.1 用户可通过以下方式注册成为聚视客户端的正式用户：&amp;nbsp;&lt;/p&gt;&lt;p&gt;&amp;nbsp; &amp;nbsp; &amp;nbsp; (1)经本客户端会员系统完成注册程序并通过身份认证的用户；&amp;nbsp;&lt;/p&gt;&lt;p&gt;&amp;nbsp; &amp;nbsp; &amp;nbsp; (2)经客户端批准的第三方合作网站登录的的用户；成为聚视正式用户即获得本客户端规定用户所应享有的一切权限；未经认证仅享有本客户端规定的部分会员权限。聚视客户端有权对会员的权限设计进行变更。&amp;nbsp;&lt;/p&gt;&lt;p&gt;4.2 用户帐号注册&amp;nbsp;&lt;/p&gt;&lt;p&gt;&amp;nbsp; &amp;nbsp; &amp;nbsp; &amp;nbsp;(1)使用本客户端会员系统注册的用户，只能使用汉字、英文字母、数字、下划线及它们的组合，禁止使用空格、各种符号和特殊字符，且最多不超过16&lt;/p&gt;&lt;p&gt;个字符(8个汉字)注册，否则将不予注册。&amp;nbsp;&lt;/p&gt;&lt;p&gt;&amp;nbsp; &amp;nbsp; &amp;nbsp; &amp;nbsp;(2)使用第三方合作网站登录的用户，只能使用汉字、英文字母、数字、下划线及它们的组合，禁止使用空格、各种符号和特殊字符，且最多不超过14个&lt;/p&gt;&lt;p&gt;字符(7个汉字)注册，否则本客户端有权只截取前14个字符（7个汉字）予以显示用户帐号（若该用户帐号与客户端现有用户帐号重名，系统将随机添加一个字符以示区别），否则将不予注册。&amp;nbsp;&lt;/p&gt;&lt;p&gt;4.3 如发现用户帐号中含有不雅文字或不恰当名称的，本客户端保留取消其用户资格的权利，相应后果由用户自行承担。&amp;nbsp;&lt;/p&gt;&lt;p&gt;&amp;nbsp; &amp;nbsp; &amp;nbsp; &amp;nbsp;(1)请勿以党和国家领导人或其他社会名人的真实姓名、字号、艺名、笔名注册；&amp;nbsp;&lt;/p&gt;&lt;p&gt;&amp;nbsp; &amp;nbsp; &amp;nbsp; &amp;nbsp;(2)请勿以国家机构或其他机构的名称注册；&amp;nbsp;&lt;/p&gt;&lt;p&gt;&amp;nbsp; &amp;nbsp; &amp;nbsp; &amp;nbsp;(3)请勿注册不文明、不健康名字，或包含歧视、侮辱、猥亵类词语的帐号；&amp;nbsp;&lt;/p&gt;&lt;p&gt;&amp;nbsp; &amp;nbsp; &amp;nbsp; &amp;nbsp;(4)请勿注册易产生歧义、引起他人误解或其它不符合法律规定的帐号。&amp;nbsp;&lt;/p&gt;&lt;p&gt;4.4 如发现用户的头像、简介/心情等个人信息中包含违法和不良信息的，本客户端保留取消其用户资格的权利。&amp;nbsp;&lt;/p&gt;&lt;p&gt;4.5 用户帐号的所有权归本客户端，用户仅享有使用权。&lt;/p&gt;&lt;p&gt;4.6 用户有义务保证密码和帐号的安全，用户利用该密码和帐号所进行的一切活动引起的任何损失或损害，由用户自行承担全部责任，本客户端不承担任何责任。如用户发现帐号遭到未授权的使用或发生其他任何安全问题，应立即修改帐号密码并妥善保管，如有必要，请通知本客户端。因黑客行为或用户的保管疏忽导致帐号非法使用，本客户端不承担任何责任。&amp;nbsp;&lt;/p&gt;&lt;p&gt;五、使用规则&lt;/p&gt;&lt;p&gt;5.1 遵守中华人民共和国相关法律法规，包括但不限于《中华人民共和国计算机信息系统安全保护条例》、《计算机软件保护条例》、《最高人民法院关于审理涉及计算机网络著作权纠纷案件适用法律若干问题的解释(法释[2004]1号)》、《全国人大常委会关于维护互联网安全的决定》、《互联网电子公告服务管理规定》、《互联网新闻信息服务管理规定》、《互联网著作权行政保护办法》、《信息网络传播权保护条例》和《互联网用户账号名称管理规定》等有关计算机互联网规定和知识产权的法律和法规、实施办法。&amp;nbsp;&lt;/p&gt;&lt;p&gt;5.2 用户对其自行发表、上传或传送的内容负全部责任，所有用户不得在本客户端任何页面发布、转载、传送含有下列内容之一的信息，否则本客户端有权自行处理并不通知用户：&amp;nbsp;&lt;/p&gt;&lt;p&gt;&amp;nbsp; &amp;nbsp; &amp;nbsp; (1)违反宪法确定的基本原则的；&amp;nbsp;&lt;/p&gt;&lt;p&gt;&amp;nbsp; &amp;nbsp; &amp;nbsp; (2)危害国家安全，泄漏国家机密，颠覆国家政权，破坏国家统一的；&amp;nbsp;&lt;/p&gt;&lt;p&gt;&amp;nbsp; &amp;nbsp; &amp;nbsp; (3)损害国家荣誉和利益的；&amp;nbsp;&lt;/p&gt;&lt;p&gt;&amp;nbsp; &amp;nbsp; &amp;nbsp; (4)煽动民族仇恨、民族歧视，破坏民族团结的；&amp;nbsp;&lt;/p&gt;&lt;p&gt;&amp;nbsp; &amp;nbsp; &amp;nbsp; (5)破坏国家宗教政策，宣扬邪教和封建迷信的；&amp;nbsp;&lt;/p&gt;&lt;p&gt;&amp;nbsp; &amp;nbsp; &amp;nbsp; (6)散布谣言，扰乱社会秩序，破坏社会稳定的；&amp;nbsp;&lt;/p&gt;&lt;p&gt;&amp;nbsp; &amp;nbsp; &amp;nbsp; (7)散布淫秽、色情、赌博、暴力、恐怖或者教唆犯罪的；&amp;nbsp;&lt;/p&gt;&lt;p&gt;&amp;nbsp; &amp;nbsp; &amp;nbsp; (8)侮辱或者诽谤他人，侵害他人合法权益的；&amp;nbsp;&lt;/p&gt;&lt;p&gt;&amp;nbsp; &amp;nbsp; &amp;nbsp; (9)煽动非法集会、结社、游行、示威、聚众扰乱社会秩序的；&amp;nbsp;&lt;/p&gt;&lt;p&gt;&amp;nbsp; &amp;nbsp; &amp;nbsp; (10)以非法民间组织名义活动的；&amp;nbsp;&lt;/p&gt;&lt;p&gt;&amp;nbsp; &amp;nbsp; &amp;nbsp; (11)含有法律、法规、规章、地方规范性文件、国家政策、政府通知、公序良俗等禁止的内容；&amp;nbsp;&lt;/p&gt;&lt;p&gt;&amp;nbsp; &amp;nbsp; &amp;nbsp; (12)本客户端认为不利于客户端生态、可能给客户端造成损失的内容。&amp;nbsp;&lt;/p&gt;&lt;p&gt;5.3 用户承诺对其发表或者上传于本客户端的所有信息(即属于《中华人民共和国著作权法》规定的作品，包括但不限于文字、图片、音乐、电影、表演和录音录像制品和电脑程序等)均享有完整的知识产权，或者已经得到相关权利人的合法授权；如用户违反本条规定造成本客户端被第三人索赔的，用户应全额补偿本客户端一切费用(包括但不限于各种赔偿费、诉讼代理费及为此支出的其它合理费用)；&amp;nbsp;&lt;/p&gt;&lt;p&gt;5.4 当第三方认为用户发表或者上传于本客户端的信息侵犯其权利，并根据《信息网络传播权保护条例》或者相关法律规定向本客户端发送权利通知书时，用户同意本客户端可以自行判断决定删除涉嫌侵权信息，除非用户提交书面证据材料排除侵权的可能性，本客户端将不会自动恢复上述删除的信息；&lt;/p&gt;&lt;p&gt;&amp;nbsp; &amp;nbsp; &amp;nbsp; (1)不得为任何非法目的而使用网络服务系统；&amp;nbsp;&lt;/p&gt;&lt;p&gt;&amp;nbsp; &amp;nbsp; &amp;nbsp; (2)遵守所有与网络服务有关的网络协议、规定和程序；&amp;nbsp;&lt;/p&gt;&lt;p&gt;&amp;nbsp; &amp;nbsp; &amp;nbsp; (3)不得利用本客户端服务进行任何可能对互联网的正常运转造成不利影响的行为；&amp;nbsp;&lt;/p&gt;&lt;p&gt;&amp;nbsp; &amp;nbsp; &amp;nbsp; (4)不得利用本客户端服务进行任何不利于本客户端的行为。&amp;nbsp;&lt;/p&gt;&lt;p&gt;5.5 如用户在使用网络服务时违反上述任何规定，本客户端有权要求用户改正或直接采取一切必要的措施(包括但不限于删除用户张贴的内容、暂停或终止用户使用网络服务的权利)以减轻用户不当行为而造成的影响。&lt;/p&gt;&lt;p&gt;六、内容审核及投诉机制&lt;/p&gt;&lt;p&gt;6.1用户通过本软件自行发表、上传或传送的内容，需符合本规定第四条使用规则当中提出的规范和要求，并经过后台管理员人工审核后才能发布，如涉及违规违法内容，管理员有权直接删除相关并不通知该用户；&amp;nbsp;&lt;/p&gt;&lt;p&gt;6.2 用户在使用过程中，如发现其他用户发布的内容涉及违规违法或有滥用用户权益的行为，可通过帖子详情页右上角的举报入口进行投诉和举报；同时可以在工作时间联系后台管理员进行投诉，联系电话：0750-3078105；&amp;nbsp;&lt;/p&gt;&lt;p&gt;6.3用户发布的内容及行为被其他用户投诉后，后台人工管理员将在24小时内进行审核处理，如用确认该用户发布的内容及行为违规违法或骚扰其他用户的，该用户将被列入黑名单，并取消用户资格；&amp;nbsp;&lt;/p&gt;&lt;p&gt;6.4用户如果觉得其他用户发表的内容，对其造成不良影响和骚扰，可以通过点击帖子详情页右上角的标示，选择投诉该内容或主动屏蔽该用户至黑名单，加入黑名单后，将不会在看到该用户发布的内容。&lt;/p&gt;&lt;p&gt;七、用户积分及金币商城管理&lt;/p&gt;&lt;p&gt;7.1 用户在使用本客户端的过程中，产生的阅读、发帖、签到和评论等行为，将会免费获得用户积分和金币，用户在获得积分的同时也将获得同等数量的金币；&amp;nbsp;&lt;/p&gt;&lt;p&gt;7.2其中积分用来确定用户的等级和权限，积分获得后将不会被消耗，伴随用户的等级增长而积累，金币可以用来在客户端内进行打赏和金币商城的礼物兑换，金币使用后将会被消耗；&amp;nbsp;&lt;/p&gt;&lt;p&gt;7.3“金币”及“积分”获取方式如下：&amp;nbsp;&lt;/p&gt;&lt;p&gt;&amp;nbsp; &amp;nbsp; &amp;nbsp; (1)签到，每天1次，每次+5金币/积分，七天为一个周期；&amp;nbsp;&lt;/p&gt;&lt;p&gt;&amp;nbsp; &amp;nbsp; &amp;nbsp; (2)发帖，每次+5金币/积分，每天上限+10金币/积分；&amp;nbsp;&lt;/p&gt;&lt;p&gt;&amp;nbsp; &amp;nbsp; &amp;nbsp; (3)评论，每次+2金币/积分，每天上限+10金币/积分；&amp;nbsp;&lt;/p&gt;&lt;p&gt;&amp;nbsp; &amp;nbsp; &amp;nbsp; (4)点赞，每次+1金币/积分，每天上限+5金币/积分；&amp;nbsp;&lt;/p&gt;&lt;p&gt;&amp;nbsp; &amp;nbsp; &amp;nbsp; (5)阅读新闻、资讯也可随机获得数额不等的金币/积分；&amp;nbsp;&lt;/p&gt;&lt;p&gt;&amp;nbsp; &amp;nbsp; &amp;nbsp; (6)打赏，用户发的帖子可以被其它用户打赏，数额为1-50的金币/积分。&amp;nbsp;&amp;nbsp;&lt;/p&gt;&lt;p&gt;7.4 除了上述行为之外，用户无法通过购买的方式获得金币和积分，其中金币的具体使用规定如下：&lt;/p&gt;&lt;p&gt;&amp;nbsp; &amp;nbsp; &amp;nbsp; (1)金币可用于用户之间对内容的打赏，并且每次打赏均不能超过上限规定；&amp;nbsp;&lt;/p&gt;&lt;p&gt;&amp;nbsp; &amp;nbsp; &amp;nbsp; (2)金币也可以通过金币商城兑换相应的礼品；&amp;nbsp;&lt;/p&gt;&lt;p&gt;&amp;nbsp; &amp;nbsp; &amp;nbsp; (3)金币不可折现，并禁止用户买卖或变相买卖，一经发现将清空该账户；&amp;nbsp;&lt;/p&gt;&lt;p&gt;&amp;nbsp; &amp;nbsp; &amp;nbsp; (4)本公司保留对金币使用规定的最终解释权。&amp;nbsp;&amp;nbsp;&lt;/p&gt;&lt;p&gt;7.5“积分”累积及用户使用规则说明：&amp;nbsp;&lt;/p&gt;&lt;p&gt;&amp;nbsp; &amp;nbsp; &amp;nbsp; (1)“积分”累积额度决定用户身份等级；&amp;nbsp;&lt;/p&gt;&lt;p&gt;&amp;nbsp; &amp;nbsp; &amp;nbsp; (2)用户积分等级对应不同的用户头衔，并有相对应的用户权限。&amp;nbsp;&lt;/p&gt;&lt;p&gt;&amp;nbsp; &amp;nbsp; &amp;nbsp; (3)积分等级设置如下：&amp;nbsp;&lt;/p&gt;&lt;p&gt;八、隐私保护&lt;/p&gt;&lt;p&gt;8.1 本客户端不对外公开或向第三方提供单个用户的注册资料及用户在使用网络服务时存储在本客户端的非公开内容，但下列情况除外：&amp;nbsp;&lt;/p&gt;&lt;p&gt;&amp;nbsp; &amp;nbsp; &amp;nbsp; (1)事先获得用户的明确授权；&amp;nbsp;&lt;/p&gt;&lt;p&gt;&amp;nbsp; &amp;nbsp; &amp;nbsp; (2)根据有关的法律法规要求；&amp;nbsp;&lt;/p&gt;&lt;p&gt;&amp;nbsp; &amp;nbsp; &amp;nbsp; (3)按照相关政府主管部门的要求；&amp;nbsp;&lt;/p&gt;&lt;p&gt;&amp;nbsp; &amp;nbsp; &amp;nbsp; (4)为维护社会公众的利益。&amp;nbsp;&amp;nbsp;&lt;/p&gt;&lt;p&gt;8.2 在不透露单个用户隐私资料的前提下，本客户端有权对整个用户数据库进行分析并对用户数据库进行商业上的利用。&lt;/p&gt;&lt;p&gt;九、版权声明&lt;/p&gt;&lt;p&gt;9.1 用户发表并将其上传到本网站的任何内容，本客户端在全世界范围内不限形式和载体地享有永久的、不可撤销的、免费的、非独家的使用权和转授权的权利，包括但不限于修改、复制、发行、展览、改编、汇编、出版、翻译、信息网络传播、广播、表演和再创作及著作权法等法律法规确定的其他权利。&amp;nbsp;&lt;/p&gt;&lt;p&gt;9.2 本客户端特有的标识、版面设计、编排方式等版权均属本客户端享有，未经本客户端许可，不得任意复制或转载。&amp;nbsp;&lt;/p&gt;&lt;p&gt;9.3 用户从本客户端的服务中获得的信息，未经本客户端许可，不得任意复制或转载。&amp;nbsp;&lt;/p&gt;&lt;p&gt;9.4 使用本客户端的任何内容均应注明&amp;quot;来源于聚视客户端”及署上作者姓名，按法律规定需要支付稿酬的，应当通知本客户端及作者及支付稿酬，并独立承担一切法律责任。&amp;nbsp;&lt;/p&gt;&lt;p&gt;9.5 本客户端享有所有作品用于其它用途的使用权和优先权，包括但不限于网站、电子杂志、平面出版等，作者在本客户端发布内容时视为同意本条款。&amp;nbsp;&lt;/p&gt;&lt;p&gt;9.6 本客户端所有内容仅代表作者自己的立场和观点，与本客户端无关，由作者本人承担一切法律责任。&amp;nbsp;&lt;/p&gt;&lt;p&gt;9.7 恶意转载本客户端内容的，本客户端保留将其诉诸法律的权利。&lt;/p&gt;&lt;p&gt;十、责任声明&lt;/p&gt;&lt;p&gt;10.1 用户明确同意其使用本客户端网络服务所存在的风险及一切后果将完全由用户本人承担，本客户端对此不承担任何责任。&amp;nbsp;&lt;/p&gt;&lt;p&gt;10.2 本客户端无法保证网络服务一定能满足用户的要求，也不保证网络服务的及时性、安全性、准确性。&amp;nbsp;&lt;/p&gt;&lt;p&gt;10.3 本客户端不保证为方便用户而设置的外部链接的准确性和完整性，同时，对于该等外部链接指向的不由本客户端实际控制的任何网页上的内容，本客户端不承担任何责任。&amp;nbsp;&lt;/p&gt;&lt;p&gt;10.4 对于因不可抗力或本客户端不能控制的原因造成的网络服务中断或其它缺陷，本客户端不承担任何责任，但将尽力减少因此而给用户造成的损失和影响。&amp;nbsp;&lt;/p&gt;&lt;p&gt;10.5 对于本客户端向用户提供的下列产品或者服务的质量缺陷本身及其引发的任何损失，本客户端无需承担任何责任：&amp;nbsp;&lt;/p&gt;&lt;p&gt;&amp;nbsp; &amp;nbsp; &amp;nbsp; (1)本客户端向用户免费提供的各项网络服务；&amp;nbsp;&lt;/p&gt;&lt;p&gt;&amp;nbsp; &amp;nbsp; &amp;nbsp; (2)本客户端向用户赠送的任何产品或者服务；&amp;nbsp;&lt;/p&gt;&lt;p&gt;10.6 本客户端有权于任何时间暂时或永久修改或终止本服务(或其任何部分)，而无论其通知与否，本客户端对用户和任何第三人均无需承担任何责任。&lt;/p&gt;&lt;p&gt;十一、附则&lt;/p&gt;&lt;p&gt;11.1 本协议的订立、执行和解释及争议的解决均应适用中华人民共和国法律。&amp;nbsp;&lt;/p&gt;&lt;p&gt;11.2 如本协议中的任何条款无论因何种原因完全或部分无效或不具有执行力，本协议的其余条款仍应有效并且有约束力。&amp;nbsp;&lt;/p&gt;&lt;p&gt;11.3 本协议解释权及修订权归聚视客户端泰德网聚（北京）科技股份有限公司所有。&lt;/p&gt;&lt;p&gt;&lt;br/&gt;&lt;/p&gt;&lt;p&gt;&amp;nbsp; &amp;nbsp; &amp;nbsp; &amp;nbsp; &amp;nbsp; &amp;nbsp; &amp;nbsp; &amp;nbsp; &amp;nbsp; &amp;nbsp; &amp;nbsp; &amp;nbsp; &amp;nbsp; &amp;nbsp; &amp;nbsp; &amp;nbsp; &amp;nbsp; &amp;nbsp; &amp;nbsp; &amp;nbsp; &amp;nbsp; &amp;nbsp; &amp;nbsp; &amp;nbsp; &amp;nbsp; &amp;nbsp; &amp;nbsp; &amp;nbsp; &amp;nbsp; &amp;nbsp; &amp;nbsp; &amp;nbsp; &amp;nbsp; &amp;nbsp; &amp;nbsp; &amp;nbsp; &amp;nbsp; &amp;nbsp; &amp;nbsp; &amp;nbsp; &amp;nbsp; &amp;nbsp; &amp;nbsp; &amp;nbsp; &amp;nbsp; &amp;nbsp; &amp;nbsp; &amp;nbsp; &amp;nbsp; &amp;nbsp; &amp;nbsp; &amp;nbsp; &amp;nbsp; &amp;nbsp; &amp;nbsp; &amp;nbsp; &amp;nbsp; &amp;nbsp; &amp;nbsp; &amp;nbsp; &amp;nbsp; &amp;nbsp; &amp;nbsp; &amp;nbsp; &amp;nbsp; &amp;nbsp; &amp;nbsp; &amp;nbsp; &amp;nbsp; &amp;nbsp; &amp;nbsp; &amp;nbsp; &amp;nbsp; &amp;nbsp; &amp;nbsp; &amp;nbsp; &amp;nbsp; &amp;nbsp; &amp;nbsp; &amp;nbsp; &amp;nbsp; &amp;nbsp; &amp;nbsp; &amp;nbsp; &amp;nbsp; &amp;nbsp; &amp;nbsp; &amp;nbsp; &amp;nbsp;泰德网聚（北京）科技股份有限公司&lt;/p&gt;&lt;p&gt;&lt;br/&gt;&lt;/p&gt;&lt;p&gt;&amp;nbsp; &amp;nbsp; &amp;nbsp; &amp;nbsp; &amp;nbsp; &amp;nbsp; &amp;nbsp; &amp;nbsp; &amp;nbsp; &amp;nbsp; &amp;nbsp; &amp;nbsp; &amp;nbsp; &amp;nbsp; &amp;nbsp; &amp;nbsp; &amp;nbsp; &amp;nbsp; &amp;nbsp; &amp;nbsp; &amp;nbsp; &amp;nbsp; &amp;nbsp; &amp;nbsp; &amp;nbsp; &amp;nbsp; &amp;nbsp; &amp;nbsp; &amp;nbsp; &amp;nbsp; &amp;nbsp; &amp;nbsp; &amp;nbsp; &amp;nbsp; &amp;nbsp; &amp;nbsp; &amp;nbsp; &amp;nbsp; &amp;nbsp; &amp;nbsp; &amp;nbsp; &amp;nbsp; &amp;nbsp; &amp;nbsp; &amp;nbsp; &amp;nbsp; &amp;nbsp; &amp;nbsp; &amp;nbsp; &amp;nbsp; &amp;nbsp; &amp;nbsp; &amp;nbsp; &amp;nbsp; &amp;nbsp; &amp;nbsp; &amp;nbsp; &amp;nbsp; &amp;nbsp; &amp;nbsp; &amp;nbsp; &amp;nbsp; &amp;nbsp; &amp;nbsp; &amp;nbsp; &amp;nbsp; &amp;nbsp; &amp;nbsp; &amp;nbsp; &amp;nbsp; &amp;nbsp; &amp;nbsp; &amp;nbsp; &amp;nbsp; &amp;nbsp; &amp;nbsp; &amp;nbsp; &amp;nbsp; &amp;nbsp; &amp;nbsp; &amp;nbsp; &amp;nbsp; &amp;nbsp; &amp;nbsp; &amp;nbsp; &amp;nbsp; &amp;nbsp; &amp;nbsp; &amp;nbsp; &amp;nbsp; &amp;nbsp; &amp;nbsp; &amp;nbsp; &amp;nbsp; &amp;nbsp; &amp;nbsp; &amp;nbsp; &amp;nbsp; &amp;nbsp; &amp;nbsp; &amp;nbsp;2018年7月18日&lt;/p&gt;&lt;p&gt;&lt;br/&gt;&lt;/p&gt;</Content>
  <Photo></Photo>
  <Keyword></Keyword>
  <Tag></Tag>
  <SetPublishDate></SetPublishDate>
  <filename>policy</filename>
</root>
