<?xml version="1.0" encoding="utf-8"?>

<!--文章信息，创建时间：2019-2-27 15:44-->
<root>
  <ChannelID>15919</ChannelID>
  <Status>1</Status>
  <Title>聚视新闻广播</Title>
  <SubTitle></SubTitle>
  <PublishDate>1530191332</PublishDate>
  <Weight>0</Weight>
  <DocFrom></DocFrom>
  <IsPhotoNews>0</IsPhotoNews>
  <Summary></Summary>
  <Content></Content>
  <Photo></Photo>
  <Keyword></Keyword>
  <Tag></Tag>
  <SetPublishDate></SetPublishDate>
  <phone>18800000002</phone>
  <token>jx7035a57aa59b1944</token>
  <parent>1621</parent>
  <address></address>
  <listurl>http://123.56.71.230:65530/a/e/c/list_1_0.shtml</listurl>
  <company_id>1611</company_id>
  <virtualconcern></virtualconcern>
  <model_control>1,5,6,7</model_control>
  <userid></userid>
  <topic_category>0</topic_category>
</root>
