<?xml version="1.0" encoding="utf-8"?>

<!--文章信息，创建时间：2019-2-27 15:44-->
<root>
  <ChannelID>15919</ChannelID>
  <Status>1</Status>
  <Title>聚视新媒体</Title>
  <SubTitle></SubTitle>
  <PublishDate>1530191355</PublishDate>
  <Weight>0</Weight>
  <DocFrom></DocFrom>
  <IsPhotoNews>0</IsPhotoNews>
  <Summary></Summary>
  <Content></Content>
  <Photo>/images/2018/6/29/20186291530261345564_6.png</Photo>
  <Keyword></Keyword>
  <Tag></Tag>
  <SetPublishDate></SetPublishDate>
  <phone>18800000001</phone>
  <token>jx0052b0853335f928</token>
  <parent>1621</parent>
  <address></address>
  <listurl>http://123.56.71.230:65530/a/e/b/list_1_0.shtml</listurl>
  <company_id>1610</company_id>
  <virtualconcern>0</virtualconcern>
  <model_control>1,5,6,7</model_control>
  <userid>64</userid>
  <topic_category>1019688</topic_category>
</root>
