<?xml version="1.0" encoding="utf-8"?>

<!--文章信息，创建时间：2019-2-27 15:44-->
<root>
  <ChannelID>15919</ChannelID>
  <Status>1</Status>
  <Title>新闻女生小微</Title>
  <SubTitle></SubTitle>
  <PublishDate>1530191795</PublishDate>
  <Weight>0</Weight>
  <DocFrom></DocFrom>
  <IsPhotoNews>0</IsPhotoNews>
  <Summary></Summary>
  <Content></Content>
  <Photo>/images/2018/7/2/2018721530503949219_6.png</Photo>
  <Keyword></Keyword>
  <Tag></Tag>
  <SetPublishDate></SetPublishDate>
  <phone>18800000003</phone>
  <token>jxdbe7f5f863373be8</token>
  <parent>1621</parent>
  <address></address>
  <listurl>http://123.56.71.230:65530/a/e/d/list_1_0.shtml</listurl>
  <company_id>1612</company_id>
  <virtualconcern></virtualconcern>
  <model_control>1,5,6,7</model_control>
  <userid></userid>
  <topic_category>0</topic_category>
</root>
