<?xml version="1.0" encoding="utf-8"?>

<!--文章信息，创建时间：2019-2-27 15:52-->
<root>
  <ChannelID>15931</ChannelID>
  <Status>1</Status>
  <Title>分享</Title>
  <SubTitle></SubTitle>
  <PublishDate>1541128083</PublishDate>
  <Weight></Weight>
  <DocFrom></DocFrom>
  <IsPhotoNews></IsPhotoNews>
  <Summary></Summary>
  <Content></Content>
  <Photo></Photo>
  <Keyword></Keyword>
  <Tag></Tag>
  <SetPublishDate></SetPublishDate>
  <ruletype>3</ruletype>
  <userid>64</userid>
  <beuserid>64</beuserid>
  <score>5</score>
  <docid>1019931</docid>
  <readstatus></readstatus>
</root>
