<?xml version="1.0" encoding="utf-8"?>

<!--文章信息，创建时间：2019-2-27 15:44-->
<root>
  <ChannelID>16019</ChannelID>
  <Status>1</Status>
  <Title>我想爆料</Title>
  <SubTitle></SubTitle>
  <PublishDate>1541564279</PublishDate>
  <Weight>0</Weight>
  <DocFrom></DocFrom>
  <IsPhotoNews>0</IsPhotoNews>
  <Summary></Summary>
  <Content></Content>
  <Photo>/images/2018/11/7/20181171541564299432_9.png</Photo>
  <Keyword></Keyword>
  <Tag></Tag>
  <SetPublishDate></SetPublishDate>
  <location>0</location>
  <channelid>16034</channelid>
  <serial>16034</serial>
  <showcategory>1</showcategory>
  <doc_type>0</doc_type>
  <href_app>/a/a/f/list_1_0.shtml</href_app>
  <baoliaotitle></baoliaotitle>
  <mybaoliaotitle></mybaoliaotitle>
</root>
