<?xml version="1.0" encoding="utf-8"?>

<!--文章信息，创建时间：2019-2-27 15:53-->
<root>
  <ChannelID>14265</ChannelID>
  <Status>1</Status>
  <Title>疑似李笑来私人录音曝光：拿网红与概念炒作骗散户口袋钱</Title>
  <SubTitle></SubTitle>
  <PublishDate>1541563192</PublishDate>
  <Weight></Weight>
  <DocFrom></DocFrom>
  <IsPhotoNews></IsPhotoNews>
  <Summary></Summary>
  <Content>评论</Content>
  <Photo></Photo>
  <Keyword></Keyword>
  <Tag></Tag>
  <SetPublishDate></SetPublishDate>
  <url>http://39.107.232.220:3680//a/a/g/content_491.shtml?</url>
  <parent>0</parent>
  <username>lxy_481581</username>
  <item_gid>1019758</item_gid>
  <userid>82</userid>
  <siteflag>53</siteflag>
</root>
