<?xml version="1.0" encoding="utf-8"?>

<!--文章信息，创建时间：2019-2-27 15:53-->
<root>
  <ChannelID>14265</ChannelID>
  <Status>1</Status>
  <Title>广西：实拍武警官兵军事技能“毕业考核”</Title>
  <SubTitle></SubTitle>
  <PublishDate>1541563523</PublishDate>
  <Weight></Weight>
  <DocFrom></DocFrom>
  <IsPhotoNews></IsPhotoNews>
  <Summary></Summary>
  <Content>55</Content>
  <Photo></Photo>
  <Keyword></Keyword>
  <Tag></Tag>
  <SetPublishDate></SetPublishDate>
  <url>http://39.107.232.220:3680/a/a/g/pic_content_488.shtml?</url>
  <parent>199</parent>
  <username>lxy_481581</username>
  <item_gid>10197350</item_gid>
  <userid>82</userid>
  <siteflag>53</siteflag>
</root>
