<?xml version="1.0" encoding="utf-8"?>

<!--文章信息，创建时间：2019-2-27 15:53-->
<root>
  <ChannelID>14265</ChannelID>
  <Status>1</Status>
  <Title>贵阳卫视</Title>
  <SubTitle></SubTitle>
  <PublishDate>1541563789</PublishDate>
  <Weight></Weight>
  <DocFrom></DocFrom>
  <IsPhotoNews></IsPhotoNews>
  <Summary></Summary>
  <Content>pinglun</Content>
  <Photo></Photo>
  <Keyword></Keyword>
  <Tag></Tag>
  <SetPublishDate></SetPublishDate>
  <url>/a/b/d/live_wap_509.html</url>
  <parent>0</parent>
  <username>lxy_481581</username>
  <item_gid>1019836</item_gid>
  <userid>82</userid>
  <siteflag>53</siteflag>
</root>
