<?xml version="1.0" encoding="utf-8"?>

<!--文章信息，创建时间：2019-2-27 15:53-->
<root>
  <ChannelID>14265</ChannelID>
  <Status>1</Status>
  <Title>聚现助力第十七届中国网络媒体高峰论坛！</Title>
  <SubTitle></SubTitle>
  <PublishDate>1541574490</PublishDate>
  <Weight></Weight>
  <DocFrom></DocFrom>
  <IsPhotoNews></IsPhotoNews>
  <Summary></Summary>
  <Content>236</Content>
  <Photo></Photo>
  <Keyword></Keyword>
  <Tag></Tag>
  <SetPublishDate></SetPublishDate>
  <url>http://39.107.232.220:3680//a/a/g/content_421.shtml?</url>
  <parent>0</parent>
  <username>456</username>
  <item_gid>1019559</item_gid>
  <userid>65</userid>
  <siteflag>53</siteflag>
</root>
