<?xml version="1.0" encoding="utf-8"?>

<!--文章信息，创建时间：2019-12-11 18:4-->
<root>
  <ChannelID>15944</ChannelID>
  <Status>0</Status>
  <TotalPage>1</TotalPage>
  <Title>中美大学生女足友谊赛/China-U.S. University Womens Soccer Friendship Game</Title>
  <SubTitle></SubTitle>
  <PublishDate>2017-06-02 03:39:00</PublishDate>
  <Weight>0</Weight>
  <DocFrom></DocFrom>
  <IsPhotoNews></IsPhotoNews>
  <Summary></Summary>
  <Content></Content>
  <Photo>http://img.juyun.tv/images/2017/5/2/2017521493711419485_24.jpg</Photo>
  <Keyword></Keyword>
  <Tag></Tag>
  <SetPublishDate></SetPublishDate>
  <pc_url>http://tv.jsports.cn/live_web.php?id=2125</pc_url>
  <url>http://tv.jsports.cn/live.php?id=2125</url>
  <userName>菁体育大东哥</userName>
  <columns>体育赛事</columns>
  <views></views>
  <state></state>
  <start>1497974400</start>
  <activity_id>2125</activity_id>
  <end>1498233600</end>
</root>
