<?xml version="1.0" encoding="utf-8"?>

<!--文章信息，创建时间：2019-12-11 18:4-->
<root>
  <ChannelID>15944</ChannelID>
  <Status>0</Status>
  <TotalPage>1</TotalPage>
  <Title>2017-2018全国青少年校园足球联赛CUFA大足联赛男子高职高专组（北区）决赛</Title>
  <SubTitle></SubTitle>
  <PublishDate>2017-06-02 03:47:00</PublishDate>
  <Weight>0</Weight>
  <DocFrom></DocFrom>
  <IsPhotoNews></IsPhotoNews>
  <Summary></Summary>
  <Content></Content>
  <Photo>http://img.juyun.tv/user/1526891390.png</Photo>
  <Keyword></Keyword>
  <Tag></Tag>
  <SetPublishDate></SetPublishDate>
  <pc_url>http://tv.jsports.cn/live_web.php?id=9877</pc_url>
  <url>http://tv.jsports.cn/live.php?id=9877</url>
  <userName>菁体育大东哥</userName>
  <columns>体育赛事</columns>
  <views></views>
  <state></state>
  <start>1528070400</start>
  <activity_id>9877</activity_id>
  <end>0</end>
</root>
