<?xml version="1.0" encoding="utf-8"?>

<!--文章信息，创建时间：2019-12-11 18:4-->
<root>
  <ChannelID>15944</ChannelID>
  <Status>0</Status>
  <TotalPage>1</TotalPage>
  <Title>测试预约</Title>
  <SubTitle></SubTitle>
  <PublishDate>2017-06-02 03:39:00</PublishDate>
  <Weight>0</Weight>
  <DocFrom></DocFrom>
  <IsPhotoNews></IsPhotoNews>
  <Summary></Summary>
  <Content></Content>
  <Photo>http://juxian.juyun.tv/images/videoqg.jpg</Photo>
  <Keyword></Keyword>
  <Tag></Tag>
  <SetPublishDate></SetPublishDate>
  <pc_url>http://tv.jsports.cn/live_web.php?id=2237</pc_url>
  <url>http://tv.jsports.cn/live.php?id=2237</url>
  <userName>菁体育大东哥</userName>
  <columns>公共栏目</columns>
  <views></views>
  <state></state>
  <start>1497945900</start>
  <activity_id>2237</activity_id>
  <end>1497974400</end>
</root>
