<?xml version="1.0" encoding="utf-8"?>

<!--文章信息，创建时间：2019-12-11 18:4-->
<root>
  <ChannelID>15944</ChannelID>
  <Status>0</Status>
  <TotalPage>1</TotalPage>
  <Title>聚视演示</Title>
  <SubTitle></SubTitle>
  <PublishDate>2017-08-18 06:53:00</PublishDate>
  <Weight>0</Weight>
  <DocFrom></DocFrom>
  <IsPhotoNews></IsPhotoNews>
  <Summary></Summary>
  <Content></Content>
  <Photo>http://juxian.juyun.tv/images/videoqg.jpg</Photo>
  <Keyword></Keyword>
  <Tag></Tag>
  <SetPublishDate></SetPublishDate>
  <pc_url>http://juxian.juyun.tv/live_web.php?id=10614</pc_url>
  <url>http://juxian.juyun.tv/live.php?id=10614</url>
  <userName>18800000000</userName>
  <columns>公共栏目</columns>
  <views></views>
  <state></state>
  <start>1530173100</start>
  <activity_id>10614</activity_id>
  <end>0</end>
</root>
