<?xml version="1.0" encoding="utf-8"?>

<!--文章信息，创建时间：2019-12-11 18:4-->
<root>
  <ChannelID>15944</ChannelID>
  <Status>0</Status>
  <TotalPage>1</TotalPage>
  <Title>“拥抱未来 唱响明天”山西传媒学院教职工歌咏大赛</Title>
  <SubTitle></SubTitle>
  <PublishDate>2017-06-02 03:39:00</PublishDate>
  <Weight>0</Weight>
  <DocFrom></DocFrom>
  <IsPhotoNews></IsPhotoNews>
  <Summary></Summary>
  <Content></Content>
  <Photo>http://img.juyun.tv/user/1498192227.jpg</Photo>
  <Keyword></Keyword>
  <Tag></Tag>
  <SetPublishDate></SetPublishDate>
  <pc_url>http://tv.jsports.cn/live_web.php?id=2369</pc_url>
  <url>http://tv.jsports.cn/live.php?id=2369</url>
  <userName>菁体育大东哥</userName>
  <columns>校园活动</columns>
  <views></views>
  <state></state>
  <start>1498201200</start>
  <activity_id>2369</activity_id>
  <end>1498233600</end>
</root>
