<?xml version="1.0" encoding="utf-8"?>

<!--文章信息，创建时间：2019-12-11 18:4-->
<root>
  <ChannelID>15944</ChannelID>
  <Status>0</Status>
  <TotalPage>1</TotalPage>
  <Title>中国高校体操类项目教练员裁判员培训班</Title>
  <SubTitle></SubTitle>
  <PublishDate>2017-06-02 03:39:00</PublishDate>
  <Weight>0</Weight>
  <DocFrom></DocFrom>
  <IsPhotoNews></IsPhotoNews>
  <Summary></Summary>
  <Content></Content>
  <Photo>http://img.juyun.tv/user/1500126189.jpg</Photo>
  <Keyword></Keyword>
  <Tag></Tag>
  <SetPublishDate></SetPublishDate>
  <pc_url>http://tv.jsports.cn/live_web.php?id=2843</pc_url>
  <url>http://tv.jsports.cn/live.php?id=2843</url>
  <userName>菁体育大东哥</userName>
  <columns>体育培训</columns>
  <views></views>
  <state></state>
  <start>1499616000</start>
  <activity_id>2843</activity_id>
  <end>1500134400</end>
</root>
