<?xml version="1.0" encoding="utf-8"?>

<!--文章信息，创建时间：2019-12-11 18:4-->
<root>
  <ChannelID>15900</ChannelID>
  <Status>1</Status>
  <TotalPage>1</TotalPage>
  <item_type>2</item_type>
  <doc_type>0</doc_type>
  <content_type></content_type>
  <showbuttontitle>0</showbuttontitle>
  <Title>习近平写信勉励新近入党的电影表演艺术家牛犇 继续在从艺做人上作表率</Title>
  <PublishDate>2017-06-10 01:45:00</PublishDate>
  <DocFrom></DocFrom>
  <Summary></Summary>
  <Content>&lt;p style="white-space: normal; text-align: center;"&gt;&lt;img src="/images/2018/6/27/20186271530082946109_49.jpeg"/&gt;&lt;/p&gt;&lt;p style="white-space: normal;"&gt;原标题：习近平写信勉励新近入党的电影表演艺术家牛犇 继续在从艺做人上作表率 带动更多文艺工作者做有信仰有情怀有担当的人&lt;/p&gt;&lt;p style="white-space: normal;"&gt;新华社北京6月26日电 中共中央总书记、国家主席、中央军委主席习近平6月25日给新近入党的电影表演艺术家牛犇写信，勉励他发挥好党员先锋模范作用，继续在从艺做人上为广大文艺工作者作表率。&lt;/p&gt;&lt;p style="white-space: normal;"&gt;习近平在信中说，得知你在耄耋之年加入了中国共产党，实现了自己的夙愿，我为此感到高兴。&lt;/p&gt;&lt;p style="white-space: normal;"&gt;习近平指出，你把党当作母亲，把入党当成神圣的事情，60多年矢志不渝追求进步，决心一辈子跟党走，这份执着的坚守令人感动。&lt;/p&gt;&lt;p style="white-space: normal;"&gt;习近平表示，几十年来，你以党员标准要求自己，把为人民创作作为人生追求，坚持社会效益至上，塑造了许多富有生命力、感染力的艺术形象，受到人民群众高度评价和充分肯定。希望你发挥好党员先锋模范作用，继续在从艺做人上作表率，带动更多文艺工作者做有信仰、有情怀、有担当的人，为繁荣发展社会主义文艺贡献力量。（信全文另发）&lt;/p&gt;&lt;p style="white-space: normal;"&gt;近日，83岁高龄的电影表演艺术家牛犇入党一事，引起媒体和社会广泛关注。牛犇是上海电影制片厂演员，11岁起从事表演工作，参演过《龙须沟》《红色娘子军》《天云山传奇》《牧马人》等一批脍炙人口的影片。因其对中国电影的贡献，2017年获得金鸡奖终身成就奖。牛犇经历过旧社会的苦难，受老一辈电影人的影响，青年时期就立志加入中国共产党，几十年从未放弃追求进步。近年来，他又多次向组织表达入党意愿。今年5月31日，中共上海电影（集团）有限公司演员剧团支部委员会同意吸收牛犇为中共预备党员。&lt;/p&gt;&lt;p&gt;&lt;br/&gt;&lt;/p&gt;</Content>
  <Keyword>牛犇,习近平,入党,电影,从艺</Keyword>
  <Photo4>/images/2018/6/27/20186271530092583543_49_t1080.jpeg</Photo4>
  <Photo></Photo>
  <Photo2></Photo2>
  <Photo3></Photo3>
  <videoid>0</videoid>
  <videosource></videosource>
  <videourl></videourl>
  <isAudio>0</isAudio>
  <anuor></anuor>
  <mediatype>0</mediatype>
  <td_liveid></td_liveid>
  <epgchannelid>0</epgchannelid>
  <jumptype>0</jumptype>
  <href_app></href_app>
  <frame>0</frame>
  <secondcategory>0</secondcategory>
  <juxian_liveid>0</juxian_liveid>
  <juxian_companyid>0</juxian_companyid>
  <juxian_type>0</juxian_type>
  <juxian_user></juxian_user>
  <state>0</state>
  <start>0</start>
  <end>0</end>
  <live_shareurl></live_shareurl>
  <juxian_sourceid>0</juxian_sourceid>
  <payaction>0</payaction>
  <pdf></pdf>
  <Parent>0</Parent>
  <pv_virtual>0</pv_virtual>
  <pv>42</pv>
  <SubTitle></SubTitle>
  <Weight>0</Weight>
  <Tag></Tag>
  <SetPublishDate></SetPublishDate>
  <Status2>0</Status2>
  <IsPhotoNews>0</IsPhotoNews>
  <process>0</process>
  <duration></duration>
  <baoliao_userid>0</baoliao_userid>
  <baoliao_ispublic>1</baoliao_ispublic>
  <baoliaostatus>0</baoliaostatus>
  <interior_type>0</interior_type>
  <interior_id></interior_id>
  <allowcomment>1</allowcomment>
  <showread>1</showread>
  <phone></phone>
  <zan_virtual_num></zan_virtual_num>
  <allowadvert>1</allowadvert>
  <baoliao_localtion></baoliao_localtion>
  <jd></jd>
  <wd></wd>
  <showbaoliaouser>0</showbaoliaouser>
  <baoliao_photo2></baoliao_photo2>
  <baoliao_photo3></baoliao_photo3>
  <baoliao_photo4></baoliao_photo4>
  <baoliao_photo5></baoliao_photo5>
  <baoliao_photo6></baoliao_photo6>
  <baoliao_photo7></baoliao_photo7>
  <baoliao_photo8></baoliao_photo8>
  <baoliao_photo9></baoliao_photo9>
  <baoliao>0</baoliao>
  <wenzheng>0</wenzheng>
</root>
