<?xml version="1.0" encoding="utf-8"?>

<!--文章信息，创建时间：2019-2-27 15:53-->
<root>
  <ChannelID>14421</ChannelID>
  <Status>1</Status>
  <Title>聚视运营版</Title>
  <SubTitle></SubTitle>
  <PublishDate>1529930279</PublishDate>
  <Weight>0</Weight>
  <DocFrom></DocFrom>
  <IsPhotoNews>0</IsPhotoNews>
  <Summary></Summary>
  <Content></Content>
  <Photo></Photo>
  <Keyword></Keyword>
  <Tag></Tag>
  <SetPublishDate></SetPublishDate>
  <comment_setting>1</comment_setting>
  <topic_setting>1</topic_setting>
  <siteflag>53</siteflag>
</root>
