[
{"channelName":"全部","channelID":"16664","listUrl":"/map/a/list.shtml" ,"jwd":"/map/a/jwd.json"}
,{"channelName":"油菜花","channelID":"16666","listUrl":"/map/a/a/list.shtml" ,"jwd":"/map/a/jwd.json"}
,{"channelName":"景区","channelID":"16667","listUrl":"/map/a/b/list.shtml" ,"jwd":"/map/a/jwd.json"}
,{"channelName":"学校","channelID":"16668","listUrl":"/map/a/c/list.shtml" ,"jwd":"/map/a/jwd.json"}
,{"channelName":"商场","channelID":"16669","listUrl":"/map/a/d/list.shtml" ,"jwd":"/map/a/jwd.json"}
]