<?xml version="1.0" encoding="utf-8"?>

<!--文章信息，创建时间：2019-2-27 15:52-->
<root>
  <ChannelID>14331</ChannelID>
  <Status>1</Status>
  <Title>Last Man Standing</Title>
  <SubTitle></SubTitle>
  <PublishDate>1541577330</PublishDate>
  <Weight></Weight>
  <DocFrom></DocFrom>
  <IsPhotoNews></IsPhotoNews>
  <Summary></Summary>
  <userid>64</userid>
  <bewatchuserid>0</bewatchuserid>
  <Content></Content>
  <Photo></Photo>
  <Keyword></Keyword>
  <Tag></Tag>
  <SetPublishDate></SetPublishDate>
  <siteflag>53</siteflag>
  <readstatus>0</readstatus>
  <becompanyid>1611</becompanyid>
</root>
