<?xml version="1.0" encoding="utf-8"?>

<!--文章信息，创建时间：2019-12-11 18:4-->
<root>
  <ChannelID>16329</ChannelID>
  <Status>1</Status>
  <TotalPage>1</TotalPage>
  <Title>主播秀轮播图</Title>
  <SubTitle></SubTitle>
  <PublishDate>2022-01-28 22:20:00</PublishDate>
  <Weight>0</Weight>
  <DocFrom></DocFrom>
  <IsPhotoNews>0</IsPhotoNews>
  <Summary></Summary>
  <Content></Content>
  <Photo>/images/2019/7/16/20197161563270988115_231.jpg</Photo>
  <Keyword></Keyword>
  <Tag></Tag>
  <SetPublishDate></SetPublishDate>
  <live_url></live_url>
</root>
