<?xml version="1.0" encoding="utf-8"?>

<!--文章信息，创建时间：2019-2-27 16:22-->
<root>
  <ChannelID>15981</ChannelID>
  <Status>1</Status>
  <item_type>1</item_type>
  <doc_type>0</doc_type>
  <content_type>图文</content_type>
  <showbuttontitle>0</showbuttontitle>
  <Title>英国民众制作"特朗普"气球欢迎美总统来访</Title>
  <PublishDate>1530098347</PublishDate>
  <DocFrom></DocFrom>
  <Summary></Summary>
  <Content>&lt;p&gt;原标题:英国民众制作&amp;quot;特朗普&amp;quot;气球欢迎美总统来访&lt;/p&gt;&lt;p&gt;当地时间2018年6月26日，英国伦敦，当地民众制作了美国总统特朗普的氮气人像“欢迎”特朗普即将访问该国。&lt;/p&gt;&lt;p&gt;&lt;img src="http://i1.go2yd.com/image.php?url=0JOfz7aq0M"/&gt;&lt;/p&gt;&lt;p&gt;当地时间2018年6月26日，英国伦敦，当地民众制作了美国总统特朗普的氮气人像“欢迎”特朗普即将访问该国。&lt;/p&gt;&lt;p&gt;&lt;img src="http://i1.go2yd.com/image.php?url=0JOfz7KcK7"/&gt;&lt;/p&gt;&lt;p&gt;英国首相特蕾莎梅的发言人确认了美国总统特朗普将访问英国的具体时间。该发言人称：“美国总统将在7月13日访问英国。他将在访问期间与首相进行双边会谈。”&lt;/p&gt;&lt;p&gt;&lt;img src="http://i1.go2yd.com/image.php?url=0JOfz77EgD"/&gt;&lt;/p&gt;&lt;p&gt;现场图。&lt;/p&gt;&lt;p&gt;&lt;img src="http://i1.go2yd.com/image.php?url=0JOfz7NjqC"/&gt;&lt;/p&gt;&lt;p&gt;现场图。&lt;/p&gt;&lt;p&gt;&lt;br/&gt;&lt;/p&gt;</Content>
  <Keyword>制作,欢迎,民众,英国,国民</Keyword>
  <Photo4></Photo4>
  <Photo>/images/2018/6/27/20186271530098542220_49_t1080.jpg</Photo>
  <Photo2>/images/2018/6/27/20186271530098547712_49_t1080.jpg</Photo2>
  <Photo3>/images/2018/6/27/20186271530098553309_49_t1080.jpg</Photo3>
  <videoid>0</videoid>
  <videosource></videosource>
  <videourl></videourl>
  <isAudio>0</isAudio>
  <anuor></anuor>
  <mediatype>0</mediatype>
  <td_liveid></td_liveid>
  <epgchannelid>0</epgchannelid>
  <jumptype>0</jumptype>
  <href_app></href_app>
  <frame>0</frame>
  <secondcategory>0</secondcategory>
  <juxian_liveid>0</juxian_liveid>
  <juxian_companyid>0</juxian_companyid>
  <juxian_type>0</juxian_type>
  <juxian_user></juxian_user>
  <state>0</state>
  <start>0</start>
  <end>0</end>
  <live_shareurl></live_shareurl>
  <juxian_sourceid>0</juxian_sourceid>
  <payaction>0</payaction>
  <pdf></pdf>
  <Parent>0</Parent>
  <pv_virtual>0</pv_virtual>
  <pv>145</pv>
  <SubTitle></SubTitle>
  <Weight>0</Weight>
  <Tag></Tag>
  <SetPublishDate></SetPublishDate>
  <Status2>0</Status2>
  <IsPhotoNews>0</IsPhotoNews>
  <process>0</process>
  <duration></duration>
  <baoliao_userid>0</baoliao_userid>
  <baoliao_ispublic>0</baoliao_ispublic>
  <baoliaostatus>0</baoliaostatus>
</root>
