<?xml version="1.0" encoding="utf-8"?>

<!--文章信息，创建时间：2019-2-27 16:22-->
<root>
  <ChannelID>15981</ChannelID>
  <Status>1</Status>
  <item_type>5</item_type>
  <doc_type>0</doc_type>
  <content_type></content_type>
  <showbuttontitle>0</showbuttontitle>
  <Title>广州雨后天空出现双彩虹</Title>
  <PublishDate>1530099820</PublishDate>
  <DocFrom></DocFrom>
  <Summary></Summary>
  <Content>&lt;div&gt;&lt;img class="large" src="http://t11.baidu.com/it/u=4190997307,3828814656&amp;fm=173&amp;app=25&amp;f=JPEG?w=640&amp;h=427&amp;s=3E806D85C2F15B8C640028F30300E092"/&gt;&lt;/div&gt;&lt;p&gt;2018年6月26日傍晚，刚下过一场雨的广州天空中出现双彩虹，美景令人心旷神怡。 图片来源：视觉中国&lt;/p&gt;&lt;p&gt;&lt;br/&gt;&lt;/p&gt;&lt;div&gt;&lt;img class="large" src="http://t12.baidu.com/it/u=4059719351,2113931899&amp;fm=173&amp;app=25&amp;f=JPEG?w=640&amp;h=427&amp;s=FB84D9044EE75B0D6329ABC3030070BF"/&gt;&lt;/div&gt;&lt;p&gt;悬挂在城市天际线上空的双彩虹，美不胜收。 图片来源：视觉中国&lt;/p&gt;&lt;p&gt;&lt;br/&gt;&lt;/p&gt;&lt;div&gt;&lt;img class="normal" width="503px" src="http://t10.baidu.com/it/u=1557573225,3622087750&amp;fm=173&amp;app=25&amp;f=JPEG?w=503&amp;h=750&amp;s=563484644E634B381EB2EBC3030060AF"/&gt;&lt;/div&gt;&lt;p&gt;悬挂在城市天际线上空的双彩虹，美不胜收。 图片来源：视觉中国&lt;/p&gt;&lt;p&gt;&lt;br/&gt;&lt;/p&gt;&lt;div&gt;&lt;img class="large" src="http://t10.baidu.com/it/u=2982791448,3020849007&amp;fm=173&amp;app=25&amp;f=JPEG?w=640&amp;h=426&amp;s=5E3582415A87036A52A6EC8F0300F089"/&gt;&lt;/div&gt;&lt;p&gt;蓝天、白云、彩虹、晚霞，全都齐了。&lt;/p&gt;&lt;p&gt;&lt;br/&gt;&lt;/p&gt;</Content>
  <Keyword>彩虹,广州,天空</Keyword>
  <Photo4>http://123.56.71.230:65530/images/2018/6/27/20186271530099863061_49_t1080.jpg</Photo4>
  <Photo></Photo>
  <Photo2></Photo2>
  <Photo3></Photo3>
  <videoid>0</videoid>
  <videosource></videosource>
  <videourl></videourl>
  <isAudio>0</isAudio>
  <anuor></anuor>
  <mediatype>0</mediatype>
  <td_liveid></td_liveid>
  <epgchannelid>0</epgchannelid>
  <jumptype>0</jumptype>
  <href_app></href_app>
  <frame>0</frame>
  <secondcategory>0</secondcategory>
  <juxian_liveid>0</juxian_liveid>
  <juxian_companyid>0</juxian_companyid>
  <juxian_type>0</juxian_type>
  <juxian_user></juxian_user>
  <state>0</state>
  <start>0</start>
  <end>0</end>
  <live_shareurl></live_shareurl>
  <juxian_sourceid>0</juxian_sourceid>
  <payaction>0</payaction>
  <pdf></pdf>
  <Parent>0</Parent>
  <pv_virtual>0</pv_virtual>
  <pv>23</pv>
  <SubTitle></SubTitle>
  <Weight>0</Weight>
  <Tag></Tag>
  <SetPublishDate></SetPublishDate>
  <Status2>0</Status2>
  <IsPhotoNews>0</IsPhotoNews>
  <process>0</process>
  <duration></duration>
  <baoliao_userid>0</baoliao_userid>
  <baoliao_ispublic>0</baoliao_ispublic>
  <baoliaostatus>0</baoliaostatus>
</root>
