<?xml version="1.0" encoding="utf-8"?>

<!--文章信息，创建时间：2019-2-27 16:22-->
<root>
  <ChannelID>15981</ChannelID>
  <Status>1</Status>
  <item_type>1</item_type>
  <doc_type>0</doc_type>
  <content_type>图文</content_type>
  <showbuttontitle>0</showbuttontitle>
  <Title>聚现助力第十七届中国网络媒体高峰论坛！</Title>
  <PublishDate>1530529470</PublishDate>
  <DocFrom></DocFrom>
  <Summary></Summary>
  <Content>&lt;p&gt;&lt;img src="http://tidemedia.com/images/20178291503979532726_505.png" alt=""/&gt;&lt;/p&gt;&lt;p&gt;第十七届中国网络媒体高峰论坛强势来袭，一场最具影响力的中国网络媒体界龙卷风即将刮来。本届高峰论坛由国家互联网信息办公室指导，中国经济网组织承办，8月25日在呼和浩特市召开。&lt;/p&gt;&lt;p&gt;&lt;img src="http://tidemedia.com/images/20178291503979516955_505.png" alt=""/&gt;&lt;/p&gt;&lt;p&gt;从新华网2001年承办的第一届中国网络媒体论坛至今，中国网络媒体走过了蓬勃发展的16年，中国网络媒体论坛早已成为网络媒体界层次最高、权威性最强、最具影响力的年度盛会。聚现团队为论坛直播提供了全程的技术服务与平台支持。&lt;/p&gt;&lt;p&gt;&lt;img src="http://tidemedia.com/images/20178291503979571099_505.png" alt=""/&gt;&lt;/p&gt;&lt;p&gt;聚现运用场内、场外、航拍拍摄对论坛进行了全程现场直播。全程直播+短视频动态+手机花絮直播+手机采访直播+视频快编快发+图文快采快发等多维立体内容的全程报道，使论坛的盛大场面直入围观者眼帘，场景体验空前刺激，立体感和现场感爆棚。为不在现场的围受众带来了网络媒体界风向标般的饕餮大餐！&lt;/p&gt;&lt;p&gt;&lt;img src="http://tidemedia.com/images/20178291503979612003_505.png" alt=""/&gt;&lt;/p&gt;&lt;p&gt;论坛上泰德网聚（北京）科技股份有限公司总经理李鲲先生发表演讲，围绕新媒体遇上新市场主题，以经典案列引入分析、思考，就新媒体经济时代的发展前景，如何实现移动互联网+新媒体与实体经济的深度融合，以及如何重构媒体发展模式等重要问题，分享了新认识。围绕“终端随人走、信息围人转”，云导播、大数据、云计算，移动直播、H5应用等技术服务;公有云+私有云的专属平台打造以及专业媒资系统，多种应用场景，自动化标签等的应用给出了新思路。&lt;/p&gt;&lt;p&gt;&lt;img src="http://tidemedia.com/images/20178291503979724947_505.png" alt=""/&gt;&lt;/p&gt;&lt;p&gt;自三月份上线以来短短三五个月，聚现直播活动近万场。服务于上百家媒体、新闻网站与知名企业，受到了广大用户的信赖。同时也与全国众多优质媒体、重要新闻网站结下了珍贵的友谊。随着聚现媒体云服务平台不断的创新以及强大的研发实力，相信会在未来持续带给大家更多优质的平台服务！&lt;/p&gt;&lt;p&gt;&lt;br/&gt;&lt;/p&gt;</Content>
  <Keyword>网络媒体,高峰论坛</Keyword>
  <Photo4></Photo4>
  <Photo>/images/2018/7/2/2018721530529549022_49_t1080.png</Photo>
  <Photo2>/images/2018/7/2/2018721530529557951_49_t1080.png</Photo2>
  <Photo3>/images/2018/7/2/2018721530529566105_49_t1080.png</Photo3>
  <videoid>0</videoid>
  <videosource></videosource>
  <videourl></videourl>
  <isAudio>0</isAudio>
  <anuor></anuor>
  <mediatype>0</mediatype>
  <td_liveid></td_liveid>
  <epgchannelid>0</epgchannelid>
  <jumptype>0</jumptype>
  <href_app></href_app>
  <frame>0</frame>
  <secondcategory>0</secondcategory>
  <juxian_liveid>0</juxian_liveid>
  <juxian_companyid>0</juxian_companyid>
  <juxian_type>0</juxian_type>
  <juxian_user></juxian_user>
  <state>0</state>
  <start>0</start>
  <end>0</end>
  <live_shareurl></live_shareurl>
  <juxian_sourceid>0</juxian_sourceid>
  <payaction>0</payaction>
  <pdf></pdf>
  <Parent>0</Parent>
  <pv_virtual>0</pv_virtual>
  <pv>219</pv>
  <SubTitle></SubTitle>
  <Weight>0</Weight>
  <Tag></Tag>
  <SetPublishDate></SetPublishDate>
  <Status2>0</Status2>
  <IsPhotoNews>0</IsPhotoNews>
  <process>0</process>
  <duration></duration>
  <baoliao_userid>0</baoliao_userid>
  <baoliao_ispublic>0</baoliao_ispublic>
  <baoliaostatus>0</baoliaostatus>
</root>
