<?xml version="1.0" encoding="utf-8"?>

<!--文章信息，创建时间：2019-2-27 16:22-->
<root>
  <ChannelID>15981</ChannelID>
  <Status>1</Status>
  <item_type>1</item_type>
  <doc_type>0</doc_type>
  <content_type></content_type>
  <showbuttontitle>0</showbuttontitle>
  <Title>这是捕鲸公司无视众怒捕杀濒危鲸鱼</Title>
  <PublishDate>1530804331</PublishDate>
  <DocFrom></DocFrom>
  <Summary></Summary>
  <Content>&lt;p&gt;&lt;img class="scrollLoading" width="670" height="446.884765625" src="http://04.imgmini.eastday.com/mobile/20180705/20180705101326_647b75c4ac9cd2a9883fcede4dbe449d_1.jpeg"/&gt;&lt;/p&gt;&lt;p&gt;2018年7月5日报道，日前，海洋守护者协会英国分部成员在冰岛海域拍摄到冰岛唯一的捕鲸公司Hvalur hf再度“出山”，用鱼叉和吊车捕获鲸鱼，并且，是濒临灭绝的长须鲸。&lt;/p&gt;&lt;p&gt;&lt;img class="scrollLoading" width="670" height="376.875" src="http://04.imgmini.eastday.com/mobile/20180705/20180705101326_647b75c4ac9cd2a9883fcede4dbe449d_2.jpeg"/&gt;&lt;/p&gt;&lt;p&gt;从画面中可以看到，一头长约67英尺（约合20.4米）被捕获上岸，随后捕鲸人开始处理鲸鱼。这是冰岛时隔3年后再度扬帆捕鲸，上一次是在2015年，155头长须鲸和29头小须鲸被杀。&lt;/p&gt;&lt;p&gt;&lt;img class="scrollLoading" width="670" height="446.884765625" src="http://04.imgmini.eastday.com/mobile/20180705/20180705101326_647b75c4ac9cd2a9883fcede4dbe449d_3.jpeg"/&gt;&lt;/p&gt;&lt;p&gt;今年，Hvalur hf认为经过几年的放养，冰岛周围海域的鲸鱼数量又增长了不少，捕鲸带来的影响不大。&lt;/p&gt;&lt;p&gt;&lt;img class="scrollLoading" width="670" height="446.884765625" src="http://04.imgmini.eastday.com/mobile/20180705/20180705101326_647b75c4ac9cd2a9883fcede4dbe449d_4.jpeg"/&gt;&lt;/p&gt;&lt;p&gt;因此计划2018年238头鲸，并且对于小须鲸没有设置捕杀限制，而这个数字也是冰岛政府的决定。&lt;/p&gt;&lt;p&gt;&lt;img class="scrollLoading" width="426" height="640" src="http://01.imgmini.eastday.com/mobile/20180702/20180702114559_1c776e816651541b260201278f2ed086_1.jpeg"/&gt;&lt;/p&gt;&lt;p&gt;蓝鲸是世界上最大的动物，最大体长33米，体重200吨，这样的庞然大物，一口能吞进上百立方米的海水。&lt;/p&gt;&lt;p&gt;&lt;img class="scrollLoading" width="640" height="338" src="http://01.imgmini.eastday.com/mobile/20180702/20180702114559_1c776e816651541b260201278f2ed086_2.jpeg"/&gt;&lt;/p&gt;&lt;p&gt;所以，假如一个人在蓝鲸身边游泳，只要它张开大嘴，人类就有可能被涌动的海水带进鲸鱼嘴里。&lt;/p&gt;&lt;p&gt;&lt;img class="scrollLoading" width="640" height="507" src="http://01.imgmini.eastday.com/mobile/20180702/20180702114559_1c776e816651541b260201278f2ed086_3.jpeg"/&gt;&lt;/p&gt;&lt;p&gt;随后，人类如同一条无助的小鱼和其他猎物在鲸鱼嘴里翻腾。但是不要慌，1分钟之后转机就会来了。&lt;/p&gt;&lt;p&gt;蓝鲸为了吃到嘴里的猎物，需要把海水过滤出去。它舌头一顶上牙床，下颌一用力，海水就从鲸须的位置流了出去，而那些小鱼小虾会被密密排列的鲸须挡住，同时被挡住的还有人。&lt;/p&gt;&lt;p&gt;然后鲸鱼会试图将嘴里的小动物吞到肚里，别看蓝鲸的体型巨大，其实它的喉咙并不大，只有沙滩排球大小。所以，不用担心被吞到肚子里。&lt;/p&gt;&lt;p&gt;此时记住，伸出手来刺激鲸鱼的喉咙，鲸鱼受到刺激后，会出现应激反应大力的咳嗽，然后人就被喷了出来。&lt;/p&gt;&lt;p&gt;&lt;img class="scrollLoading" width="564" height="376" src="http://01.imgmini.eastday.com/mobile/20180702/20180702114559_1c776e816651541b260201278f2ed086_4.jpeg"/&gt;&lt;/p&gt;&lt;p&gt;其他鲸鱼就不好说了，不小心被吞下去，可能只会一种结果，那就是成为鲸鱼的便便。&lt;/p&gt;&lt;p&gt;&lt;img class="scrollLoading" width="640" height="358" src="http://01.imgmini.eastday.com/mobile/20180702/20180702114559_1c776e816651541b260201278f2ed086_5.jpeg"/&gt;&lt;/p&gt;&lt;p&gt;要知道，鲸分为须鲸和齿鲸都是最大的物种，且不说齿鲸有锋利的牙齿，能够搅碎任何入口的食物。就说说须鲸吧！&lt;/p&gt;&lt;p&gt;&lt;img class="scrollLoading" width="439" height="275" src="http://01.imgmini.eastday.com/mobile/20180702/20180702114559_1c776e816651541b260201278f2ed086_6.jpeg"/&gt;&lt;/p&gt;&lt;p&gt;须鲸特点，嘴大，食道宽，经常靠吞噬海洋中的鱼群为生，如果被其误吞，那么也不会有活的希望。&lt;/p&gt;&lt;p&gt;&lt;img class="scrollLoading" width="640" height="433" src="http://01.imgmini.eastday.com/mobile/20180702/20180702114559_1c776e816651541b260201278f2ed086_7.jpeg"/&gt;&lt;/p&gt;&lt;p&gt;原因在于，其吞噬过程中，口腔内部瞬间产生的压力，就足够把人压成肉饼了，何来怎么逃生一说呢？&lt;/p&gt;&lt;p&gt;&lt;br/&gt;&lt;/p&gt;</Content>
  <Keyword>鲸鱼,捕鲸,捕杀</Keyword>
  <Photo4></Photo4>
  <Photo>/images/2018/7/5/2018751530804749547_49_t1080.png</Photo>
  <Photo2>/images/2018/7/5/2018751530804757659_49_t1080.png</Photo2>
  <Photo3>/images/2018/7/5/2018751530804765344_49_t1080.png</Photo3>
  <videoid>0</videoid>
  <videosource></videosource>
  <videourl></videourl>
  <isAudio>0</isAudio>
  <anuor></anuor>
  <mediatype>0</mediatype>
  <td_liveid></td_liveid>
  <epgchannelid>0</epgchannelid>
  <jumptype>0</jumptype>
  <href_app></href_app>
  <frame>0</frame>
  <secondcategory>0</secondcategory>
  <juxian_liveid>0</juxian_liveid>
  <juxian_companyid>0</juxian_companyid>
  <juxian_type>0</juxian_type>
  <juxian_user></juxian_user>
  <state>0</state>
  <start>0</start>
  <end>0</end>
  <live_shareurl></live_shareurl>
  <juxian_sourceid>0</juxian_sourceid>
  <payaction>0</payaction>
  <pdf></pdf>
  <Parent>0</Parent>
  <pv_virtual>0</pv_virtual>
  <pv>20</pv>
  <SubTitle></SubTitle>
  <Weight>0</Weight>
  <Tag></Tag>
  <SetPublishDate></SetPublishDate>
  <Status2>0</Status2>
  <IsPhotoNews>0</IsPhotoNews>
  <process>0</process>
  <duration></duration>
  <baoliao_userid>0</baoliao_userid>
  <baoliao_ispublic>0</baoliao_ispublic>
  <baoliaostatus>0</baoliaostatus>
</root>
