<?xml version="1.0" encoding="utf-8"?>

<!--文章信息，创建时间：2019-12-11 18:4-->
<root>
  <ChannelID>15899</ChannelID>
  <Status>1</Status>
  <TotalPage>1</TotalPage>
  <item_type>0</item_type>
  <doc_type>0</doc_type>
  <content_type></content_type>
  <showbuttontitle>0</showbuttontitle>
  <Title>国务院食品安全委员会组成人员调整 韩正任主任</Title>
  <PublishDate>2017-06-09 12:34:00</PublishDate>
  <DocFrom></DocFrom>
  <Summary></Summary>
  <Content>&lt;p style="text-align: center;"&gt;&lt;img src="http://123.56.71.230:8004/images/2018/6/27/20186271530076308479_49.jpg"/&gt;&lt;/p&gt;&lt;p&gt;国务院办公厅关于调整国务院食品安全委员会组成人员的通知&lt;/p&gt;&lt;p&gt;国办发〔2018〕50号&lt;/p&gt;&lt;p&gt;各省、自治区、直辖市人民政府，国务院各部委、各直属机构：&lt;/p&gt;&lt;p&gt;根据工作需要和人员变动情况，国务院对国务院食品安全委员会组成人员作了调整。现将调整后的组成人员名单通知如下：&lt;/p&gt;&lt;p&gt;主任：韩正国务院副总理&lt;/p&gt;&lt;p&gt;副主任：胡春华国务院副总理&lt;/p&gt;&lt;p&gt;王勇国务委员&lt;/p&gt;&lt;p&gt;委员：孟扬国务院副秘书长&lt;/p&gt;&lt;p&gt;蒋建国中央宣传部副部长、国务院新闻办主任&lt;/p&gt;&lt;p&gt;雷东生中央政法委副秘书长&lt;/p&gt;&lt;p&gt;高翔中央网信办副主任&lt;/p&gt;&lt;p&gt;林念修发展改革委副主任&lt;/p&gt;&lt;p&gt;田学军教育部副部长&lt;/p&gt;&lt;p&gt;徐南平科技部副部长&lt;/p&gt;&lt;p&gt;王江平工业和信息化部副部长&lt;/p&gt;&lt;p&gt;侍俊公安部副部长&lt;/p&gt;&lt;p&gt;高晓兵民政部副部长&lt;/p&gt;&lt;p&gt;赵大程司法部副部长&lt;/p&gt;&lt;p&gt;程丽华财政部副部长&lt;/p&gt;&lt;p&gt;赵英民生态环境部副部长&lt;/p&gt;&lt;p&gt;韩长赋农业农村部部长&lt;/p&gt;&lt;p&gt;王炳南商务部副部长&lt;/p&gt;&lt;p&gt;李世宏文化和旅游部党组成员&lt;/p&gt;&lt;p&gt;曾益新卫生健康委副主任&lt;/p&gt;&lt;p&gt;张际文海关总署副署长&lt;/p&gt;&lt;p&gt;张茅市场监管总局局长&lt;/p&gt;&lt;p&gt;毕井泉市场监管总局党组书记、副局长&lt;/p&gt;&lt;p&gt;张务锋粮食和储备局局长&lt;/p&gt;&lt;p&gt;彭有冬林草局副局长&lt;/p&gt;&lt;p&gt;李健民航局副局长&lt;/p&gt;&lt;p&gt;刘振芳中国铁路总公司副总经理&lt;/p&gt;&lt;p&gt;国务院食品安全委员会办公室设在市场监管总局，承担国务院食品安全委员会日常工作，办公室主任由市场监管总局党组书记、副局长毕井泉兼任，办公室副主任由市场监管总局副局长孙梅君兼任。&lt;/p&gt;&lt;p&gt;国务院办公厅&lt;/p&gt;&lt;p&gt;2018年6月20日&lt;/p&gt;&lt;p&gt;&lt;br/&gt;&lt;/p&gt;</Content>
  <Keyword>国务院,全委,委员会,食品安全,人员</Keyword>
  <Photo4></Photo4>
  <Photo>/a/a/c/images/2018/6/27/20186271530077779065_13_t1080.jpg</Photo>
  <Photo2></Photo2>
  <Photo3></Photo3>
  <videoid>0</videoid>
  <videosource></videosource>
  <videourl></videourl>
  <isAudio>0</isAudio>
  <anuor></anuor>
  <mediatype>0</mediatype>
  <td_liveid></td_liveid>
  <epgchannelid>0</epgchannelid>
  <jumptype>0</jumptype>
  <href_app></href_app>
  <frame>0</frame>
  <secondcategory>0</secondcategory>
  <juxian_liveid>0</juxian_liveid>
  <juxian_companyid>0</juxian_companyid>
  <juxian_type>0</juxian_type>
  <juxian_user></juxian_user>
  <state>0</state>
  <start>0</start>
  <end>0</end>
  <live_shareurl></live_shareurl>
  <juxian_sourceid>0</juxian_sourceid>
  <payaction>0</payaction>
  <pdf></pdf>
  <Parent>0</Parent>
  <pv_virtual>65</pv_virtual>
  <pv>79</pv>
  <SubTitle></SubTitle>
  <Weight>0</Weight>
  <Tag></Tag>
  <SetPublishDate></SetPublishDate>
  <Status2>0</Status2>
  <IsPhotoNews>0</IsPhotoNews>
  <process>0</process>
  <duration></duration>
  <baoliao_userid>0</baoliao_userid>
  <baoliao_ispublic>1</baoliao_ispublic>
  <baoliaostatus>0</baoliaostatus>
  <interior_type>0</interior_type>
  <interior_id></interior_id>
  <allowcomment>1</allowcomment>
  <showread>1</showread>
  <phone></phone>
  <zan_virtual_num></zan_virtual_num>
  <allowadvert>1</allowadvert>
  <baoliao_localtion></baoliao_localtion>
  <jd></jd>
  <wd></wd>
  <showbaoliaouser>0</showbaoliaouser>
  <baoliao_photo2></baoliao_photo2>
  <baoliao_photo3></baoliao_photo3>
  <baoliao_photo4></baoliao_photo4>
  <baoliao_photo5></baoliao_photo5>
  <baoliao_photo6></baoliao_photo6>
  <baoliao_photo7></baoliao_photo7>
  <baoliao_photo8></baoliao_photo8>
  <baoliao_photo9></baoliao_photo9>
  <baoliao>0</baoliao>
  <wenzheng>0</wenzheng>
</root>
