<?xml version="1.0" encoding="utf-8"?>

<!--文章信息，创建时间：2019-12-11 18:4-->
<root>
  <ChannelID>15899</ChannelID>
  <Status>1</Status>
  <TotalPage>1</TotalPage>
  <item_type>0</item_type>
  <doc_type>0</doc_type>
  <content_type></content_type>
  <showbuttontitle>0</showbuttontitle>
  <Title>美国国防部长4年来首次访华</Title>
  <PublishDate>2017-06-10 01:37:00</PublishDate>
  <DocFrom></DocFrom>
  <Summary></Summary>
  <Content>&lt;p style="text-align: center;"&gt;&lt;br/&gt;&lt;/p&gt;&lt;p&gt;参考消息网6月27日报道 外媒称，美国国防部长詹姆斯·马蒂斯6月26日开始对中国进行为期3天的访问，成为2014年以来访问中国的首位五角大楼负责人。此访目的是提升与北京的安全对话，尽管中美关系日益令人担忧。&lt;/p&gt;&lt;p&gt;据路透社6月26日报道，此访正值北京与华盛顿的紧张关系不断加剧之际。&lt;/p&gt;&lt;p&gt;报道称，马蒂斯在机场走出飞机时收到一束鲜花。在访华前与媒体记者交谈时，他保持谨慎，避免加剧两国紧张关系。马蒂斯说，在与北京的军方官员会面时，他将寻求战略层面的“开放对话”。&lt;/p&gt;&lt;p&gt;报道还称，马蒂斯6月26日将与美国驻华使馆官员会面。&lt;/p&gt;&lt;p&gt;另据法新社6月26日报道，美国国防部长詹姆斯·马蒂斯6月26日抵达北京，这是他首次访问中国，目的是在两国安全领域紧张关系加剧之际，找到展开军事合作的空间。&lt;/p&gt;&lt;p&gt;报道还称，马蒂斯将与中国国务委员兼国防部长魏凤和及其他高级官员会面，以“摸清”他们的观点。&lt;/p&gt;&lt;p&gt;他说：“我认为解决两国之间问题的途径首先是建立透明的战略对话，即中国人如何看待与我们关系的发展，我们又是如何看待它的发展的。”&lt;/p&gt;&lt;p&gt;报道称，在马蒂斯访华前，中国国防部新闻发言人任国强说，希望美方与中方相向而行，共同努力使两军关系成为两国关系的重要稳定因素。&lt;/p&gt;&lt;p&gt;此外据俄罗斯卫星通讯社6月26日报道，中国外交部发言人陆慷6月26日在例行记者会上表示，美国国防部长马蒂斯此次访华是双方早已经商定的，两军交流是两国交往与合作的重要组成部分。&lt;/p&gt;&lt;p&gt;陆慷强调，关键是双方本着相互尊重、相互理解、扩大合作、管控分歧的精神妥善处理好两国关系。只要双方都有这样的意愿，相向而行，就没有克服不了的困难。&lt;/p&gt;&lt;p&gt;&lt;br/&gt;&lt;/p&gt;</Content>
  <Keyword>国防部长,美国,访华,首次,年来</Keyword>
  <Photo4></Photo4>
  <Photo>/a/a/c/images/2018/6/27/20186271530077632875_49_t1080.jpg</Photo>
  <Photo2></Photo2>
  <Photo3></Photo3>
  <videoid>0</videoid>
  <videosource></videosource>
  <videourl></videourl>
  <isAudio>0</isAudio>
  <anuor></anuor>
  <mediatype>0</mediatype>
  <td_liveid></td_liveid>
  <epgchannelid>0</epgchannelid>
  <jumptype>0</jumptype>
  <href_app></href_app>
  <frame>0</frame>
  <secondcategory>0</secondcategory>
  <juxian_liveid>0</juxian_liveid>
  <juxian_companyid>0</juxian_companyid>
  <juxian_type>0</juxian_type>
  <juxian_user></juxian_user>
  <state>0</state>
  <start>0</start>
  <end>0</end>
  <live_shareurl></live_shareurl>
  <juxian_sourceid>0</juxian_sourceid>
  <payaction>0</payaction>
  <pdf></pdf>
  <Parent>0</Parent>
  <pv_virtual>0</pv_virtual>
  <pv>20</pv>
  <SubTitle></SubTitle>
  <Weight>0</Weight>
  <Tag></Tag>
  <SetPublishDate></SetPublishDate>
  <Status2>0</Status2>
  <IsPhotoNews>0</IsPhotoNews>
  <process>0</process>
  <duration></duration>
  <baoliao_userid>0</baoliao_userid>
  <baoliao_ispublic>1</baoliao_ispublic>
  <baoliaostatus>0</baoliaostatus>
  <interior_type>0</interior_type>
  <interior_id></interior_id>
  <allowcomment>1</allowcomment>
  <showread>1</showread>
  <phone></phone>
  <zan_virtual_num></zan_virtual_num>
  <allowadvert>1</allowadvert>
  <baoliao_localtion></baoliao_localtion>
  <jd></jd>
  <wd></wd>
  <showbaoliaouser>0</showbaoliaouser>
  <baoliao_photo2></baoliao_photo2>
  <baoliao_photo3></baoliao_photo3>
  <baoliao_photo4></baoliao_photo4>
  <baoliao_photo5></baoliao_photo5>
  <baoliao_photo6></baoliao_photo6>
  <baoliao_photo7></baoliao_photo7>
  <baoliao_photo8></baoliao_photo8>
  <baoliao_photo9></baoliao_photo9>
  <baoliao>0</baoliao>
  <wenzheng>0</wenzheng>
</root>
