<?xml version="1.0" encoding="utf-8"?>

<!--文章信息，创建时间：2019-12-11 18:4-->
<root>
  <ChannelID>15899</ChannelID>
  <Status>1</Status>
  <TotalPage>1</TotalPage>
  <item_type>0</item_type>
  <doc_type>0</doc_type>
  <content_type></content_type>
  <showbuttontitle>0</showbuttontitle>
  <Title>蔡英文称愿与大陆领导人会面 国台办回应</Title>
  <PublishDate>2017-06-10 07:24:00</PublishDate>
  <DocFrom></DocFrom>
  <Summary></Summary>
  <Content>&lt;p&gt;国务院台湾事务办公室定于6月27日上午10:00在国台办新闻发布厅举行例行新闻发布会。&amp;nbsp;&lt;/p&gt;&lt;p&gt;台湾联合报记者:追问一下蔡英文接受法新社专访的问题，蔡英文认为中国是扩张主义霸权，呼吁国际社会挺身制约，但是她仍表示说愿意与大陆领导人会面。请问国台办的回应。&lt;/p&gt;&lt;p&gt;第二个问题，海基会秘书长最近由姚人多接任，姚人多是蔡英文的核心幕僚。陆委会说这项人事安排可以强化对外沟通协调及桥梁角色。请问发言人同不同意这种说法？谢谢。&lt;/p&gt;&lt;p&gt;马晓光:第一个问题，我已经表明了我们的态度立场，大家不认为她在发出这样的提议有多少真实的成份在里面。我想，两岸民众和舆论都持怀疑态度。&lt;/p&gt;&lt;p&gt;马晓光:第二个问题，对于台湾的内部人士变动，我们不做评论。既然说到这个人“最会沟通”，他应该知道两岸两会沟通的通关密码是什么。&lt;/p&gt;&lt;p&gt;&lt;br/&gt;&lt;/p&gt;</Content>
  <Keyword>国台办,会面,回应,大陆,蔡英文</Keyword>
  <Photo4></Photo4>
  <Photo>/images/2018/7/2/2018721530516886199_49_t1080.png</Photo>
  <Photo2></Photo2>
  <Photo3></Photo3>
  <videoid>0</videoid>
  <videosource></videosource>
  <videourl></videourl>
  <isAudio>0</isAudio>
  <anuor></anuor>
  <mediatype>0</mediatype>
  <td_liveid></td_liveid>
  <epgchannelid>0</epgchannelid>
  <jumptype>0</jumptype>
  <href_app></href_app>
  <frame>0</frame>
  <secondcategory>0</secondcategory>
  <juxian_liveid>0</juxian_liveid>
  <juxian_companyid>0</juxian_companyid>
  <juxian_type>0</juxian_type>
  <juxian_user></juxian_user>
  <state>0</state>
  <start>0</start>
  <end>0</end>
  <live_shareurl></live_shareurl>
  <juxian_sourceid>0</juxian_sourceid>
  <payaction>0</payaction>
  <pdf></pdf>
  <Parent>0</Parent>
  <pv_virtual>0</pv_virtual>
  <pv>12</pv>
  <SubTitle></SubTitle>
  <Weight>0</Weight>
  <Tag></Tag>
  <SetPublishDate></SetPublishDate>
  <Status2>0</Status2>
  <IsPhotoNews>0</IsPhotoNews>
  <process>0</process>
  <duration></duration>
  <baoliao_userid>0</baoliao_userid>
  <baoliao_ispublic>1</baoliao_ispublic>
  <baoliaostatus>0</baoliaostatus>
  <interior_type>0</interior_type>
  <interior_id></interior_id>
  <allowcomment>1</allowcomment>
  <showread>1</showread>
  <phone></phone>
  <zan_virtual_num></zan_virtual_num>
  <allowadvert>1</allowadvert>
  <baoliao_localtion></baoliao_localtion>
  <jd></jd>
  <wd></wd>
  <showbaoliaouser>0</showbaoliaouser>
  <baoliao_photo2></baoliao_photo2>
  <baoliao_photo3></baoliao_photo3>
  <baoliao_photo4></baoliao_photo4>
  <baoliao_photo5></baoliao_photo5>
  <baoliao_photo6></baoliao_photo6>
  <baoliao_photo7></baoliao_photo7>
  <baoliao_photo8></baoliao_photo8>
  <baoliao_photo9></baoliao_photo9>
  <baoliao>0</baoliao>
  <wenzheng>0</wenzheng>
</root>
