<?xml version="1.0" encoding="utf-8"?>

<!--文章信息，创建时间：2019-12-11 18:4-->
<root>
  <ChannelID>15899</ChannelID>
  <Status>1</Status>
  <TotalPage>1</TotalPage>
  <item_type>0</item_type>
  <doc_type>0</doc_type>
  <content_type>突发事件</content_type>
  <showbuttontitle>0</showbuttontitle>
  <Title>江西浮梁县发生3.6级地震 安徽黄山等地有震感</Title>
  <PublishDate>2017-07-23 21:11:00</PublishDate>
  <DocFrom></DocFrom>
  <Summary></Summary>
  <Content>&lt;p&gt;　　中新网黄山7月2日电(记者 张强)据中国地震台网正式测定：07月02日09时55分在江西景德镇市浮梁县(北纬29.60度、东经117.62度)发生3.6级地震，震源深度5公里。&lt;/p&gt;&lt;p&gt;　　因安徽省黄山市与震源毗邻，记者了解到，黄山市祁门县民众有明显震感。祁门县委外宣办主任陈昌奉告诉记者，地震发生时，他正准备上楼，有明显震感。&lt;/p&gt;&lt;p&gt;　　对此，黄山市地震局立即启动地震应急响应，并派分管局长率队赶赴与浮梁县毗邻的祁门县了解情况，安排专人电话值守，要求各区县尤其是祁门县地震部门密切关注地震观测点情况，积极回应社会与市民关切。&lt;/p&gt;&lt;p&gt;　　根据安徽省地震局有关专家预测，此次地震后未发生余震。目前社会情势稳定，未接到人员伤亡和财产损失的报告。相关后续信息市地震局持续关注并及时公告。&lt;/p&gt;&lt;p&gt;&lt;br/&gt;&lt;/p&gt;</Content>
  <Keyword>地震,发生,浮梁县,震感</Keyword>
  <Photo4></Photo4>
  <Photo>/images/2018/7/2/2018721530517051545_49_t1080.png</Photo>
  <Photo2></Photo2>
  <Photo3></Photo3>
  <videoid>0</videoid>
  <videosource></videosource>
  <videourl></videourl>
  <isAudio>0</isAudio>
  <anuor></anuor>
  <mediatype>0</mediatype>
  <td_liveid></td_liveid>
  <epgchannelid>0</epgchannelid>
  <jumptype>0</jumptype>
  <href_app></href_app>
  <frame>0</frame>
  <secondcategory>0</secondcategory>
  <juxian_liveid>0</juxian_liveid>
  <juxian_companyid>0</juxian_companyid>
  <juxian_type>0</juxian_type>
  <juxian_user></juxian_user>
  <state>0</state>
  <start>0</start>
  <end>0</end>
  <live_shareurl></live_shareurl>
  <juxian_sourceid>0</juxian_sourceid>
  <payaction>0</payaction>
  <pdf></pdf>
  <Parent>0</Parent>
  <pv_virtual>0</pv_virtual>
  <pv>16</pv>
  <SubTitle></SubTitle>
  <Weight>0</Weight>
  <Tag></Tag>
  <SetPublishDate></SetPublishDate>
  <Status2>0</Status2>
  <IsPhotoNews>0</IsPhotoNews>
  <process>0</process>
  <duration></duration>
  <baoliao_userid>0</baoliao_userid>
  <baoliao_ispublic>1</baoliao_ispublic>
  <baoliaostatus>0</baoliaostatus>
  <interior_type>0</interior_type>
  <interior_id></interior_id>
  <allowcomment>1</allowcomment>
  <showread>1</showread>
  <phone></phone>
  <zan_virtual_num></zan_virtual_num>
  <allowadvert>1</allowadvert>
  <baoliao_localtion></baoliao_localtion>
  <jd></jd>
  <wd></wd>
  <showbaoliaouser>0</showbaoliaouser>
  <baoliao_photo2></baoliao_photo2>
  <baoliao_photo3></baoliao_photo3>
  <baoliao_photo4></baoliao_photo4>
  <baoliao_photo5></baoliao_photo5>
  <baoliao_photo6></baoliao_photo6>
  <baoliao_photo7></baoliao_photo7>
  <baoliao_photo8></baoliao_photo8>
  <baoliao_photo9></baoliao_photo9>
  <baoliao>0</baoliao>
  <wenzheng>0</wenzheng>
</root>
