<?xml version="1.0" encoding="utf-8"?>

<!--文章信息，创建时间：2019-12-11 18:4-->
<root>
  <ChannelID>15899</ChannelID>
  <Status>1</Status>
  <TotalPage>1</TotalPage>
  <item_type>2</item_type>
  <doc_type>0</doc_type>
  <content_type></content_type>
  <showbuttontitle>0</showbuttontitle>
  <Title>全国铁路大调图！十大亮点 个个与你有关</Title>
  <PublishDate>2017-07-23 23:58:00</PublishDate>
  <DocFrom></DocFrom>
  <Summary></Summary>
  <Content>&lt;p&gt;7月1日零时起，全国铁路开始实施新的列车运行图暨暑期图，铁路暑运也拉开大幕。&lt;/p&gt;&lt;p&gt;本次调图内容十分丰富，涉及各个方面，中国铁总官方就总结了十大亮点，每一点都与大家的出行息息相关。&lt;/p&gt;&lt;p&gt;1、两条新线开通运营&lt;/p&gt;&lt;p&gt;昆楚大铁路(昆明至楚雄至大理)、江湛铁路(江门至湛江)两条新线7月1日正式开通运营。&lt;/p&gt;&lt;p&gt;从昆明可在2小时内到达大理，以大理为中心的滇西地区融入全国高铁网。&lt;/p&gt;&lt;p&gt;广州至茂名、湛江最快只需2.5小时、3小时，结束了湛江、茂名、阳江粤西三市不通高铁的历史。&lt;/p&gt;&lt;p&gt;2、增加复兴号开行范围&lt;/p&gt;&lt;p&gt;复兴号动车组单日开行数量由114.5对增至170.5对，通达23个直辖市、省会城市、自治区首府。&lt;/p&gt;&lt;p&gt;京珠高铁首次开行16辆长编组动车组3列，后续京广高铁、沪昆高铁等会再开行16辆长编组复兴号。&lt;/p&gt;&lt;p&gt;3、动态优化运力安排&lt;/p&gt;&lt;p&gt;实行动车组列车市场化开行方案，安排日常图、周末图、高峰图，其中周末图多开行193对，高峰图再多开行364对，同时增开跨铁路局中长途旅客列车37对。&lt;/p&gt;&lt;p&gt;4、增加动车组投放&lt;/p&gt;&lt;p&gt;全国铁路增加投放120组动车组，包括徐州至兰州、西安至成都、南京至广州、贵阳至广州、重庆至贵阳、成都至重庆、合肥至福州、南宁至成都等方向。&lt;/p&gt;&lt;p&gt;沈阳至成都方向增开高铁，太原至长沙和杭州方向新开动车组，西安至成都、重庆、天水、嘉峪关等热门旅游城市方向增开高峰线动车。&lt;/p&gt;&lt;p&gt;5、持续提高运输效率&lt;/p&gt;&lt;p&gt;南京至武汉、柳州至南宁高铁运行时速提高到250公里。&lt;/p&gt;&lt;p&gt;武汉和上海之间安排8趟“大站快车”，全程不超过4小时，最快3小时51分。&lt;/p&gt;&lt;p&gt;6、开行特色旅游列车&lt;/p&gt;&lt;p&gt;哈尔滨至黑河、伊春、抚远、海拉尔等开行旅游观光专列。呼和浩特至锡林浩特、克什克腾、二连浩特、鄂尔多斯开通四条精品线路。西宁至日喀则增开唐竺古道品牌专列。环西部火车游专列常态化开行。&lt;/p&gt;&lt;p&gt;7、增加互联网订餐站点&lt;/p&gt;&lt;p&gt;新增沈阳站、天津站、济南站、青岛站、青岛北站、南京站、温州南站、深圳北站、重庆西站、昆明南站、乌鲁木齐站等11个站点，全国铁路互联网订餐和特产预订站点达到38个。&lt;/p&gt;&lt;p&gt;8、移动支付更加便捷&lt;/p&gt;&lt;p&gt;到站补票也可以扫码支付了，微信、支付宝都可以。&lt;/p&gt;&lt;p&gt;9、优化货物班列开行&lt;/p&gt;&lt;p&gt;按需增加中欧、沿江等班列。&lt;/p&gt;&lt;p&gt;10、增开煤炭万吨列车&lt;/p&gt;&lt;p&gt;在唐山至呼和浩特铁路每日开行煤炭万吨列车25趟，运输能力提升一倍。&lt;/p&gt;&lt;p&gt;&lt;img src="https://t1.huanqiu.cn/72573ecd5888118693cae71082d001f5.jpg"/&gt;&lt;/p&gt;&lt;p&gt;&lt;br/&gt;&lt;/p&gt;</Content>
  <Keyword>全国铁路,亮点</Keyword>
  <Photo4>/images/2018/7/2/2018721530517634277_49_t1080.png</Photo4>
  <Photo></Photo>
  <Photo2></Photo2>
  <Photo3></Photo3>
  <videoid>0</videoid>
  <videosource></videosource>
  <videourl></videourl>
  <isAudio>0</isAudio>
  <anuor></anuor>
  <mediatype>0</mediatype>
  <td_liveid></td_liveid>
  <epgchannelid>0</epgchannelid>
  <jumptype>0</jumptype>
  <href_app></href_app>
  <frame>0</frame>
  <secondcategory>0</secondcategory>
  <juxian_liveid>0</juxian_liveid>
  <juxian_companyid>0</juxian_companyid>
  <juxian_type>0</juxian_type>
  <juxian_user></juxian_user>
  <state>0</state>
  <start>0</start>
  <end>0</end>
  <live_shareurl></live_shareurl>
  <juxian_sourceid>0</juxian_sourceid>
  <payaction>0</payaction>
  <pdf></pdf>
  <Parent>0</Parent>
  <pv_virtual>0</pv_virtual>
  <pv>26</pv>
  <SubTitle></SubTitle>
  <Weight>0</Weight>
  <Tag></Tag>
  <SetPublishDate></SetPublishDate>
  <Status2>0</Status2>
  <IsPhotoNews>0</IsPhotoNews>
  <process>0</process>
  <duration></duration>
  <baoliao_userid>0</baoliao_userid>
  <baoliao_ispublic>1</baoliao_ispublic>
  <baoliaostatus>0</baoliaostatus>
  <interior_type>0</interior_type>
  <interior_id></interior_id>
  <allowcomment>1</allowcomment>
  <showread>1</showread>
  <phone></phone>
  <zan_virtual_num></zan_virtual_num>
  <allowadvert>1</allowadvert>
  <baoliao_localtion></baoliao_localtion>
  <jd></jd>
  <wd></wd>
  <showbaoliaouser>0</showbaoliaouser>
  <baoliao_photo2></baoliao_photo2>
  <baoliao_photo3></baoliao_photo3>
  <baoliao_photo4></baoliao_photo4>
  <baoliao_photo5></baoliao_photo5>
  <baoliao_photo6></baoliao_photo6>
  <baoliao_photo7></baoliao_photo7>
  <baoliao_photo8></baoliao_photo8>
  <baoliao_photo9></baoliao_photo9>
  <baoliao>0</baoliao>
  <wenzheng>0</wenzheng>
</root>
