<?xml version="1.0" encoding="utf-8"?>

<!--文章信息，创建时间：2019-12-11 18:4-->
<root>
  <ChannelID>15899</ChannelID>
  <Status>1</Status>
  <TotalPage>1</TotalPage>
  <item_type>0</item_type>
  <doc_type>0</doc_type>
  <content_type></content_type>
  <showbuttontitle>0</showbuttontitle>
  <Title>白宫被曝已起草关税法案 允许无视WTO基本规则</Title>
  <PublishDate>2017-07-24 03:12:00</PublishDate>
  <DocFrom></DocFrom>
  <Summary></Summary>
  <Content>&lt;p&gt;&lt;img src="https://t1.huanqiu.cn/ac03b99ff65b3405175d339893d97b68.jpg"/&gt;&lt;/p&gt;&lt;p&gt;海外网7月2日电 多家美媒周日（1日）爆料，特朗普政府已起草一份草案，该法案允许白宫无视世贸组织（WTO）的基本规则，为不同国家设定不同水平的关税。&lt;/p&gt;&lt;p&gt;综合美国有线电视新闻网（CNN）、美国全国广播公司财经频道（CNBC）等美媒消息，特朗普政府起草了一份草案，允许白宫在未经国会批准的情况下，单方面对他国提高关税。&lt;/p&gt;&lt;p&gt;报道称，该法案被称为“美国公平和互惠关税法案”，若该法案得以实施，那就意味着世界上最大的经济体（指美国）将会放弃WTO的基本规则，而这些基本规则包括禁止各国为自由贸易协定之外的国家设定不同的关税税率，以及禁止设定世贸组织成员国已经同意的既定关税上限。&lt;/p&gt;&lt;p&gt;报道称，国会预计不会通过该法案。&lt;/p&gt;&lt;p&gt;&lt;br/&gt;&lt;/p&gt;</Content>
  <Keyword>关税,法案,基本,规则,wto</Keyword>
  <Photo4></Photo4>
  <Photo>/images/2018/7/2/2018721530517545197_49_t1080.png</Photo>
  <Photo2></Photo2>
  <Photo3></Photo3>
  <videoid>0</videoid>
  <videosource></videosource>
  <videourl></videourl>
  <isAudio>0</isAudio>
  <anuor></anuor>
  <mediatype>0</mediatype>
  <td_liveid></td_liveid>
  <epgchannelid>0</epgchannelid>
  <jumptype>0</jumptype>
  <href_app></href_app>
  <frame>0</frame>
  <secondcategory>0</secondcategory>
  <juxian_liveid>0</juxian_liveid>
  <juxian_companyid>0</juxian_companyid>
  <juxian_type>0</juxian_type>
  <juxian_user></juxian_user>
  <state>0</state>
  <start>0</start>
  <end>0</end>
  <live_shareurl></live_shareurl>
  <juxian_sourceid>0</juxian_sourceid>
  <payaction>0</payaction>
  <pdf></pdf>
  <Parent>0</Parent>
  <pv_virtual>0</pv_virtual>
  <pv>7</pv>
  <SubTitle></SubTitle>
  <Weight>0</Weight>
  <Tag></Tag>
  <SetPublishDate></SetPublishDate>
  <Status2>0</Status2>
  <IsPhotoNews>0</IsPhotoNews>
  <process>0</process>
  <duration></duration>
  <baoliao_userid>0</baoliao_userid>
  <baoliao_ispublic>1</baoliao_ispublic>
  <baoliaostatus>0</baoliaostatus>
  <interior_type>0</interior_type>
  <interior_id></interior_id>
  <allowcomment>1</allowcomment>
  <showread>1</showread>
  <phone></phone>
  <zan_virtual_num></zan_virtual_num>
  <allowadvert>1</allowadvert>
  <baoliao_localtion></baoliao_localtion>
  <jd></jd>
  <wd></wd>
  <showbaoliaouser>0</showbaoliaouser>
  <baoliao_photo2></baoliao_photo2>
  <baoliao_photo3></baoliao_photo3>
  <baoliao_photo4></baoliao_photo4>
  <baoliao_photo5></baoliao_photo5>
  <baoliao_photo6></baoliao_photo6>
  <baoliao_photo7></baoliao_photo7>
  <baoliao_photo8></baoliao_photo8>
  <baoliao_photo9></baoliao_photo9>
  <baoliao>0</baoliao>
  <wenzheng>0</wenzheng>
</root>
