<?xml version="1.0" encoding="utf-8"?>

<!--文章信息，创建时间：2019-12-11 18:5-->
<root>
  <ChannelID>14269</ChannelID>
  <Status>1</Status>
  <TotalPage>1</TotalPage>
  <Title>lxy_481581-赞</Title>
  <PublishDate>2018-06-26 10:19:00</PublishDate>
  <SubTitle></SubTitle>
  <Weight></Weight>
  <DocFrom></DocFrom>
  <IsPhotoNews></IsPhotoNews>
  <Summary></Summary>
  <Content></Content>
  <Photo></Photo>
  <Keyword></Keyword>
  <Tag></Tag>
  <SetPublishDate></SetPublishDate>
  <Parent>198</Parent>
  <userid>82</userid>
  <docid></docid>
  <deviceid>868842028314512</deviceid>
  <siteflag>53</siteflag>
  <targetuserid>0</targetuserid>
</root>
