<?xml version="1.0" encoding="utf-8"?>

<!--文章信息，创建时间：2019-12-12 12:2-->
<root>
  <ChannelID>16318</ChannelID>
  <Status>1</Status>
  <TotalPage>1</TotalPage>
  <Title>一键换肤</Title>
  <SubTitle></SubTitle>
  <PublishDate>2019-07-17 10:20:00</PublishDate>
  <Weight>0</Weight>
  <DocFrom></DocFrom>
  <IsPhotoNews>0</IsPhotoNews>
  <Summary></Summary>
  <Content></Content>
  <Photo></Photo>
  <Keyword></Keyword>
  <Tag></Tag>
  <SetPublishDate></SetPublishDate>
  <style>0</style>
</root>
