<?xml version="1.0" encoding="utf-8"?>

<!--文章信息，创建时间：2019-12-11 18:6-->
<root>
  <ChannelID>16323</ChannelID>
  <Status>1</Status>
  <TotalPage>1</TotalPage>
  <Title>签到</Title>
  <SubTitle></SubTitle>
  <PublishDate>2019-08-11 02:30:00</PublishDate>
  <Weight>0</Weight>
  <DocFrom></DocFrom>
  <IsPhotoNews></IsPhotoNews>
  <Summary></Summary>
  <Content></Content>
  <Photo></Photo>
  <Keyword></Keyword>
  <Tag></Tag>
  <SetPublishDate></SetPublishDate>
  <description></description>
  <goldaddition>2</goldaddition>
  <frequency>1</frequency>
  <period>0</period>
  <code>qiandao</code>
  <ReadType>0</ReadType>
  <StayTime></StayTime>
</root>
