<?xml version="1.0" encoding="utf-8"?>

<!--文章信息，创建时间：2019-12-11 18:6-->
<root>
  <ChannelID>16323</ChannelID>
  <Status>1</Status>
  <TotalPage>1</TotalPage>
  <Title>金币消费</Title>
  <SubTitle></SubTitle>
  <PublishDate>2021-04-06 22:39:00</PublishDate>
  <Weight>0</Weight>
  <DocFrom></DocFrom>
  <IsPhotoNews>0</IsPhotoNews>
  <Summary></Summary>
  <Content></Content>
  <Photo></Photo>
  <Keyword></Keyword>
  <Tag></Tag>
  <SetPublishDate></SetPublishDate>
  <description></description>
  <goldaddition>0</goldaddition>
  <frequency>0</frequency>
  <period>0</period>
  <code>buy_product</code>
  <ReadType>0</ReadType>
  <StayTime></StayTime>
</root>
