<?xml version="1.0" encoding="utf-8"?>

<!--文章信息，创建时间：2019-12-11 18:4-->
<root>
  <ChannelID>15943</ChannelID>
  <Status>1</Status>
  <TotalPage>1</TotalPage>
  <Title>广西：实拍武警官兵军事技能“毕业考核”</Title>
  <SubTitle></SubTitle>
  <PublishDate>2018-06-26 11:18:00</PublishDate>
  <Weight>0</Weight>
  <DocFrom></DocFrom>
  <IsPhotoNews>0</IsPhotoNews>
  <Summary></Summary>
  <Content></Content>
  <Photo></Photo>
  <Keyword></Keyword>
  <Tag></Tag>
  <SetPublishDate></SetPublishDate>
  <frame>0</frame>
  <jumptype>0</jumptype>
  <secondcategory>0</secondcategory>
  <doc_type>2</doc_type>
  <type>0</type>
  <audience_type>0</audience_type>
  <device_tag></device_tag>
  <registration></registration>
  <source_gid>1019735</source_gid>
  <source_url>/a/a/g/pic_content_488.shtml</source_url>
  <state>1</state>
  <sharepicurl>/a/a/g/pic_wap_content_488.shtml</sharepicurl>
  <audio>0</audio>
  <develop>0</develop>
  <platform>0</platform>
  <xiaoxiID>success:tdm008125415558799868R</xiaoxiID>
  <juxian_liveid>0</juxian_liveid>
  <shareliveurl></shareliveurl>
</root>
