<?xml version="1.0" encoding="utf-8"?>

<!--文章信息，创建时间：2019-2-27 15:52-->
<root>
  <ChannelID>14315</ChannelID>
  <Status>1</Status>
  <Title>点赞</Title>
  <SubTitle></SubTitle>
  <PublishDate>1541564202</PublishDate>
  <Weight></Weight>
  <DocFrom></DocFrom>
  <IsPhotoNews></IsPhotoNews>
  <Summary></Summary>
  <Content></Content>
  <Photo></Photo>
  <Keyword></Keyword>
  <Tag></Tag>
  <SetPublishDate></SetPublishDate>
  <userid>82</userid>
  <docid>1019931</docid>
  <deviceid></deviceid>
  <siteflag>53</siteflag>
  <targetuserid>64</targetuserid>
  <readstatus>0</readstatus>
</root>
