<?xml version="1.0" encoding="utf-8"?>

<!--文章信息，创建时间：2019-2-27 15:44-->
<root>
  <ChannelID>16099</ChannelID>
  <Status>1</Status>
  <Title>聚视开发3.3</Title>
  <SubTitle></SubTitle>
  <PublishDate>1541562232</PublishDate>
  <Weight>0</Weight>
  <DocFrom></DocFrom>
  <IsPhotoNews>0</IsPhotoNews>
  <Summary></Summary>
  <Content></Content>
  <Photo>/images/2018/11/7/20181171541562260975_9.png</Photo>
  <Keyword></Keyword>
  <Tag></Tag>
  <SetPublishDate></SetPublishDate>
  <AndroidDownload>https://www.pgyer.com/app/qrcodeHistory/aaf6bc0df45b6e4105ea433d50902f95a07c62e135c8c5561fc41c9ce1b38cb5</AndroidDownload>
  <IosDownload>https://fir.im/szv4</IosDownload>
</root>
