<?xml version="1.0" encoding="utf-8"?>

<!--频道结构信息，创建时间：2019-2-27 15:52-->
<root>
  <channel ListProgram="" DocumentProgram="" FolderName="user" Type="1" Id="15963" Name="用户管理" ImageFolderName="" SerialNo="s53_g" SiteID="53" AutoSerialNo="s53_g_b" IsDisplay="1" IsWeight="0" IsComment="0" IsClick="0" IsShowDraftNumber="0" Href="" Extra1="" ListJS="" DocumentJS="" TemplateInherit="1" Company="0" Application="user">
    <templates/>
    <channel ListProgram="../content/content_user.jsp" DocumentProgram="" FolderName="a" Type="0" Id="14263" Name="注册用户信息" ImageFolderName="" SerialNo="register" auto="false" SiteID="53" AutoSerialNo="register_a" IsDisplay="1" IsWeight="0" IsComment="0" IsClick="0" IsShowDraftNumber="0" Href="" Extra1="" ListJS="" DocumentJS="" TemplateInherit="0" Company="0" Application="">
      <fields>
        <group id="6286" Name="内容编辑" Extra="" Url="" LinkChannel="0" Type="0"/>
        <field Name="Title" GroupID="6286" IsHide="0" DisableBlank="0" DisableEdit="0" Description="昵称" FieldType="text" Options="" DefaultValue="" Other="" HtmlTemplate="" DictCode="" Size="0" Style="" RecommendChannel="" RecommendValue="" GroupChannel="" DataType="0" Caption="" RelationChannelID="0"/>
        <field Name="PublishDate" GroupID="0" IsHide="0" DisableBlank="0" DisableEdit="0" Description="发布日期" FieldType="datetime" Options="" DefaultValue="" Other="" HtmlTemplate="" DictCode="" Size="0" Style="" RecommendChannel="" RecommendValue="" GroupChannel="" DataType="0" Caption="" RelationChannelID="0"/>
        <field Name="SubTitle" GroupID="6286" IsHide="1" DisableBlank="0" DisableEdit="0" Description="副标题" FieldType="text" Options="" DefaultValue="" Other="" HtmlTemplate="" DictCode="" Size="0" Style="" RecommendChannel="" RecommendValue="" GroupChannel="" DataType="0" Caption="" RelationChannelID="0"/>
        <field Name="Weight" GroupID="0" IsHide="1" DisableBlank="0" DisableEdit="0" Description="权重" FieldType="text" Options="" DefaultValue="" Other="" HtmlTemplate="" DictCode="" Size="0" Style="" RecommendChannel="" RecommendValue="" GroupChannel="" DataType="0" Caption="" RelationChannelID="0"/>
        <field Name="DocFrom" GroupID="6286" IsHide="1" DisableBlank="0" DisableEdit="0" Description="文章来源" FieldType="text" Options="" DefaultValue="" Other="" HtmlTemplate="" DictCode="" Size="0" Style="" RecommendChannel="" RecommendValue="" GroupChannel="" DataType="0" Caption="" RelationChannelID="0"/>
        <field Name="IsPhotoNews" GroupID="6286" IsHide="1" DisableBlank="0" DisableEdit="0" Description="图片新闻" FieldType="checkbox" Options="" DefaultValue="" Other="" HtmlTemplate="" DictCode="" Size="0" Style="" RecommendChannel="" RecommendValue="" GroupChannel="" DataType="0" Caption="" RelationChannelID="0"/>
        <field Name="Summary" GroupID="6286" IsHide="1" DisableBlank="0" DisableEdit="0" Description="摘要" FieldType="textarea" Options="" DefaultValue="" Other="" HtmlTemplate="" DictCode="" Size="0" Style="" RecommendChannel="" RecommendValue="" GroupChannel="" DataType="0" Caption="" RelationChannelID="0"/>
        <field Name="Content" GroupID="6286" IsHide="1" DisableBlank="0" DisableEdit="0" Description="内容" FieldType="textarea" Options="" DefaultValue="" Other="" HtmlTemplate="" DictCode="" Size="0" Style="" RecommendChannel="" RecommendValue="" GroupChannel="" DataType="0" Caption="" RelationChannelID="0"/>
        <field Name="Photo" GroupID="6286" IsHide="1" DisableBlank="0" DisableEdit="0" Description="图片" FieldType="image" Options="" DefaultValue="" Other="" HtmlTemplate="" DictCode="" Size="0" Style="" RecommendChannel="" RecommendValue="" GroupChannel="" DataType="0" Caption="" RelationChannelID="0"/>
        <field Name="Keyword" GroupID="0" IsHide="1" DisableBlank="0" DisableEdit="0" Description="关键词" FieldType="text" Options="" DefaultValue="" Other="" HtmlTemplate="" DictCode="" Size="0" Style="" RecommendChannel="" RecommendValue="" GroupChannel="" DataType="0" Caption="" RelationChannelID="0"/>
        <field Name="Tag" GroupID="0" IsHide="1" DisableBlank="0" DisableEdit="0" Description="标签" FieldType="text" Options="" DefaultValue="" Other="" HtmlTemplate="" DictCode="" Size="0" Style="" RecommendChannel="" RecommendValue="" GroupChannel="" DataType="0" Caption="" RelationChannelID="0"/>
        <field Name="SetPublishDate" GroupID="0" IsHide="1" DisableBlank="0" DisableEdit="0" Description="定时发布" FieldType="text" Options="" DefaultValue="" Other="" HtmlTemplate="" DictCode="" Size="0" Style="" RecommendChannel="" RecommendValue="" GroupChannel="" DataType="0" Caption="" RelationChannelID="0"/>
        <field Name="password" GroupID="6286" IsHide="0" DisableBlank="0" DisableEdit="0" Description="密码" FieldType="text" Options="" DefaultValue="" Other="" HtmlTemplate="" DictCode="" Size="0" Style="" RecommendChannel="" RecommendValue="" GroupChannel="" DataType="0" Caption="" RelationChannelID="0"/>
        <field Name="phone" GroupID="6286" IsHide="0" DisableBlank="0" DisableEdit="0" Description="手机号" FieldType="text" Options="" DefaultValue="" Other="" HtmlTemplate="" DictCode="" Size="0" Style="" RecommendChannel="" RecommendValue="" GroupChannel="" DataType="0" Caption="" RelationChannelID="0"/>
        <field Name="avatar" GroupID="6286" IsHide="0" DisableBlank="0" DisableEdit="0" Description="头像" FieldType="image" Options="" DefaultValue="" Other="" HtmlTemplate="" DictCode="" Size="0" Style="" RecommendChannel="" RecommendValue="" GroupChannel="" DataType="0" Caption="" RelationChannelID="0"/>
        <field Name="sessionTime" GroupID="6286" IsHide="0" DisableBlank="0" DisableEdit="0" Description="session的产生时间" FieldType="text" Options="" DefaultValue="" Other="" HtmlTemplate="" DictCode="" Size="0" Style="" RecommendChannel="" RecommendValue="" GroupChannel="" DataType="0" Caption="" RelationChannelID="0"/>
        <field Name="session" GroupID="6286" IsHide="0" DisableBlank="0" DisableEdit="0" Description="sessionid" FieldType="text" Options="" DefaultValue="" Other="" HtmlTemplate="" DictCode="" Size="0" Style="" RecommendChannel="" RecommendValue="" GroupChannel="" DataType="0" Caption="" RelationChannelID="0"/>
        <field Name="IP" GroupID="6286" IsHide="0" DisableBlank="0" DisableEdit="0" Description="ip地址" FieldType="text" Options="" DefaultValue="" Other="" HtmlTemplate="" DictCode="" Size="0" Style="" RecommendChannel="" RecommendValue="" GroupChannel="" DataType="0" Caption="" RelationChannelID="0"/>
        <field Name="serial" GroupID="6286" IsHide="0" DisableBlank="0" DisableEdit="0" Description="序列号" FieldType="text" Options="" DefaultValue="" Other="" HtmlTemplate="" DictCode="" Size="0" Style="" RecommendChannel="" RecommendValue="" GroupChannel="" DataType="0" Caption="" RelationChannelID="0"/>
        <field Name="sex" GroupID="6286" IsHide="0" DisableBlank="0" DisableEdit="0" Description="性别" FieldType="radio" Options="待完善(0)$tidemedia$男(1)$tidemedia$女(2)$tidemedia$" DefaultValue="0" Other="" HtmlTemplate="" DictCode="" Size="0" Style="" RecommendChannel="" RecommendValue="" GroupChannel="" DataType="1" Caption="" RelationChannelID="0"/>
        <field Name="QQ" GroupID="6286" IsHide="0" DisableBlank="0" DisableEdit="0" Description="绑定QQ" FieldType="text" Options="" DefaultValue="" Other="" HtmlTemplate="" DictCode="" Size="0" Style="" RecommendChannel="" RecommendValue="" GroupChannel="" DataType="0" Caption="" RelationChannelID="0"/>
        <field Name="wechat" GroupID="6286" IsHide="0" DisableBlank="0" DisableEdit="0" Description="绑定微信" FieldType="text" Options="" DefaultValue="" Other="" HtmlTemplate="" DictCode="" Size="0" Style="" RecommendChannel="" RecommendValue="" GroupChannel="" DataType="0" Caption="" RelationChannelID="0"/>
        <field Name="weibo" GroupID="6286" IsHide="0" DisableBlank="0" DisableEdit="0" Description="绑定微博" FieldType="text" Options="" DefaultValue="" Other="" HtmlTemplate="" DictCode="" Size="0" Style="" RecommendChannel="" RecommendValue="" GroupChannel="" DataType="0" Caption="" RelationChannelID="0"/>
        <field Name="siteflag" GroupID="6286" IsHide="0" DisableBlank="0" DisableEdit="0" Description="客户端归属" FieldType="number" Options="" DefaultValue="" Other="" HtmlTemplate="" DictCode="" Size="0" Style="" RecommendChannel="" RecommendValue="" GroupChannel="" DataType="0" Caption="" RelationChannelID="0"/>
        <field Name="Truename" GroupID="6286" IsHide="1" DisableBlank="0" DisableEdit="0" Description="昵称" FieldType="text" Options="" DefaultValue="" Other="" HtmlTemplate="" DictCode="" Size="0" Style="" RecommendChannel="" RecommendValue="" GroupChannel="" DataType="0" Caption="" RelationChannelID="0"/>
        <field Name="score" GroupID="6286" IsHide="0" DisableBlank="0" DisableEdit="0" Description="积分" FieldType="number" Options="" DefaultValue="" Other="" HtmlTemplate="" DictCode="" Size="0" Style="" RecommendChannel="" RecommendValue="" GroupChannel="" DataType="0" Caption="" RelationChannelID="0"/>
        <field Name="designation" GroupID="6286" IsHide="0" DisableBlank="0" DisableEdit="0" Description="头衔" FieldType="text" Options="" DefaultValue="" Other="" HtmlTemplate="" DictCode="" Size="0" Style="" RecommendChannel="" RecommendValue="" GroupChannel="" DataType="0" Caption="" RelationChannelID="0"/>
        <field Name="level" GroupID="6286" IsHide="0" DisableBlank="0" DisableEdit="0" Description="等级序号" FieldType="number" Options="" DefaultValue="0" Other="" HtmlTemplate="" DictCode="" Size="0" Style="" RecommendChannel="" RecommendValue="" GroupChannel="" DataType="0" Caption="" RelationChannelID="0"/>
      </fields>
      <templates/>
    </channel>
    <channel ListProgram="" DocumentProgram="" FolderName="a" Type="1" Id="15970" Name="用户行为记录" ImageFolderName="" SerialNo="s53_g_a" SiteID="53" AutoSerialNo="s53_g_a_a" IsDisplay="1" IsWeight="0" IsComment="0" IsClick="0" IsShowDraftNumber="0" Href="" Extra1="" ListJS="" DocumentJS="" TemplateInherit="1" Company="0" Application="">
      <templates/>
      <channel ListProgram="" DocumentProgram="" FolderName="a" Type="0" Id="14269" Name="评论点赞记录" ImageFolderName="" SerialNo="praise" auto="false" SiteID="53" AutoSerialNo="praise_a" IsDisplay="1" IsWeight="0" IsComment="0" IsClick="0" IsShowDraftNumber="0" Href="" Extra1="" ListJS="" DocumentJS="" TemplateInherit="0" Company="0" Application="">
        <fields>
          <group id="6296" Name="内容编辑" Extra="" Url="" LinkChannel="0" Type="0"/>
          <field Name="Title" GroupID="6296" IsHide="0" DisableBlank="0" DisableEdit="0" Description="标题" FieldType="text" Options="" DefaultValue="" Other="" HtmlTemplate="" DictCode="" Size="0" Style="" RecommendChannel="" RecommendValue="" GroupChannel="" DataType="0" Caption="" RelationChannelID="0"/>
          <field Name="PublishDate" GroupID="0" IsHide="0" DisableBlank="0" DisableEdit="0" Description="发布日期" FieldType="datetime" Options="" DefaultValue="" Other="" HtmlTemplate="" DictCode="" Size="0" Style="" RecommendChannel="" RecommendValue="" GroupChannel="" DataType="0" Caption="" RelationChannelID="0"/>
          <field Name="SubTitle" GroupID="6296" IsHide="1" DisableBlank="0" DisableEdit="0" Description="副标题" FieldType="text" Options="" DefaultValue="" Other="" HtmlTemplate="" DictCode="" Size="0" Style="" RecommendChannel="" RecommendValue="" GroupChannel="" DataType="0" Caption="" RelationChannelID="0"/>
          <field Name="Weight" GroupID="0" IsHide="1" DisableBlank="0" DisableEdit="0" Description="权重" FieldType="text" Options="" DefaultValue="" Other="" HtmlTemplate="" DictCode="" Size="0" Style="" RecommendChannel="" RecommendValue="" GroupChannel="" DataType="0" Caption="" RelationChannelID="0"/>
          <field Name="DocFrom" GroupID="6296" IsHide="1" DisableBlank="0" DisableEdit="0" Description="文章来源" FieldType="text" Options="" DefaultValue="" Other="" HtmlTemplate="" DictCode="" Size="0" Style="" RecommendChannel="" RecommendValue="" GroupChannel="" DataType="0" Caption="" RelationChannelID="0"/>
          <field Name="IsPhotoNews" GroupID="6296" IsHide="1" DisableBlank="0" DisableEdit="0" Description="图片新闻" FieldType="checkbox" Options="" DefaultValue="" Other="" HtmlTemplate="" DictCode="" Size="0" Style="" RecommendChannel="" RecommendValue="" GroupChannel="" DataType="0" Caption="" RelationChannelID="0"/>
          <field Name="Summary" GroupID="6296" IsHide="1" DisableBlank="0" DisableEdit="0" Description="摘要" FieldType="textarea" Options="" DefaultValue="" Other="" HtmlTemplate="" DictCode="" Size="0" Style="" RecommendChannel="" RecommendValue="" GroupChannel="" DataType="0" Caption="" RelationChannelID="0"/>
          <field Name="Content" GroupID="6296" IsHide="1" DisableBlank="0" DisableEdit="0" Description="内容" FieldType="textarea" Options="" DefaultValue="" Other="" HtmlTemplate="" DictCode="" Size="0" Style="" RecommendChannel="" RecommendValue="" GroupChannel="" DataType="0" Caption="" RelationChannelID="0"/>
          <field Name="Photo" GroupID="6296" IsHide="1" DisableBlank="0" DisableEdit="0" Description="图片" FieldType="image" Options="" DefaultValue="" Other="" HtmlTemplate="" DictCode="" Size="0" Style="" RecommendChannel="" RecommendValue="" GroupChannel="" DataType="0" Caption="" RelationChannelID="0"/>
          <field Name="Keyword" GroupID="0" IsHide="1" DisableBlank="0" DisableEdit="0" Description="关键词" FieldType="text" Options="" DefaultValue="" Other="" HtmlTemplate="" DictCode="" Size="0" Style="" RecommendChannel="" RecommendValue="" GroupChannel="" DataType="0" Caption="" RelationChannelID="0"/>
          <field Name="Tag" GroupID="0" IsHide="1" DisableBlank="0" DisableEdit="0" Description="标签" FieldType="text" Options="" DefaultValue="" Other="" HtmlTemplate="" DictCode="" Size="0" Style="" RecommendChannel="" RecommendValue="" GroupChannel="" DataType="0" Caption="" RelationChannelID="0"/>
          <field Name="SetPublishDate" GroupID="0" IsHide="1" DisableBlank="0" DisableEdit="0" Description="定时发布" FieldType="text" Options="" DefaultValue="" Other="" HtmlTemplate="" DictCode="" Size="0" Style="" RecommendChannel="" RecommendValue="" GroupChannel="" DataType="0" Caption="" RelationChannelID="0"/>
          <field Name="Parent" GroupID="6296" IsHide="0" DisableBlank="0" DisableEdit="0" Description="父编号" FieldType="number" Options="" DefaultValue="" Other="" HtmlTemplate="" DictCode="" Size="0" Style="" RecommendChannel="" RecommendValue="" GroupChannel="" DataType="0" Caption="" RelationChannelID="0"/>
          <field Name="userid" GroupID="6296" IsHide="0" DisableBlank="0" DisableEdit="0" Description="用户编号" FieldType="number" Options="" DefaultValue="" Other="" HtmlTemplate="" DictCode="" Size="0" Style="" RecommendChannel="" RecommendValue="" GroupChannel="" DataType="0" Caption="" RelationChannelID="0"/>
          <field Name="docid" GroupID="6296" IsHide="0" DisableBlank="0" DisableEdit="0" Description="文档编号" FieldType="number" Options="" DefaultValue="" Other="" HtmlTemplate="" DictCode="" Size="0" Style="" RecommendChannel="" RecommendValue="" GroupChannel="" DataType="0" Caption="" RelationChannelID="0"/>
          <field Name="deviceid" GroupID="6296" IsHide="0" DisableBlank="0" DisableEdit="0" Description="设备编号" FieldType="text" Options="" DefaultValue="" Other="" HtmlTemplate="" DictCode="" Size="0" Style="" RecommendChannel="" RecommendValue="" GroupChannel="" DataType="0" Caption="" RelationChannelID="0"/>
          <field Name="siteflag" GroupID="6296" IsHide="0" DisableBlank="0" DisableEdit="0" Description="客户端归属" FieldType="number" Options="" DefaultValue="" Other="" HtmlTemplate="" DictCode="" Size="0" Style="" RecommendChannel="" RecommendValue="" GroupChannel="" DataType="0" Caption="" RelationChannelID="0"/>
          <field Name="targetuserid" GroupID="6296" IsHide="0" DisableBlank="0" DisableEdit="0" Description="对方用户编号" FieldType="number" Options="" DefaultValue="0" Other="" HtmlTemplate="" DictCode="" Size="0" Style="" RecommendChannel="" RecommendValue="" GroupChannel="" DataType="0" Caption="" RelationChannelID="0"/>
        </fields>
        <templates/>
      </channel>
      <channel ListProgram="" DocumentProgram="" FolderName="a" Type="0" Id="14983" Name="文章点赞记录" ImageFolderName="" SerialNo="docpraise" auto="false" SiteID="53" AutoSerialNo="docpraise_a" IsDisplay="1" IsWeight="0" IsComment="0" IsClick="0" IsShowDraftNumber="0" Href="" Extra1="" ListJS="" DocumentJS="" TemplateInherit="0" Company="0" Application="">
        <fields>
          <group id="7423" Name="内容编辑" Extra="" Url="" LinkChannel="0" Type="0"/>
          <field Name="Title" GroupID="7423" IsHide="0" DisableBlank="0" DisableEdit="0" Description="标题" FieldType="text" Options="" DefaultValue="" Other="" HtmlTemplate="" DictCode="" Size="0" Style="" RecommendChannel="" RecommendValue="" GroupChannel="" DataType="0" Caption="" RelationChannelID="0"/>
          <field Name="PublishDate" GroupID="0" IsHide="0" DisableBlank="0" DisableEdit="0" Description="发布日期" FieldType="datetime" Options="" DefaultValue="" Other="" HtmlTemplate="" DictCode="" Size="0" Style="" RecommendChannel="" RecommendValue="" GroupChannel="" DataType="0" Caption="" RelationChannelID="0"/>
          <field Name="Parent" GroupID="7423" IsHide="0" DisableBlank="0" DisableEdit="0" Description="父编号" FieldType="number" Options="" DefaultValue="" Other="" HtmlTemplate="" DictCode="" Size="0" Style="" RecommendChannel="" RecommendValue="" GroupChannel="" DataType="0" Caption="" RelationChannelID="0"/>
          <field Name="userid" GroupID="7423" IsHide="0" DisableBlank="0" DisableEdit="0" Description="用户编号" FieldType="number" Options="" DefaultValue="" Other="" HtmlTemplate="" DictCode="" Size="0" Style="" RecommendChannel="" RecommendValue="" GroupChannel="" DataType="0" Caption="" RelationChannelID="0"/>
          <field Name="siteflag" GroupID="7423" IsHide="0" DisableBlank="0" DisableEdit="0" Description="客户端来源" FieldType="number" Options="" DefaultValue="" Other="" HtmlTemplate="" DictCode="" Size="0" Style="" RecommendChannel="" RecommendValue="" GroupChannel="" DataType="0" Caption="" RelationChannelID="0"/>
          <field Name="deviceid" GroupID="7423" IsHide="0" DisableBlank="0" DisableEdit="0" Description="设备编号" FieldType="text" Options="" DefaultValue="" Other="" HtmlTemplate="" DictCode="" Size="0" Style="" RecommendChannel="" RecommendValue="" GroupChannel="" DataType="0" Caption="" RelationChannelID="0"/>
          <field Name="SubTitle" GroupID="7423" IsHide="1" DisableBlank="0" DisableEdit="0" Description="副标题" FieldType="text" Options="" DefaultValue="" Other="" HtmlTemplate="" DictCode="" Size="0" Style="" RecommendChannel="" RecommendValue="" GroupChannel="" DataType="0" Caption="" RelationChannelID="0"/>
          <field Name="Weight" GroupID="0" IsHide="1" DisableBlank="0" DisableEdit="0" Description="权重" FieldType="text" Options="" DefaultValue="" Other="" HtmlTemplate="" DictCode="" Size="0" Style="" RecommendChannel="" RecommendValue="" GroupChannel="" DataType="0" Caption="" RelationChannelID="0"/>
          <field Name="DocFrom" GroupID="7423" IsHide="1" DisableBlank="0" DisableEdit="0" Description="文章来源" FieldType="text" Options="" DefaultValue="" Other="" HtmlTemplate="" DictCode="" Size="0" Style="" RecommendChannel="" RecommendValue="" GroupChannel="" DataType="0" Caption="" RelationChannelID="0"/>
          <field Name="IsPhotoNews" GroupID="7423" IsHide="1" DisableBlank="0" DisableEdit="0" Description="图片新闻" FieldType="checkbox" Options="" DefaultValue="" Other="" HtmlTemplate="" DictCode="" Size="0" Style="" RecommendChannel="" RecommendValue="" GroupChannel="" DataType="0" Caption="" RelationChannelID="0"/>
          <field Name="Summary" GroupID="7423" IsHide="1" DisableBlank="0" DisableEdit="0" Description="摘要" FieldType="textarea" Options="" DefaultValue="" Other="" HtmlTemplate="" DictCode="" Size="0" Style="" RecommendChannel="" RecommendValue="" GroupChannel="" DataType="0" Caption="" RelationChannelID="0"/>
          <field Name="Content" GroupID="7423" IsHide="1" DisableBlank="0" DisableEdit="0" Description="内容" FieldType="textarea" Options="" DefaultValue="" Other="" HtmlTemplate="" DictCode="" Size="0" Style="" RecommendChannel="" RecommendValue="" GroupChannel="" DataType="0" Caption="" RelationChannelID="0"/>
          <field Name="Photo" GroupID="7423" IsHide="1" DisableBlank="0" DisableEdit="0" Description="图片" FieldType="image" Options="" DefaultValue="" Other="" HtmlTemplate="" DictCode="" Size="0" Style="" RecommendChannel="" RecommendValue="" GroupChannel="" DataType="0" Caption="" RelationChannelID="0"/>
          <field Name="Keyword" GroupID="0" IsHide="1" DisableBlank="0" DisableEdit="0" Description="关键词" FieldType="text" Options="" DefaultValue="" Other="" HtmlTemplate="" DictCode="" Size="0" Style="" RecommendChannel="" RecommendValue="" GroupChannel="" DataType="0" Caption="" RelationChannelID="0"/>
          <field Name="Tag" GroupID="0" IsHide="1" DisableBlank="0" DisableEdit="0" Description="标签" FieldType="text" Options="" DefaultValue="" Other="" HtmlTemplate="" DictCode="" Size="0" Style="" RecommendChannel="" RecommendValue="" GroupChannel="" DataType="0" Caption="" RelationChannelID="0"/>
          <field Name="SetPublishDate" GroupID="0" IsHide="1" DisableBlank="0" DisableEdit="0" Description="定时发布" FieldType="text" Options="" DefaultValue="" Other="" HtmlTemplate="" DictCode="" Size="0" Style="" RecommendChannel="" RecommendValue="" GroupChannel="" DataType="0" Caption="" RelationChannelID="0"/>
        </fields>
        <templates/>
      </channel>
      <channel ListProgram="" DocumentProgram="" FolderName="a" Type="0" Id="14267" Name="收藏记录" ImageFolderName="" SerialNo="collect" auto="false" SiteID="53" AutoSerialNo="collect_a" IsDisplay="1" IsWeight="0" IsComment="0" IsClick="0" IsShowDraftNumber="0" Href="" Extra1="" ListJS="" DocumentJS="" TemplateInherit="0" Company="0" Application="">
        <fields>
          <group id="6292" Name="内容编辑" Extra="" Url="" LinkChannel="0" Type="0"/>
          <field Name="Title" GroupID="6292" IsHide="0" DisableBlank="0" DisableEdit="0" Description="标题" FieldType="text" Options="" DefaultValue="" Other="" HtmlTemplate="" DictCode="" Size="0" Style="" RecommendChannel="" RecommendValue="" GroupChannel="" DataType="0" Caption="" RelationChannelID="0"/>
          <field Name="SubTitle" GroupID="6292" IsHide="1" DisableBlank="0" DisableEdit="0" Description="副标题" FieldType="text" Options="" DefaultValue="" Other="" HtmlTemplate="" DictCode="" Size="0" Style="" RecommendChannel="" RecommendValue="" GroupChannel="" DataType="0" Caption="" RelationChannelID="0"/>
          <field Name="PublishDate" GroupID="0" IsHide="0" DisableBlank="0" DisableEdit="0" Description="发布日期" FieldType="datetime" Options="" DefaultValue="" Other="" HtmlTemplate="" DictCode="" Size="0" Style="" RecommendChannel="" RecommendValue="" GroupChannel="" DataType="0" Caption="" RelationChannelID="0"/>
          <field Name="Weight" GroupID="0" IsHide="1" DisableBlank="0" DisableEdit="0" Description="权重" FieldType="text" Options="" DefaultValue="" Other="" HtmlTemplate="" DictCode="" Size="0" Style="" RecommendChannel="" RecommendValue="" GroupChannel="" DataType="0" Caption="" RelationChannelID="0"/>
          <field Name="DocFrom" GroupID="6292" IsHide="1" DisableBlank="0" DisableEdit="0" Description="文章来源" FieldType="text" Options="" DefaultValue="" Other="" HtmlTemplate="" DictCode="" Size="0" Style="" RecommendChannel="" RecommendValue="" GroupChannel="" DataType="0" Caption="" RelationChannelID="0"/>
          <field Name="IsPhotoNews" GroupID="6292" IsHide="1" DisableBlank="0" DisableEdit="0" Description="图片新闻" FieldType="checkbox" Options="" DefaultValue="" Other="" HtmlTemplate="" DictCode="" Size="0" Style="" RecommendChannel="" RecommendValue="" GroupChannel="" DataType="0" Caption="" RelationChannelID="0"/>
          <field Name="Summary" GroupID="6292" IsHide="1" DisableBlank="0" DisableEdit="0" Description="摘要" FieldType="textarea" Options="" DefaultValue="" Other="" HtmlTemplate="" DictCode="" Size="0" Style="" RecommendChannel="" RecommendValue="" GroupChannel="" DataType="0" Caption="" RelationChannelID="0"/>
          <field Name="Content" GroupID="6292" IsHide="1" DisableBlank="0" DisableEdit="0" Description="内容" FieldType="textarea" Options="" DefaultValue="" Other="" HtmlTemplate="" DictCode="" Size="0" Style="" RecommendChannel="" RecommendValue="" GroupChannel="" DataType="0" Caption="" RelationChannelID="0"/>
          <field Name="Photo" GroupID="6292" IsHide="1" DisableBlank="0" DisableEdit="0" Description="图片" FieldType="image" Options="" DefaultValue="" Other="" HtmlTemplate="" DictCode="" Size="0" Style="" RecommendChannel="" RecommendValue="" GroupChannel="" DataType="0" Caption="" RelationChannelID="0"/>
          <field Name="Keyword" GroupID="0" IsHide="1" DisableBlank="0" DisableEdit="0" Description="关键词" FieldType="text" Options="" DefaultValue="" Other="" HtmlTemplate="" DictCode="" Size="0" Style="" RecommendChannel="" RecommendValue="" GroupChannel="" DataType="0" Caption="" RelationChannelID="0"/>
          <field Name="Tag" GroupID="0" IsHide="1" DisableBlank="0" DisableEdit="0" Description="标签" FieldType="text" Options="" DefaultValue="" Other="" HtmlTemplate="" DictCode="" Size="0" Style="" RecommendChannel="" RecommendValue="" GroupChannel="" DataType="0" Caption="" RelationChannelID="0"/>
          <field Name="SetPublishDate" GroupID="0" IsHide="1" DisableBlank="0" DisableEdit="0" Description="定时发布" FieldType="text" Options="" DefaultValue="" Other="" HtmlTemplate="" DictCode="" Size="0" Style="" RecommendChannel="" RecommendValue="" GroupChannel="" DataType="0" Caption="" RelationChannelID="0"/>
          <field Name="author" GroupID="6292" IsHide="0" DisableBlank="0" DisableEdit="0" Description="用户名" FieldType="text" Options="" DefaultValue="" Other="" HtmlTemplate="" DictCode="" Size="0" Style="" RecommendChannel="" RecommendValue="" GroupChannel="" DataType="0" Caption="" RelationChannelID="0"/>
          <field Name="userid" GroupID="6292" IsHide="0" DisableBlank="0" DisableEdit="0" Description="用户编号" FieldType="number" Options="" DefaultValue="" Other="" HtmlTemplate="" DictCode="" Size="0" Style="" RecommendChannel="" RecommendValue="" GroupChannel="" DataType="0" Caption="" RelationChannelID="0"/>
          <field Name="url" GroupID="6292" IsHide="0" DisableBlank="0" DisableEdit="0" Description="内容链接" FieldType="text" Options="" DefaultValue="" Other="" HtmlTemplate="" DictCode="" Size="0" Style="" RecommendChannel="" RecommendValue="" GroupChannel="" DataType="0" Caption="" RelationChannelID="0"/>
          <field Name="filed_type" GroupID="6292" IsHide="0" DisableBlank="0" DisableEdit="0" Description="收藏类型" FieldType="radio" Options="图文(1)$tidemedia$视频(2)$tidemedia$图集(3)$tidemedia$专题(4)$tidemedia$聚现直播(5)$tidemedia$PDF文档(6)$tidemedia$栏目跳转(7)$tidemedia$外链(8)$tidemedia$直播(9)$tidemedia$" DefaultValue="" Other="" HtmlTemplate="" DictCode="" Size="0" Style="" RecommendChannel="" RecommendValue="" GroupChannel="" DataType="1" Caption="" RelationChannelID="0"/>
          <field Name="siteflag" GroupID="6292" IsHide="0" DisableBlank="0" DisableEdit="0" Description="客户端归属" FieldType="number" Options="" DefaultValue="" Other="" HtmlTemplate="" DictCode="" Size="0" Style="" RecommendChannel="" RecommendValue="" GroupChannel="" DataType="0" Caption="" RelationChannelID="0"/>
          <field Name="item_gid" GroupID="6292" IsHide="0" DisableBlank="0" DisableEdit="0" Description="文章编号" FieldType="number" Options="" DefaultValue="" Other="" HtmlTemplate="" DictCode="" Size="0" Style="" RecommendChannel="" RecommendValue="" GroupChannel="" DataType="0" Caption="" RelationChannelID="0"/>
        </fields>
        <templates/>
      </channel>
      <channel ListProgram="" DocumentProgram="" FolderName="a" Type="0" Id="15917" Name="用户订阅栏目信息记录" ImageFolderName="" SerialNo="category_s53_personinfo" auto="false" SiteID="53" AutoSerialNo="category_s53_personinfo_a" IsDisplay="1" IsWeight="0" IsComment="0" IsClick="0" IsShowDraftNumber="0" Href="" Extra1="" ListJS="" DocumentJS="" TemplateInherit="0" Company="0" Application="">
        <fields>
          <group id="8445" Name="内容编辑" Extra="" Url="" LinkChannel="0" Type="0"/>
          <field Name="Title" GroupID="8445" IsHide="0" DisableBlank="0" DisableEdit="0" Description="用户昵称" FieldType="text" Options="" DefaultValue="" Other="" HtmlTemplate="" DictCode="" Size="0" Style="" RecommendChannel="" RecommendValue="" GroupChannel="" DataType="0" Caption="" RelationChannelID="0"/>
          <field Name="SubTitle" GroupID="8445" IsHide="1" DisableBlank="0" DisableEdit="0" Description="副标题" FieldType="text" Options="" DefaultValue="" Other="" HtmlTemplate="" DictCode="" Size="0" Style="" RecommendChannel="" RecommendValue="" GroupChannel="" DataType="0" Caption="" RelationChannelID="0"/>
          <field Name="PublishDate" GroupID="0" IsHide="0" DisableBlank="0" DisableEdit="0" Description="发布日期" FieldType="datetime" Options="" DefaultValue="" Other="" HtmlTemplate="" DictCode="" Size="0" Style="" RecommendChannel="" RecommendValue="" GroupChannel="" DataType="0" Caption="" RelationChannelID="0"/>
          <field Name="Weight" GroupID="0" IsHide="1" DisableBlank="0" DisableEdit="0" Description="权重" FieldType="text" Options="" DefaultValue="" Other="" HtmlTemplate="" DictCode="" Size="0" Style="" RecommendChannel="" RecommendValue="" GroupChannel="" DataType="0" Caption="" RelationChannelID="0"/>
          <field Name="DocFrom" GroupID="0" IsHide="1" DisableBlank="0" DisableEdit="0" Description="文章来源" FieldType="text" Options="" DefaultValue="" Other="" HtmlTemplate="" DictCode="" Size="0" Style="" RecommendChannel="" RecommendValue="" GroupChannel="" DataType="0" Caption="" RelationChannelID="0"/>
          <field Name="IsPhotoNews" GroupID="0" IsHide="1" DisableBlank="0" DisableEdit="0" Description="图片新闻" FieldType="checkbox" Options="" DefaultValue="" Other="" HtmlTemplate="" DictCode="" Size="0" Style="" RecommendChannel="" RecommendValue="" GroupChannel="" DataType="0" Caption="" RelationChannelID="0"/>
          <field Name="Summary" GroupID="0" IsHide="1" DisableBlank="0" DisableEdit="0" Description="摘要" FieldType="textarea" Options="" DefaultValue="" Other="" HtmlTemplate="" DictCode="" Size="0" Style="" RecommendChannel="" RecommendValue="" GroupChannel="" DataType="0" Caption="" RelationChannelID="0"/>
          <field Name="Content" GroupID="8445" IsHide="1" DisableBlank="0" DisableEdit="0" Description="内容" FieldType="textarea" Options="" DefaultValue="" Other="" HtmlTemplate="" DictCode="" Size="0" Style="" RecommendChannel="" RecommendValue="" GroupChannel="" DataType="0" Caption="" RelationChannelID="0"/>
          <field Name="Photo" GroupID="0" IsHide="1" DisableBlank="0" DisableEdit="0" Description="图片" FieldType="image" Options="" DefaultValue="" Other="" HtmlTemplate="" DictCode="" Size="0" Style="" RecommendChannel="" RecommendValue="" GroupChannel="" DataType="0" Caption="" RelationChannelID="0"/>
          <field Name="Keyword" GroupID="0" IsHide="1" DisableBlank="0" DisableEdit="0" Description="关键词" FieldType="text" Options="" DefaultValue="" Other="" HtmlTemplate="" DictCode="" Size="0" Style="" RecommendChannel="" RecommendValue="" GroupChannel="" DataType="0" Caption="" RelationChannelID="0"/>
          <field Name="Tag" GroupID="0" IsHide="1" DisableBlank="0" DisableEdit="0" Description="标签" FieldType="text" Options="" DefaultValue="" Other="" HtmlTemplate="" DictCode="" Size="0" Style="" RecommendChannel="" RecommendValue="" GroupChannel="" DataType="0" Caption="" RelationChannelID="0"/>
          <field Name="SetPublishDate" GroupID="0" IsHide="1" DisableBlank="0" DisableEdit="0" Description="定时发布" FieldType="text" Options="" DefaultValue="" Other="" HtmlTemplate="" DictCode="" Size="0" Style="" RecommendChannel="" RecommendValue="" GroupChannel="" DataType="0" Caption="" RelationChannelID="0"/>
          <field Name="userid" GroupID="8445" IsHide="0" DisableBlank="0" DisableEdit="0" Description="用户编号" FieldType="number" Options="" DefaultValue="" Other="null" HtmlTemplate="" DictCode="" Size="0" Style="null" RecommendChannel="" RecommendValue="" GroupChannel="" DataType="0" Caption="" RelationChannelID="0"/>
          <field Name="categoryinfo" GroupID="8445" IsHide="0" DisableBlank="0" DisableEdit="0" Description="用户订阅栏目编号" FieldType="text" Options="" DefaultValue="" Other="null" HtmlTemplate="" DictCode="" Size="0" Style="null" RecommendChannel="" RecommendValue="" GroupChannel="" DataType="0" Caption="" RelationChannelID="0"/>
        </fields>
        <templates/>
      </channel>
      <channel ListProgram="" DocumentProgram="" FolderName="a" Type="0" Id="14262" Name="阅读历史记录" ImageFolderName="" SerialNo="history" auto="false" SiteID="53" AutoSerialNo="history_a" IsDisplay="1" IsWeight="0" IsComment="0" IsClick="0" IsShowDraftNumber="0" Href="" Extra1="" ListJS="" DocumentJS="" TemplateInherit="0" Company="0" Application="">
        <fields>
          <group id="6284" Name="内容编辑" Extra="" Url="" LinkChannel="0" Type="0"/>
          <field Name="Title" GroupID="6284" IsHide="0" DisableBlank="0" DisableEdit="0" Description="标题" FieldType="text" Options="" DefaultValue="" Other="" HtmlTemplate="" DictCode="" Size="0" Style="" RecommendChannel="" RecommendValue="" GroupChannel="" DataType="0" Caption="" RelationChannelID="0"/>
          <field Name="SubTitle" GroupID="6284" IsHide="1" DisableBlank="0" DisableEdit="0" Description="副标题" FieldType="text" Options="" DefaultValue="" Other="" HtmlTemplate="" DictCode="" Size="0" Style="" RecommendChannel="" RecommendValue="" GroupChannel="" DataType="0" Caption="" RelationChannelID="0"/>
          <field Name="PublishDate" GroupID="0" IsHide="0" DisableBlank="0" DisableEdit="0" Description="发布日期" FieldType="datetime" Options="" DefaultValue="" Other="" HtmlTemplate="" DictCode="" Size="0" Style="" RecommendChannel="" RecommendValue="" GroupChannel="" DataType="0" Caption="" RelationChannelID="0"/>
          <field Name="Weight" GroupID="0" IsHide="1" DisableBlank="0" DisableEdit="0" Description="权重" FieldType="text" Options="" DefaultValue="" Other="" HtmlTemplate="" DictCode="" Size="0" Style="" RecommendChannel="" RecommendValue="" GroupChannel="" DataType="0" Caption="" RelationChannelID="0"/>
          <field Name="DocFrom" GroupID="6284" IsHide="1" DisableBlank="0" DisableEdit="0" Description="文章来源" FieldType="text" Options="" DefaultValue="" Other="" HtmlTemplate="" DictCode="" Size="0" Style="" RecommendChannel="" RecommendValue="" GroupChannel="" DataType="0" Caption="" RelationChannelID="0"/>
          <field Name="IsPhotoNews" GroupID="6284" IsHide="1" DisableBlank="0" DisableEdit="0" Description="图片新闻" FieldType="checkbox" Options="" DefaultValue="" Other="" HtmlTemplate="" DictCode="" Size="0" Style="" RecommendChannel="" RecommendValue="" GroupChannel="" DataType="0" Caption="" RelationChannelID="0"/>
          <field Name="Summary" GroupID="6284" IsHide="1" DisableBlank="0" DisableEdit="0" Description="摘要" FieldType="textarea" Options="" DefaultValue="" Other="" HtmlTemplate="" DictCode="" Size="0" Style="" RecommendChannel="" RecommendValue="" GroupChannel="" DataType="0" Caption="" RelationChannelID="0"/>
          <field Name="Content" GroupID="6284" IsHide="1" DisableBlank="0" DisableEdit="0" Description="内容" FieldType="textarea" Options="" DefaultValue="" Other="" HtmlTemplate="" DictCode="" Size="0" Style="" RecommendChannel="" RecommendValue="" GroupChannel="" DataType="0" Caption="" RelationChannelID="0"/>
          <field Name="Photo" GroupID="6284" IsHide="1" DisableBlank="0" DisableEdit="0" Description="图片" FieldType="image" Options="" DefaultValue="" Other="" HtmlTemplate="" DictCode="" Size="0" Style="" RecommendChannel="" RecommendValue="" GroupChannel="" DataType="0" Caption="" RelationChannelID="0"/>
          <field Name="Keyword" GroupID="0" IsHide="1" DisableBlank="0" DisableEdit="0" Description="关键词" FieldType="text" Options="" DefaultValue="" Other="" HtmlTemplate="" DictCode="" Size="0" Style="" RecommendChannel="" RecommendValue="" GroupChannel="" DataType="0" Caption="" RelationChannelID="0"/>
          <field Name="Tag" GroupID="0" IsHide="1" DisableBlank="0" DisableEdit="0" Description="标签" FieldType="text" Options="" DefaultValue="" Other="" HtmlTemplate="" DictCode="" Size="0" Style="" RecommendChannel="" RecommendValue="" GroupChannel="" DataType="0" Caption="" RelationChannelID="0"/>
          <field Name="SetPublishDate" GroupID="0" IsHide="1" DisableBlank="0" DisableEdit="0" Description="定时发布" FieldType="text" Options="" DefaultValue="" Other="" HtmlTemplate="" DictCode="" Size="0" Style="" RecommendChannel="" RecommendValue="" GroupChannel="" DataType="0" Caption="" RelationChannelID="0"/>
          <field Name="userid" GroupID="6284" IsHide="0" DisableBlank="0" DisableEdit="0" Description="用户编号" FieldType="number" Options="" DefaultValue="" Other="" HtmlTemplate="" DictCode="" Size="0" Style="" RecommendChannel="" RecommendValue="" GroupChannel="" DataType="0" Caption="" RelationChannelID="0"/>
          <field Name="docid" GroupID="6284" IsHide="0" DisableBlank="0" DisableEdit="0" Description="文章编号" FieldType="number" Options="" DefaultValue="" Other="" HtmlTemplate="" DictCode="" Size="0" Style="" RecommendChannel="" RecommendValue="" GroupChannel="" DataType="0" Caption="" RelationChannelID="0"/>
          <field Name="link" GroupID="6284" IsHide="0" DisableBlank="0" DisableEdit="0" Description="文章链接" FieldType="text" Options="" DefaultValue="" Other="" HtmlTemplate="" DictCode="" Size="0" Style="" RecommendChannel="" RecommendValue="" GroupChannel="" DataType="0" Caption="" RelationChannelID="0"/>
          <field Name="siteflag" GroupID="6284" IsHide="0" DisableBlank="0" DisableEdit="0" Description="客户端归属" FieldType="number" Options="" DefaultValue="" Other="" HtmlTemplate="" DictCode="" Size="0" Style="" RecommendChannel="" RecommendValue="" GroupChannel="" DataType="0" Caption="" RelationChannelID="0"/>
        </fields>
        <templates/>
      </channel>
      <channel ListProgram="" DocumentProgram="" FolderName="a" Type="0" Id="14273" Name="验证码发送记录" ImageFolderName="" SerialNo="code" auto="false" SiteID="53" AutoSerialNo="code_a" IsDisplay="1" IsWeight="0" IsComment="0" IsClick="0" IsShowDraftNumber="0" Href="" Extra1="" ListJS="" DocumentJS="" TemplateInherit="0" Company="0" Application="">
        <fields>
          <group id="6304" Name="内容编辑" Extra="" Url="" LinkChannel="0" Type="0"/>
          <field Name="Title" GroupID="6304" IsHide="0" DisableBlank="0" DisableEdit="0" Description="验证码" FieldType="text" Options="" DefaultValue="" Other="" HtmlTemplate="" DictCode="" Size="0" Style="" RecommendChannel="" RecommendValue="" GroupChannel="" DataType="0" Caption="" RelationChannelID="0"/>
          <field Name="SubTitle" GroupID="6304" IsHide="1" DisableBlank="0" DisableEdit="0" Description="副标题" FieldType="text" Options="" DefaultValue="" Other="" HtmlTemplate="" DictCode="" Size="0" Style="" RecommendChannel="" RecommendValue="" GroupChannel="" DataType="0" Caption="" RelationChannelID="0"/>
          <field Name="PublishDate" GroupID="0" IsHide="0" DisableBlank="0" DisableEdit="0" Description="发布日期" FieldType="datetime" Options="" DefaultValue="" Other="" HtmlTemplate="" DictCode="" Size="0" Style="" RecommendChannel="" RecommendValue="" GroupChannel="" DataType="0" Caption="" RelationChannelID="0"/>
          <field Name="Weight" GroupID="0" IsHide="1" DisableBlank="0" DisableEdit="0" Description="权重" FieldType="text" Options="" DefaultValue="" Other="" HtmlTemplate="" DictCode="" Size="0" Style="" RecommendChannel="" RecommendValue="" GroupChannel="" DataType="0" Caption="" RelationChannelID="0"/>
          <field Name="DocFrom" GroupID="6304" IsHide="1" DisableBlank="0" DisableEdit="0" Description="文章来源" FieldType="text" Options="" DefaultValue="" Other="" HtmlTemplate="" DictCode="" Size="0" Style="" RecommendChannel="" RecommendValue="" GroupChannel="" DataType="0" Caption="" RelationChannelID="0"/>
          <field Name="IsPhotoNews" GroupID="6304" IsHide="1" DisableBlank="0" DisableEdit="0" Description="图片新闻" FieldType="checkbox" Options="" DefaultValue="" Other="" HtmlTemplate="" DictCode="" Size="0" Style="" RecommendChannel="" RecommendValue="" GroupChannel="" DataType="0" Caption="" RelationChannelID="0"/>
          <field Name="Summary" GroupID="6304" IsHide="1" DisableBlank="0" DisableEdit="0" Description="摘要" FieldType="textarea" Options="" DefaultValue="" Other="" HtmlTemplate="" DictCode="" Size="0" Style="" RecommendChannel="" RecommendValue="" GroupChannel="" DataType="0" Caption="" RelationChannelID="0"/>
          <field Name="Content" GroupID="6304" IsHide="1" DisableBlank="0" DisableEdit="0" Description="内容" FieldType="textarea" Options="" DefaultValue="" Other="" HtmlTemplate="" DictCode="" Size="0" Style="" RecommendChannel="" RecommendValue="" GroupChannel="" DataType="0" Caption="" RelationChannelID="0"/>
          <field Name="Photo" GroupID="6304" IsHide="1" DisableBlank="0" DisableEdit="0" Description="图片" FieldType="image" Options="" DefaultValue="" Other="" HtmlTemplate="" DictCode="" Size="0" Style="" RecommendChannel="" RecommendValue="" GroupChannel="" DataType="0" Caption="" RelationChannelID="0"/>
          <field Name="Keyword" GroupID="0" IsHide="1" DisableBlank="0" DisableEdit="0" Description="关键词" FieldType="text" Options="" DefaultValue="" Other="" HtmlTemplate="" DictCode="" Size="0" Style="" RecommendChannel="" RecommendValue="" GroupChannel="" DataType="0" Caption="" RelationChannelID="0"/>
          <field Name="Tag" GroupID="0" IsHide="1" DisableBlank="0" DisableEdit="0" Description="标签" FieldType="text" Options="" DefaultValue="" Other="" HtmlTemplate="" DictCode="" Size="0" Style="" RecommendChannel="" RecommendValue="" GroupChannel="" DataType="0" Caption="" RelationChannelID="0"/>
          <field Name="SetPublishDate" GroupID="0" IsHide="1" DisableBlank="0" DisableEdit="0" Description="定时发布" FieldType="text" Options="" DefaultValue="" Other="" HtmlTemplate="" DictCode="" Size="0" Style="" RecommendChannel="" RecommendValue="" GroupChannel="" DataType="0" Caption="" RelationChannelID="0"/>
          <field Name="Time" GroupID="6304" IsHide="0" DisableBlank="0" DisableEdit="0" Description="生成时间" FieldType="text" Options="" DefaultValue="" Other="" HtmlTemplate="" DictCode="" Size="0" Style="" RecommendChannel="" RecommendValue="" GroupChannel="" DataType="0" Caption="" RelationChannelID="0"/>
          <field Name="Tel" GroupID="6304" IsHide="0" DisableBlank="0" DisableEdit="0" Description="接收手机" FieldType="text" Options="" DefaultValue="" Other="" HtmlTemplate="" DictCode="" Size="0" Style="" RecommendChannel="" RecommendValue="" GroupChannel="" DataType="0" Caption="" RelationChannelID="0"/>
          <field Name="siteflag" GroupID="6304" IsHide="0" DisableBlank="0" DisableEdit="0" Description="客户端归属" FieldType="number" Options="" DefaultValue="" Other="" HtmlTemplate="" DictCode="" Size="0" Style="" RecommendChannel="" RecommendValue="" GroupChannel="" DataType="0" Caption="" RelationChannelID="0"/>
        </fields>
        <templates/>
      </channel>
      <channel ListProgram="" DocumentProgram="" FolderName="a" Type="0" Id="14331" Name="好友关注记录" ImageFolderName="" SerialNo="community_userwatch" auto="false" SiteID="53" AutoSerialNo="community_userwatch_a" IsDisplay="1" IsWeight="0" IsComment="0" IsClick="0" IsShowDraftNumber="0" Href="" Extra1="" ListJS="" DocumentJS="" TemplateInherit="0" Company="0" Application="">
        <fields>
          <group id="6365" Name="内容编辑" Extra="" Url="" LinkChannel="0" Type="0"/>
          <field Name="Title" GroupID="6365" IsHide="0" DisableBlank="0" DisableEdit="0" Description="用户昵称" FieldType="text" Options="" DefaultValue="" Other="" HtmlTemplate="" DictCode="" Size="0" Style="" RecommendChannel="" RecommendValue="" GroupChannel="" DataType="0" Caption="" RelationChannelID="0"/>
          <field Name="SubTitle" GroupID="6365" IsHide="1" DisableBlank="0" DisableEdit="0" Description="副标题" FieldType="text" Options="" DefaultValue="" Other="" HtmlTemplate="" DictCode="" Size="0" Style="" RecommendChannel="" RecommendValue="" GroupChannel="" DataType="0" Caption="" RelationChannelID="0"/>
          <field Name="PublishDate" GroupID="0" IsHide="1" DisableBlank="0" DisableEdit="0" Description="发布日期" FieldType="datetime" Options="" DefaultValue="" Other="" HtmlTemplate="" DictCode="" Size="0" Style="" RecommendChannel="" RecommendValue="" GroupChannel="" DataType="0" Caption="" RelationChannelID="0"/>
          <field Name="Weight" GroupID="0" IsHide="1" DisableBlank="0" DisableEdit="0" Description="权重" FieldType="text" Options="" DefaultValue="" Other="" HtmlTemplate="" DictCode="" Size="0" Style="" RecommendChannel="" RecommendValue="" GroupChannel="" DataType="0" Caption="" RelationChannelID="0"/>
          <field Name="DocFrom" GroupID="0" IsHide="1" DisableBlank="0" DisableEdit="0" Description="文章来源" FieldType="text" Options="" DefaultValue="" Other="" HtmlTemplate="" DictCode="" Size="0" Style="" RecommendChannel="" RecommendValue="" GroupChannel="" DataType="0" Caption="" RelationChannelID="0"/>
          <field Name="IsPhotoNews" GroupID="0" IsHide="1" DisableBlank="0" DisableEdit="0" Description="图片新闻" FieldType="checkbox" Options="" DefaultValue="" Other="" HtmlTemplate="" DictCode="" Size="0" Style="" RecommendChannel="" RecommendValue="" GroupChannel="" DataType="0" Caption="" RelationChannelID="0"/>
          <field Name="Summary" GroupID="0" IsHide="1" DisableBlank="0" DisableEdit="0" Description="摘要" FieldType="textarea" Options="" DefaultValue="" Other="" HtmlTemplate="" DictCode="" Size="0" Style="" RecommendChannel="" RecommendValue="" GroupChannel="" DataType="0" Caption="" RelationChannelID="0"/>
          <field Name="userid" GroupID="6365" IsHide="0" DisableBlank="0" DisableEdit="0" Description="关注发起方用户编号" FieldType="number" Options="" DefaultValue="0" Other="" HtmlTemplate="" DictCode="" Size="0" Style="" RecommendChannel="" RecommendValue="" GroupChannel="" DataType="0" Caption="" RelationChannelID="0"/>
          <field Name="bewatchuserid" GroupID="6365" IsHide="0" DisableBlank="0" DisableEdit="0" Description="被关注用户编号" FieldType="number" Options="" DefaultValue="0" Other="" HtmlTemplate="" DictCode="" Size="0" Style="" RecommendChannel="" RecommendValue="" GroupChannel="" DataType="0" Caption="" RelationChannelID="0"/>
          <field Name="Content" GroupID="6365" IsHide="1" DisableBlank="0" DisableEdit="0" Description="内容" FieldType="textarea" Options="" DefaultValue="" Other="" HtmlTemplate="" DictCode="" Size="0" Style="" RecommendChannel="" RecommendValue="" GroupChannel="" DataType="0" Caption="" RelationChannelID="0"/>
          <field Name="Photo" GroupID="0" IsHide="1" DisableBlank="0" DisableEdit="0" Description="图片" FieldType="image" Options="" DefaultValue="" Other="" HtmlTemplate="" DictCode="" Size="0" Style="" RecommendChannel="" RecommendValue="" GroupChannel="" DataType="0" Caption="" RelationChannelID="0"/>
          <field Name="Keyword" GroupID="0" IsHide="1" DisableBlank="0" DisableEdit="0" Description="关键词" FieldType="text" Options="" DefaultValue="" Other="" HtmlTemplate="" DictCode="" Size="0" Style="" RecommendChannel="" RecommendValue="" GroupChannel="" DataType="0" Caption="" RelationChannelID="0"/>
          <field Name="Tag" GroupID="0" IsHide="1" DisableBlank="0" DisableEdit="0" Description="标签" FieldType="text" Options="" DefaultValue="" Other="" HtmlTemplate="" DictCode="" Size="0" Style="" RecommendChannel="" RecommendValue="" GroupChannel="" DataType="0" Caption="" RelationChannelID="0"/>
          <field Name="SetPublishDate" GroupID="0" IsHide="1" DisableBlank="0" DisableEdit="0" Description="定时发布" FieldType="text" Options="" DefaultValue="" Other="" HtmlTemplate="" DictCode="" Size="0" Style="" RecommendChannel="" RecommendValue="" GroupChannel="" DataType="0" Caption="" RelationChannelID="0"/>
          <field Name="siteflag" GroupID="6365" IsHide="0" DisableBlank="0" DisableEdit="0" Description="客户端归属" FieldType="number" Options="" DefaultValue="0" Other="" HtmlTemplate="" DictCode="" Size="0" Style="" RecommendChannel="" RecommendValue="" GroupChannel="" DataType="0" Caption="" RelationChannelID="0"/>
          <field Name="readstatus" GroupID="6365" IsHide="0" DisableBlank="0" DisableEdit="0" Description="已读状态" FieldType="radio" Options="未读(0)$tidemedia$已读(1)$tidemedia$" DefaultValue="0" Other="" HtmlTemplate="" DictCode="" Size="0" Style="" RecommendChannel="" RecommendValue="" GroupChannel="" DataType="1" Caption="" RelationChannelID="0"/>
          <field Name="becompanyid" GroupID="6365" IsHide="0" DisableBlank="0" DisableEdit="0" Description="关注企业编号" FieldType="number" Options="" DefaultValue="0" Other="" HtmlTemplate="" DictCode="" Size="0" Style="" RecommendChannel="" RecommendValue="" GroupChannel="" DataType="0" Caption="" RelationChannelID="0"/>
        </fields>
        <templates/>
      </channel>
      <channel ListProgram="" DocumentProgram="" FolderName="d" Type="0" Id="15932" Name="社区消息记录" ImageFolderName="" SerialNo="community_s53_message" auto="false" SiteID="53" AutoSerialNo="community_s53_message_a" IsDisplay="1" IsWeight="0" IsComment="0" IsClick="0" IsShowDraftNumber="0" Href="" Extra1="" ListJS="" DocumentJS="" TemplateInherit="0" Company="0" Application="">
        <fields>
          <group id="8469" Name="内容编辑" Extra="" Url="" LinkChannel="0" Type="0"/>
          <field Name="Title" GroupID="8469" IsHide="0" DisableBlank="0" DisableEdit="0" Description="消息功能" FieldType="text" Options="" DefaultValue="" Other="" HtmlTemplate="" DictCode="" Size="0" Style="" RecommendChannel="" RecommendValue="" GroupChannel="" DataType="0" Caption="" RelationChannelID="0"/>
          <field Name="PublishDate" GroupID="0" IsHide="0" DisableBlank="0" DisableEdit="0" Description="发布日期" FieldType="datetime" Options="" DefaultValue="" Other="" HtmlTemplate="" DictCode="" Size="0" Style="" RecommendChannel="" RecommendValue="" GroupChannel="" DataType="0" Caption="" RelationChannelID="0"/>
          <field Name="messagetype" GroupID="8469" IsHide="0" DisableBlank="0" DisableEdit="0" Description="消息类型" FieldType="radio" Options="粉丝通知(1)$tidemedia$钱包通知(2)$tidemedia$点赞通知(3)$tidemedia$评论通知(4)$tidemedia$" DefaultValue="" Other="null" HtmlTemplate="" DictCode="" Size="0" Style="" RecommendChannel="" RecommendValue="" GroupChannel="" DataType="1" Caption="" RelationChannelID="0"/>
          <field Name="Photo" GroupID="0" IsHide="0" DisableBlank="0" DisableEdit="0" Description="已读消息图标" FieldType="image" Options="" DefaultValue="" Other="" HtmlTemplate="" DictCode="" Size="0" Style="" RecommendChannel="" RecommendValue="" GroupChannel="" DataType="0" Caption="" RelationChannelID="0"/>
          <field Name="Photo2" GroupID="8469" IsHide="0" DisableBlank="0" DisableEdit="0" Description="未读消息图标" FieldType="image" Options="" DefaultValue="" Other="null" HtmlTemplate="" DictCode="" Size="0" Style="null" RecommendChannel="" RecommendValue="" GroupChannel="" DataType="0" Caption="" RelationChannelID="0"/>
          <field Name="SubTitle" GroupID="8469" IsHide="1" DisableBlank="0" DisableEdit="0" Description="副标题" FieldType="text" Options="" DefaultValue="" Other="" HtmlTemplate="" DictCode="" Size="0" Style="" RecommendChannel="" RecommendValue="" GroupChannel="" DataType="0" Caption="" RelationChannelID="0"/>
          <field Name="Weight" GroupID="0" IsHide="1" DisableBlank="0" DisableEdit="0" Description="权重" FieldType="text" Options="" DefaultValue="" Other="" HtmlTemplate="" DictCode="" Size="0" Style="" RecommendChannel="" RecommendValue="" GroupChannel="" DataType="0" Caption="" RelationChannelID="0"/>
          <field Name="DocFrom" GroupID="0" IsHide="1" DisableBlank="0" DisableEdit="0" Description="文章来源" FieldType="text" Options="" DefaultValue="" Other="" HtmlTemplate="" DictCode="" Size="0" Style="" RecommendChannel="" RecommendValue="" GroupChannel="" DataType="0" Caption="" RelationChannelID="0"/>
          <field Name="IsPhotoNews" GroupID="0" IsHide="1" DisableBlank="0" DisableEdit="0" Description="图片新闻" FieldType="checkbox" Options="" DefaultValue="" Other="" HtmlTemplate="" DictCode="" Size="0" Style="" RecommendChannel="" RecommendValue="" GroupChannel="" DataType="0" Caption="" RelationChannelID="0"/>
          <field Name="Summary" GroupID="0" IsHide="1" DisableBlank="0" DisableEdit="0" Description="摘要" FieldType="textarea" Options="" DefaultValue="" Other="" HtmlTemplate="" DictCode="" Size="0" Style="" RecommendChannel="" RecommendValue="" GroupChannel="" DataType="0" Caption="" RelationChannelID="0"/>
          <field Name="Content" GroupID="8469" IsHide="1" DisableBlank="0" DisableEdit="0" Description="内容" FieldType="textarea" Options="" DefaultValue="" Other="" HtmlTemplate="" DictCode="" Size="0" Style="" RecommendChannel="" RecommendValue="" GroupChannel="" DataType="0" Caption="" RelationChannelID="0"/>
          <field Name="Keyword" GroupID="0" IsHide="1" DisableBlank="0" DisableEdit="0" Description="关键词" FieldType="text" Options="" DefaultValue="" Other="" HtmlTemplate="" DictCode="" Size="0" Style="" RecommendChannel="" RecommendValue="" GroupChannel="" DataType="0" Caption="" RelationChannelID="0"/>
          <field Name="Tag" GroupID="0" IsHide="1" DisableBlank="0" DisableEdit="0" Description="标签" FieldType="text" Options="" DefaultValue="" Other="" HtmlTemplate="" DictCode="" Size="0" Style="" RecommendChannel="" RecommendValue="" GroupChannel="" DataType="0" Caption="" RelationChannelID="0"/>
          <field Name="SetPublishDate" GroupID="0" IsHide="1" DisableBlank="0" DisableEdit="0" Description="定时发布" FieldType="text" Options="" DefaultValue="" Other="" HtmlTemplate="" DictCode="" Size="0" Style="" RecommendChannel="" RecommendValue="" GroupChannel="" DataType="0" Caption="" RelationChannelID="0"/>
        </fields>
        <templates/>
      </channel>
      <channel ListProgram="" DocumentProgram="" FolderName="d" Type="0" Id="15931" Name="社区积分记录" ImageFolderName="" SerialNo="community_s53_score" auto="false" SiteID="53" AutoSerialNo="community_s53_score_a" IsDisplay="1" IsWeight="0" IsComment="0" IsClick="0" IsShowDraftNumber="0" Href="" Extra1="" ListJS="" DocumentJS="" TemplateInherit="0" Company="0" Application="">
        <fields>
          <group id="8467" Name="内容编辑" Extra="" Url="" LinkChannel="0" Type="0"/>
          <field Name="Title" GroupID="8467" IsHide="0" DisableBlank="0" DisableEdit="0" Description="操作" FieldType="text" Options="" DefaultValue="" Other="" HtmlTemplate="" DictCode="" Size="0" Style="" RecommendChannel="" RecommendValue="" GroupChannel="" DataType="0" Caption="" RelationChannelID="0"/>
          <field Name="SubTitle" GroupID="8467" IsHide="1" DisableBlank="0" DisableEdit="0" Description="副标题" FieldType="text" Options="" DefaultValue="" Other="" HtmlTemplate="" DictCode="" Size="0" Style="" RecommendChannel="" RecommendValue="" GroupChannel="" DataType="0" Caption="" RelationChannelID="0"/>
          <field Name="PublishDate" GroupID="0" IsHide="0" DisableBlank="0" DisableEdit="0" Description="发布日期" FieldType="datetime" Options="" DefaultValue="" Other="" HtmlTemplate="" DictCode="" Size="0" Style="" RecommendChannel="" RecommendValue="" GroupChannel="" DataType="0" Caption="" RelationChannelID="0"/>
          <field Name="Weight" GroupID="0" IsHide="1" DisableBlank="0" DisableEdit="0" Description="权重" FieldType="text" Options="" DefaultValue="" Other="" HtmlTemplate="" DictCode="" Size="0" Style="" RecommendChannel="" RecommendValue="" GroupChannel="" DataType="0" Caption="" RelationChannelID="0"/>
          <field Name="DocFrom" GroupID="0" IsHide="1" DisableBlank="0" DisableEdit="0" Description="文章来源" FieldType="text" Options="" DefaultValue="" Other="" HtmlTemplate="" DictCode="" Size="0" Style="" RecommendChannel="" RecommendValue="" GroupChannel="" DataType="0" Caption="" RelationChannelID="0"/>
          <field Name="IsPhotoNews" GroupID="0" IsHide="1" DisableBlank="0" DisableEdit="0" Description="图片新闻" FieldType="checkbox" Options="" DefaultValue="" Other="" HtmlTemplate="" DictCode="" Size="0" Style="" RecommendChannel="" RecommendValue="" GroupChannel="" DataType="0" Caption="" RelationChannelID="0"/>
          <field Name="Summary" GroupID="0" IsHide="1" DisableBlank="0" DisableEdit="0" Description="摘要" FieldType="textarea" Options="" DefaultValue="" Other="" HtmlTemplate="" DictCode="" Size="0" Style="" RecommendChannel="" RecommendValue="" GroupChannel="" DataType="0" Caption="" RelationChannelID="0"/>
          <field Name="Content" GroupID="8467" IsHide="1" DisableBlank="0" DisableEdit="0" Description="内容" FieldType="textarea" Options="" DefaultValue="" Other="" HtmlTemplate="" DictCode="" Size="0" Style="" RecommendChannel="" RecommendValue="" GroupChannel="" DataType="0" Caption="" RelationChannelID="0"/>
          <field Name="Photo" GroupID="0" IsHide="1" DisableBlank="0" DisableEdit="0" Description="图片" FieldType="image" Options="" DefaultValue="" Other="" HtmlTemplate="" DictCode="" Size="0" Style="" RecommendChannel="" RecommendValue="" GroupChannel="" DataType="0" Caption="" RelationChannelID="0"/>
          <field Name="Keyword" GroupID="0" IsHide="1" DisableBlank="0" DisableEdit="0" Description="关键词" FieldType="text" Options="" DefaultValue="" Other="" HtmlTemplate="" DictCode="" Size="0" Style="" RecommendChannel="" RecommendValue="" GroupChannel="" DataType="0" Caption="" RelationChannelID="0"/>
          <field Name="Tag" GroupID="0" IsHide="1" DisableBlank="0" DisableEdit="0" Description="标签" FieldType="text" Options="" DefaultValue="" Other="" HtmlTemplate="" DictCode="" Size="0" Style="" RecommendChannel="" RecommendValue="" GroupChannel="" DataType="0" Caption="" RelationChannelID="0"/>
          <field Name="SetPublishDate" GroupID="0" IsHide="1" DisableBlank="0" DisableEdit="0" Description="定时发布" FieldType="text" Options="" DefaultValue="" Other="" HtmlTemplate="" DictCode="" Size="0" Style="" RecommendChannel="" RecommendValue="" GroupChannel="" DataType="0" Caption="" RelationChannelID="0"/>
          <field Name="ruletype" GroupID="8467" IsHide="0" DisableBlank="0" DisableEdit="0" Description="操作类型" FieldType="radio" Options="签到(1)$tidemedia$发帖(2)$tidemedia$分享(3)$tidemedia$评论(4)$tidemedia$点赞(5)$tidemedia$被分享(6)$tidemedia$" DefaultValue="" Other="null" HtmlTemplate="" DictCode="" Size="0" Style="null" RecommendChannel="" RecommendValue="" GroupChannel="" DataType="1" Caption="" RelationChannelID="0"/>
          <field Name="userid" GroupID="8467" IsHide="0" DisableBlank="0" DisableEdit="0" Description="操作人用户编号" FieldType="number" Options="" DefaultValue="" Other="null" HtmlTemplate="" DictCode="" Size="0" Style="null" RecommendChannel="" RecommendValue="" GroupChannel="" DataType="0" Caption="" RelationChannelID="0"/>
          <field Name="beuserid" GroupID="8467" IsHide="0" DisableBlank="0" DisableEdit="0" Description="目标用户编号" FieldType="number" Options="" DefaultValue="" Other="null" HtmlTemplate="" DictCode="" Size="0" Style="null" RecommendChannel="" RecommendValue="" GroupChannel="" DataType="0" Caption="" RelationChannelID="0"/>
          <field Name="score" GroupID="8467" IsHide="0" DisableBlank="0" DisableEdit="0" Description="分数" FieldType="number" Options="" DefaultValue="" Other="null" HtmlTemplate="" DictCode="" Size="0" Style="null" RecommendChannel="" RecommendValue="" GroupChannel="" DataType="0" Caption="" RelationChannelID="0"/>
          <field Name="docid" GroupID="8467" IsHide="0" DisableBlank="0" DisableEdit="0" Description="相关帖子编号(与文章相关时录入)" FieldType="number" Options="" DefaultValue="" Other="null" HtmlTemplate="" DictCode="" Size="0" Style="null" RecommendChannel="" RecommendValue="" GroupChannel="" DataType="0" Caption="" RelationChannelID="0"/>
          <field Name="readstatus" GroupID="8467" IsHide="0" DisableBlank="0" DisableEdit="0" Description="已读状态" FieldType="radio" Options="未读(0)$tidemedia$已读(1)$tidemedia$" DefaultValue="0" Other="null" HtmlTemplate="" DictCode="" Size="0" Style="null" RecommendChannel="" RecommendValue="" GroupChannel="" DataType="1" Caption="" RelationChannelID="0"/>
        </fields>
        <templates/>
      </channel>
      <channel ListProgram="" DocumentProgram="" FolderName="a" Type="0" Id="14315" Name="社区话题点赞记录" ImageFolderName="" SerialNo="community_zan" auto="false" SiteID="53" AutoSerialNo="community_zan_a" IsDisplay="1" IsWeight="0" IsComment="0" IsClick="0" IsShowDraftNumber="0" Href="" Extra1="" ListJS="" DocumentJS="" TemplateInherit="0" Company="0" Application="">
        <fields>
          <group id="6348" Name="内容编辑" Extra="" Url="" LinkChannel="0" Type="0"/>
          <field Name="Title" GroupID="6348" IsHide="0" DisableBlank="0" DisableEdit="0" Description="标题" FieldType="text" Options="" DefaultValue="" Other="" HtmlTemplate="" DictCode="" Size="0" Style="" RecommendChannel="" RecommendValue="" GroupChannel="" DataType="0" Caption="" RelationChannelID="0"/>
          <field Name="SubTitle" GroupID="6348" IsHide="1" DisableBlank="0" DisableEdit="0" Description="副标题" FieldType="text" Options="" DefaultValue="" Other="" HtmlTemplate="" DictCode="" Size="0" Style="" RecommendChannel="" RecommendValue="" GroupChannel="" DataType="0" Caption="" RelationChannelID="0"/>
          <field Name="PublishDate" GroupID="0" IsHide="1" DisableBlank="0" DisableEdit="0" Description="发布日期" FieldType="datetime" Options="" DefaultValue="" Other="" HtmlTemplate="" DictCode="" Size="0" Style="" RecommendChannel="" RecommendValue="" GroupChannel="" DataType="0" Caption="" RelationChannelID="0"/>
          <field Name="Weight" GroupID="0" IsHide="1" DisableBlank="0" DisableEdit="0" Description="权重" FieldType="text" Options="" DefaultValue="" Other="" HtmlTemplate="" DictCode="" Size="0" Style="" RecommendChannel="" RecommendValue="" GroupChannel="" DataType="0" Caption="" RelationChannelID="0"/>
          <field Name="DocFrom" GroupID="0" IsHide="1" DisableBlank="0" DisableEdit="0" Description="文章来源" FieldType="text" Options="" DefaultValue="" Other="" HtmlTemplate="" DictCode="" Size="0" Style="" RecommendChannel="" RecommendValue="" GroupChannel="" DataType="0" Caption="" RelationChannelID="0"/>
          <field Name="IsPhotoNews" GroupID="0" IsHide="1" DisableBlank="0" DisableEdit="0" Description="图片新闻" FieldType="checkbox" Options="" DefaultValue="" Other="" HtmlTemplate="" DictCode="" Size="0" Style="" RecommendChannel="" RecommendValue="" GroupChannel="" DataType="0" Caption="" RelationChannelID="0"/>
          <field Name="Summary" GroupID="0" IsHide="1" DisableBlank="0" DisableEdit="0" Description="摘要" FieldType="textarea" Options="" DefaultValue="" Other="" HtmlTemplate="" DictCode="" Size="0" Style="" RecommendChannel="" RecommendValue="" GroupChannel="" DataType="0" Caption="" RelationChannelID="0"/>
          <field Name="Content" GroupID="6348" IsHide="1" DisableBlank="0" DisableEdit="0" Description="内容" FieldType="textarea" Options="" DefaultValue="" Other="" HtmlTemplate="" DictCode="" Size="0" Style="" RecommendChannel="" RecommendValue="" GroupChannel="" DataType="0" Caption="" RelationChannelID="0"/>
          <field Name="Photo" GroupID="0" IsHide="1" DisableBlank="0" DisableEdit="0" Description="图片" FieldType="image" Options="" DefaultValue="" Other="" HtmlTemplate="" DictCode="" Size="0" Style="" RecommendChannel="" RecommendValue="" GroupChannel="" DataType="0" Caption="" RelationChannelID="0"/>
          <field Name="Keyword" GroupID="0" IsHide="1" DisableBlank="0" DisableEdit="0" Description="关键词" FieldType="text" Options="" DefaultValue="" Other="" HtmlTemplate="" DictCode="" Size="0" Style="" RecommendChannel="" RecommendValue="" GroupChannel="" DataType="0" Caption="" RelationChannelID="0"/>
          <field Name="Tag" GroupID="0" IsHide="1" DisableBlank="0" DisableEdit="0" Description="标签" FieldType="text" Options="" DefaultValue="" Other="" HtmlTemplate="" DictCode="" Size="0" Style="" RecommendChannel="" RecommendValue="" GroupChannel="" DataType="0" Caption="" RelationChannelID="0"/>
          <field Name="SetPublishDate" GroupID="0" IsHide="1" DisableBlank="0" DisableEdit="0" Description="定时发布" FieldType="text" Options="" DefaultValue="" Other="" HtmlTemplate="" DictCode="" Size="0" Style="" RecommendChannel="" RecommendValue="" GroupChannel="" DataType="0" Caption="" RelationChannelID="0"/>
          <field Name="userid" GroupID="6348" IsHide="0" DisableBlank="0" DisableEdit="0" Description="用户编号" FieldType="number" Options="" DefaultValue="" Other="" HtmlTemplate="" DictCode="" Size="0" Style="" RecommendChannel="" RecommendValue="" GroupChannel="" DataType="0" Caption="" RelationChannelID="0"/>
          <field Name="docid" GroupID="6348" IsHide="0" DisableBlank="0" DisableEdit="0" Description="文章编号" FieldType="number" Options="" DefaultValue="" Other="" HtmlTemplate="" DictCode="" Size="0" Style="" RecommendChannel="" RecommendValue="" GroupChannel="" DataType="0" Caption="" RelationChannelID="0"/>
          <field Name="deviceid" GroupID="6348" IsHide="0" DisableBlank="0" DisableEdit="0" Description="设备编号" FieldType="text" Options="" DefaultValue="" Other="" HtmlTemplate="" DictCode="" Size="0" Style="" RecommendChannel="" RecommendValue="" GroupChannel="" DataType="0" Caption="" RelationChannelID="0"/>
          <field Name="siteflag" GroupID="6348" IsHide="0" DisableBlank="0" DisableEdit="0" Description="客户端归属" FieldType="number" Options="" DefaultValue="" Other="" HtmlTemplate="" DictCode="" Size="0" Style="" RecommendChannel="" RecommendValue="" GroupChannel="" DataType="0" Caption="" RelationChannelID="0"/>
          <field Name="targetuserid" GroupID="6348" IsHide="0" DisableBlank="0" DisableEdit="0" Description="目标用户编号" FieldType="number" Options="" DefaultValue="0" Other="" HtmlTemplate="" DictCode="" Size="0" Style="" RecommendChannel="" RecommendValue="" GroupChannel="" DataType="0" Caption="" RelationChannelID="0"/>
          <field Name="readstatus" GroupID="6348" IsHide="0" DisableBlank="0" DisableEdit="0" Description="已读状态" FieldType="radio" Options="未读(0)$tidemedia$已读(1)$tidemedia$" DefaultValue="0" Other="" HtmlTemplate="" DictCode="" Size="0" Style="" RecommendChannel="" RecommendValue="" GroupChannel="" DataType="1" Caption="" RelationChannelID="0"/>
        </fields>
        <templates/>
      </channel>
      <channel ListProgram="" DocumentProgram="" FolderName="a" Type="0" Id="14323" Name="社区话题关注记录" ImageFolderName="" SerialNo="community_watch" auto="false" SiteID="53" AutoSerialNo="community_watch_a" IsDisplay="1" IsWeight="0" IsComment="0" IsClick="0" IsShowDraftNumber="0" Href="" Extra1="" ListJS="" DocumentJS="" TemplateInherit="0" Company="0" Application="">
        <fields>
          <group id="6359" Name="内容编辑" Extra="" Url="" LinkChannel="0" Type="0"/>
          <field Name="Title" GroupID="6359" IsHide="0" DisableBlank="0" DisableEdit="0" Description="话题分类名称" FieldType="text" Options="" DefaultValue="" Other="" HtmlTemplate="" DictCode="" Size="0" Style="" RecommendChannel="" RecommendValue="" GroupChannel="" DataType="0" Caption="" RelationChannelID="0"/>
          <field Name="SubTitle" GroupID="6359" IsHide="1" DisableBlank="0" DisableEdit="0" Description="副标题" FieldType="text" Options="" DefaultValue="" Other="" HtmlTemplate="" DictCode="" Size="0" Style="" RecommendChannel="" RecommendValue="" GroupChannel="" DataType="0" Caption="" RelationChannelID="0"/>
          <field Name="PublishDate" GroupID="0" IsHide="1" DisableBlank="0" DisableEdit="0" Description="发布日期" FieldType="datetime" Options="" DefaultValue="" Other="" HtmlTemplate="" DictCode="" Size="0" Style="" RecommendChannel="" RecommendValue="" GroupChannel="" DataType="0" Caption="" RelationChannelID="0"/>
          <field Name="Weight" GroupID="0" IsHide="1" DisableBlank="0" DisableEdit="0" Description="权重" FieldType="text" Options="" DefaultValue="" Other="" HtmlTemplate="" DictCode="" Size="0" Style="" RecommendChannel="" RecommendValue="" GroupChannel="" DataType="0" Caption="" RelationChannelID="0"/>
          <field Name="DocFrom" GroupID="0" IsHide="1" DisableBlank="0" DisableEdit="0" Description="文章来源" FieldType="text" Options="" DefaultValue="" Other="" HtmlTemplate="" DictCode="" Size="0" Style="" RecommendChannel="" RecommendValue="" GroupChannel="" DataType="0" Caption="" RelationChannelID="0"/>
          <field Name="IsPhotoNews" GroupID="0" IsHide="1" DisableBlank="0" DisableEdit="0" Description="图片新闻" FieldType="checkbox" Options="" DefaultValue="" Other="" HtmlTemplate="" DictCode="" Size="0" Style="" RecommendChannel="" RecommendValue="" GroupChannel="" DataType="0" Caption="" RelationChannelID="0"/>
          <field Name="Summary" GroupID="0" IsHide="1" DisableBlank="0" DisableEdit="0" Description="摘要" FieldType="textarea" Options="" DefaultValue="" Other="" HtmlTemplate="" DictCode="" Size="0" Style="" RecommendChannel="" RecommendValue="" GroupChannel="" DataType="0" Caption="" RelationChannelID="0"/>
          <field Name="Content" GroupID="6359" IsHide="1" DisableBlank="0" DisableEdit="0" Description="内容" FieldType="textarea" Options="" DefaultValue="" Other="" HtmlTemplate="" DictCode="" Size="0" Style="" RecommendChannel="" RecommendValue="" GroupChannel="" DataType="0" Caption="" RelationChannelID="0"/>
          <field Name="Photo" GroupID="0" IsHide="1" DisableBlank="0" DisableEdit="0" Description="图片" FieldType="image" Options="" DefaultValue="" Other="" HtmlTemplate="" DictCode="" Size="0" Style="" RecommendChannel="" RecommendValue="" GroupChannel="" DataType="0" Caption="" RelationChannelID="0"/>
          <field Name="Keyword" GroupID="0" IsHide="1" DisableBlank="0" DisableEdit="0" Description="关键词" FieldType="text" Options="" DefaultValue="" Other="" HtmlTemplate="" DictCode="" Size="0" Style="" RecommendChannel="" RecommendValue="" GroupChannel="" DataType="0" Caption="" RelationChannelID="0"/>
          <field Name="Tag" GroupID="0" IsHide="1" DisableBlank="0" DisableEdit="0" Description="标签" FieldType="text" Options="" DefaultValue="" Other="" HtmlTemplate="" DictCode="" Size="0" Style="" RecommendChannel="" RecommendValue="" GroupChannel="" DataType="0" Caption="" RelationChannelID="0"/>
          <field Name="SetPublishDate" GroupID="0" IsHide="1" DisableBlank="0" DisableEdit="0" Description="定时发布" FieldType="text" Options="" DefaultValue="" Other="" HtmlTemplate="" DictCode="" Size="0" Style="" RecommendChannel="" RecommendValue="" GroupChannel="" DataType="0" Caption="" RelationChannelID="0"/>
          <field Name="userid" GroupID="6359" IsHide="0" DisableBlank="0" DisableEdit="0" Description="用户编号" FieldType="number" Options="" DefaultValue="" Other="" HtmlTemplate="" DictCode="" Size="0" Style="" RecommendChannel="" RecommendValue="" GroupChannel="" DataType="0" Caption="" RelationChannelID="0"/>
          <field Name="topiccategory" GroupID="6359" IsHide="0" DisableBlank="0" DisableEdit="0" Description="话题分类编号" FieldType="number" Options="" DefaultValue="" Other="" HtmlTemplate="" DictCode="" Size="0" Style="" RecommendChannel="" RecommendValue="" GroupChannel="" DataType="0" Caption="" RelationChannelID="0"/>
          <field Name="siteflag" GroupID="6359" IsHide="0" DisableBlank="0" DisableEdit="0" Description="客户端来源" FieldType="number" Options="" DefaultValue="" Other="" HtmlTemplate="" DictCode="" Size="0" Style="" RecommendChannel="" RecommendValue="" GroupChannel="" DataType="0" Caption="" RelationChannelID="0"/>
        </fields>
        <templates/>
      </channel>
      <channel ListProgram="" DocumentProgram="" FolderName="b" Type="0" Id="16098" Name="用户推送删除记录" ImageFolderName="" SerialNo="s53_messagedelete" auto="false" SiteID="53" AutoSerialNo="s53_messagedelete_a" IsDisplay="1" IsWeight="0" IsComment="0" IsClick="0" IsShowDraftNumber="0" Href="" Extra1="" ListJS="" DocumentJS="" TemplateInherit="0" Company="0" Application="">
        <fields>
          <group id="8568" Name="内容编辑" Extra="" Url="" LinkChannel="0" Type="0"/>
          <field Name="Title" GroupID="8568" IsHide="0" DisableBlank="0" DisableEdit="0" Description="用户名称" FieldType="text" Options="" DefaultValue="" Other="" HtmlTemplate="" DictCode="" Size="0" Style="" RecommendChannel="" RecommendValue="" GroupChannel="" DataType="0" Caption="" RelationChannelID="0"/>
          <field Name="SubTitle" GroupID="8568" IsHide="1" DisableBlank="0" DisableEdit="0" Description="副标题" FieldType="text" Options="" DefaultValue="" Other="" HtmlTemplate="" DictCode="" Size="0" Style="" RecommendChannel="" RecommendValue="" GroupChannel="" DataType="0" Caption="" RelationChannelID="0"/>
          <field Name="PublishDate" GroupID="0" IsHide="0" DisableBlank="0" DisableEdit="0" Description="记录创建时间" FieldType="datetime" Options="" DefaultValue="" Other="" HtmlTemplate="" DictCode="" Size="0" Style="" RecommendChannel="" RecommendValue="" GroupChannel="" DataType="0" Caption="" RelationChannelID="0"/>
          <field Name="Weight" GroupID="0" IsHide="1" DisableBlank="0" DisableEdit="0" Description="权重" FieldType="text" Options="" DefaultValue="" Other="" HtmlTemplate="" DictCode="" Size="0" Style="" RecommendChannel="" RecommendValue="" GroupChannel="" DataType="0" Caption="" RelationChannelID="0"/>
          <field Name="DocFrom" GroupID="0" IsHide="1" DisableBlank="0" DisableEdit="0" Description="文章来源" FieldType="text" Options="" DefaultValue="" Other="" HtmlTemplate="" DictCode="" Size="0" Style="" RecommendChannel="" RecommendValue="" GroupChannel="" DataType="0" Caption="" RelationChannelID="0"/>
          <field Name="IsPhotoNews" GroupID="0" IsHide="1" DisableBlank="0" DisableEdit="0" Description="图片新闻" FieldType="checkbox" Options="" DefaultValue="" Other="" HtmlTemplate="" DictCode="" Size="0" Style="" RecommendChannel="" RecommendValue="" GroupChannel="" DataType="0" Caption="" RelationChannelID="0"/>
          <field Name="Summary" GroupID="0" IsHide="1" DisableBlank="0" DisableEdit="0" Description="摘要" FieldType="textarea" Options="" DefaultValue="" Other="" HtmlTemplate="" DictCode="" Size="0" Style="" RecommendChannel="" RecommendValue="" GroupChannel="" DataType="0" Caption="" RelationChannelID="0"/>
          <field Name="Content" GroupID="8568" IsHide="1" DisableBlank="0" DisableEdit="0" Description="内容" FieldType="textarea" Options="" DefaultValue="" Other="" HtmlTemplate="" DictCode="" Size="0" Style="" RecommendChannel="" RecommendValue="" GroupChannel="" DataType="0" Caption="" RelationChannelID="0"/>
          <field Name="Photo" GroupID="0" IsHide="1" DisableBlank="0" DisableEdit="0" Description="图片" FieldType="image" Options="" DefaultValue="" Other="" HtmlTemplate="" DictCode="" Size="0" Style="" RecommendChannel="" RecommendValue="" GroupChannel="" DataType="0" Caption="" RelationChannelID="0"/>
          <field Name="Keyword" GroupID="0" IsHide="1" DisableBlank="0" DisableEdit="0" Description="关键词" FieldType="text" Options="" DefaultValue="" Other="" HtmlTemplate="" DictCode="" Size="0" Style="" RecommendChannel="" RecommendValue="" GroupChannel="" DataType="0" Caption="" RelationChannelID="0"/>
          <field Name="Tag" GroupID="0" IsHide="1" DisableBlank="0" DisableEdit="0" Description="标签" FieldType="text" Options="" DefaultValue="" Other="" HtmlTemplate="" DictCode="" Size="0" Style="" RecommendChannel="" RecommendValue="" GroupChannel="" DataType="0" Caption="" RelationChannelID="0"/>
          <field Name="SetPublishDate" GroupID="0" IsHide="1" DisableBlank="0" DisableEdit="0" Description="定时发布" FieldType="text" Options="" DefaultValue="" Other="" HtmlTemplate="" DictCode="" Size="0" Style="" RecommendChannel="" RecommendValue="" GroupChannel="" DataType="0" Caption="" RelationChannelID="0"/>
          <field Name="push_id" GroupID="8568" IsHide="0" DisableBlank="0" DisableEdit="0" Description="推送记录编号" FieldType="number" Options="" DefaultValue="0" Other="null" HtmlTemplate="" DictCode="" Size="0" Style="null" RecommendChannel="" RecommendValue="" GroupChannel="" DataType="0" Caption="" RelationChannelID="0"/>
          <field Name="userid" GroupID="8568" IsHide="0" DisableBlank="0" DisableEdit="0" Description="用户编号" FieldType="number" Options="" DefaultValue="0" Other="null" HtmlTemplate="" DictCode="" Size="0" Style="null" RecommendChannel="" RecommendValue="" GroupChannel="" DataType="0" Caption="" RelationChannelID="0"/>
        </fields>
        <templates/>
      </channel>
    </channel>
  </channel>
  <template_files/>
</root>
