<?xml version="1.0" encoding="utf-8"?>

<!--文章信息，创建时间：2019-12-11 18:5-->
<root>
  <ChannelID>14331</ChannelID>
  <Status>1</Status>
  <TotalPage>1</TotalPage>
  <Title>456</Title>
  <SubTitle></SubTitle>
  <PublishDate>2018-06-27 11:57:00</PublishDate>
  <Weight></Weight>
  <DocFrom></DocFrom>
  <IsPhotoNews></IsPhotoNews>
  <Summary></Summary>
  <userid>65</userid>
  <bewatchuserid>0</bewatchuserid>
  <Content></Content>
  <Photo></Photo>
  <Keyword></Keyword>
  <Tag></Tag>
  <SetPublishDate></SetPublishDate>
  <siteflag>53</siteflag>
  <readstatus>0</readstatus>
  <becompanyid>1613</becompanyid>
</root>
