<?xml version="1.0" encoding="utf-8"?>

<!--文章信息，创建时间：2019-2-27 15:52-->
<root>
  <ChannelID>15917</ChannelID>
  <Status>1</Status>
  <Title>185*****200</Title>
  <SubTitle></SubTitle>
  <PublishDate>1529998392</PublishDate>
  <Weight></Weight>
  <DocFrom></DocFrom>
  <IsPhotoNews></IsPhotoNews>
  <Summary></Summary>
  <Content></Content>
  <Photo></Photo>
  <Keyword></Keyword>
  <Tag></Tag>
  <SetPublishDate></SetPublishDate>
  <userid>65</userid>
  <categoryinfo>15903,15967,16038,15966</categoryinfo>
</root>
