<?xml version="1.0" encoding="utf-8"?>

<!--文章信息，创建时间：2019-2-27 15:52-->
<root>
  <ChannelID>15917</ChannelID>
  <Status>1</Status>
  <Title>188*****753</Title>
  <SubTitle></SubTitle>
  <PublishDate>1530412522</PublishDate>
  <Weight></Weight>
  <DocFrom></DocFrom>
  <IsPhotoNews></IsPhotoNews>
  <Summary></Summary>
  <Content></Content>
  <Photo></Photo>
  <Keyword></Keyword>
  <Tag></Tag>
  <SetPublishDate></SetPublishDate>
  <userid>69</userid>
  <categoryinfo>15905,15903,16038</categoryinfo>
</root>
