<?xml version="1.0" encoding="utf-8"?>

<!--文章信息，创建时间：2019-2-27 15:52-->
<root>
  <ChannelID>14262</ChannelID>
  <Status>1</Status>
  <Title></Title>
  <SubTitle></SubTitle>
  <PublishDate>1541128152</PublishDate>
  <Weight></Weight>
  <DocFrom></DocFrom>
  <IsPhotoNews></IsPhotoNews>
  <Summary></Summary>
  <Content></Content>
  <Photo></Photo>
  <Keyword></Keyword>
  <Tag></Tag>
  <SetPublishDate></SetPublishDate>
  <userid>64</userid>
  <docid>1019200</docid>
  <link>http://39.107.232.220:3680//a/a/c/content_251.shtml?userid64ampsession16l5dv8gzs9ctqjnyapbmu27f</link>
  <siteflag>53</siteflag>
</root>
