<?xml version="1.0" encoding="utf-8"?>

<!--文章信息，创建时间：2019-2-27 15:52-->
<root>
  <ChannelID>14262</ChannelID>
  <Status>1</Status>
  <Title>153*****264</Title>
  <SubTitle></SubTitle>
  <PublishDate>1541147512</PublishDate>
  <Weight></Weight>
  <DocFrom></DocFrom>
  <IsPhotoNews></IsPhotoNews>
  <Summary></Summary>
  <Content></Content>
  <Photo></Photo>
  <Keyword></Keyword>
  <Tag></Tag>
  <SetPublishDate></SetPublishDate>
  <userid>89</userid>
  <docid>1019259</docid>
  <link>http://39.107.232.220:3680//a/a/g/content_273.shtml?userid89ampsessionivjk5gynqew79zoart6mhluxb</link>
  <siteflag>53</siteflag>
</root>
