<?xml version="1.0" encoding="utf-8"?>

<!--文章信息，创建时间：2019-2-27 15:52-->
<root>
  <ChannelID>14262</ChannelID>
  <Status>1</Status>
  <Title>特立独行的猫_674865</Title>
  <SubTitle></SubTitle>
  <PublishDate>1541556581</PublishDate>
  <Weight></Weight>
  <DocFrom></DocFrom>
  <IsPhotoNews></IsPhotoNews>
  <Summary></Summary>
  <Content></Content>
  <Photo></Photo>
  <Keyword></Keyword>
  <Tag></Tag>
  <SetPublishDate></SetPublishDate>
  <userid>78</userid>
  <docid>1019502</docid>
  <link>http://39.107.232.220:3680//a/a/a/content_396.shtml?userid89ampsessionemf5cpuvd7b04zy92raoqli31</link>
  <siteflag>53</siteflag>
</root>
