<?xml version="1.0" encoding="utf-8"?>

<!--文章信息，创建时间：2019-2-27 15:52-->
<root>
  <ChannelID>14262</ChannelID>
  <Status>1</Status>
  <Title>Last Man Standing</Title>
  <SubTitle></SubTitle>
  <PublishDate>1541561753</PublishDate>
  <Weight></Weight>
  <DocFrom></DocFrom>
  <IsPhotoNews></IsPhotoNews>
  <Summary></Summary>
  <Content></Content>
  <Photo></Photo>
  <Keyword></Keyword>
  <Tag></Tag>
  <SetPublishDate></SetPublishDate>
  <userid>64</userid>
  <docid>1019253</docid>
  <link>http://39.107.232.220:3680//a/a/g/content_267.shtml?userid64ampsession6pokb5y79ta3vzdgc0ie2sfmh</link>
  <siteflag>53</siteflag>
</root>
