<?xml version="1.0" encoding="utf-8"?>

<!--文章信息，创建时间：2019-12-11 18:6-->
<root>
  <ChannelID>14272</ChannelID>
  <Status>1</Status>
  <TotalPage>1</TotalPage>
  <Title>活动即将开始</Title>
  <SubTitle></SubTitle>
  <PublishDate>2018-05-15 09:15:00</PublishDate>
  <Weight></Weight>
  <DocFrom></DocFrom>
  <IsPhotoNews></IsPhotoNews>
  <Summary></Summary>
  <Content></Content>
  <Photo></Photo>
  <Keyword></Keyword>
  <Tag></Tag>
  <SetPublishDate></SetPublishDate>
  <txtContent>图片去哪了</txtContent>
  <parent>0</parent>
  <username></username>
  <userid>64</userid>
  <item_gid>1019931</item_gid>
  <siteflag>53</siteflag>
  <targetusername>Last Man Standin</targetusername>
  <targetid>64</targetid>
  <readstatus>0</readstatus>
</root>
