<?xml version="1.0" encoding="utf-8"?>

<!--文章信息，创建时间：2019-12-11 18:6-->
<root>
  <ChannelID>14272</ChannelID>
  <Status>1</Status>
  <TotalPage>1</TotalPage>
  <Title>123</Title>
  <SubTitle></SubTitle>
  <PublishDate>2018-06-26 19:11:00</PublishDate>
  <Weight></Weight>
  <DocFrom></DocFrom>
  <IsPhotoNews></IsPhotoNews>
  <Summary></Summary>
  <Content></Content>
  <Photo></Photo>
  <Keyword></Keyword>
  <Tag></Tag>
  <SetPublishDate></SetPublishDate>
  <txtContent>评论样式</txtContent>
  <parent>0</parent>
  <username></username>
  <userid>82</userid>
  <item_gid>1019933</item_gid>
  <siteflag>53</siteflag>
  <targetusername>Last Man Standing</targetusername>
  <targetid>64</targetid>
  <readstatus>0</readstatus>
</root>
