<?xml version="1.0" encoding="utf-8"?>

<!--文章信息，创建时间：2019-2-27 15:52-->
<root>
  <ChannelID>14983</ChannelID>
  <Status>1</Status>
  <Title>文章点赞</Title>
  <PublishDate>1541563329</PublishDate>
  <Parent>1019862</Parent>
  <userid>82</userid>
  <siteflag>53</siteflag>
  <deviceid>868842028314512</deviceid>
  <SubTitle></SubTitle>
  <Weight></Weight>
  <DocFrom></DocFrom>
  <IsPhotoNews></IsPhotoNews>
  <Summary></Summary>
  <Content></Content>
  <Photo></Photo>
  <Keyword></Keyword>
  <Tag></Tag>
  <SetPublishDate></SetPublishDate>
</root>
