<?xml version="1.0" encoding="utf-8"?>

<!--文章信息，创建时间：2019-12-11 18:4-->
<root>
  <ChannelID>15916</ChannelID>
  <Status>1</Status>
  <TotalPage>1</TotalPage>
  <Title>电视</Title>
  <SubTitle></SubTitle>
  <PublishDate>2017-06-10 20:29:00</PublishDate>
  <Weight>0</Weight>
  <DocFrom></DocFrom>
  <IsPhotoNews>0</IsPhotoNews>
  <Summary></Summary>
  <Content></Content>
  <Photo></Photo>
  <Keyword></Keyword>
  <Tag></Tag>
  <SetPublishDate></SetPublishDate>
  <categoryid>15967</categoryid>
  <channeltype>0</channeltype>
  <linkhref>/a/b/d/list_1_0.shtml</linkhref>
  <ismust>1</ismust>
</root>
