<?xml version="1.0" encoding="utf-8"?>

<!--文章信息，创建时间：2019-2-27 15:53-->
<root>
  <ChannelID>15928</ChannelID>
  <Status>1</Status>
  <Title>灌水</Title>
  <SubTitle></SubTitle>
  <PublishDate>1529927918</PublishDate>
  <Weight>0</Weight>
  <DocFrom></DocFrom>
  <IsPhotoNews></IsPhotoNews>
  <Summary></Summary>
  <Content></Content>
  <Photo>http://123.56.71.230:8004/images/2018/6/25/20186251529929298132_1.png</Photo>
  <Keyword></Keyword>
  <Tag></Tag>
  <SetPublishDate></SetPublishDate>
  <Parent>0</Parent>
  <Level>1</Level>
  <hasNextLevel>1</hasNextLevel>
  <PhotoTop></PhotoTop>
</root>
