<?xml version="1.0" encoding="utf-8"?>

<!--文章信息，创建时间：2019-2-27 15:53-->
<root>
  <ChannelID>15928</ChannelID>
  <Status>1</Status>
  <Title>秋天到了</Title>
  <SubTitle></SubTitle>
  <PublishDate>1530703525</PublishDate>
  <Weight>0</Weight>
  <DocFrom></DocFrom>
  <IsPhotoNews></IsPhotoNews>
  <Summary></Summary>
  <Content></Content>
  <Photo></Photo>
  <Keyword></Keyword>
  <Tag></Tag>
  <SetPublishDate></SetPublishDate>
  <Parent>4</Parent>
  <Level>2</Level>
  <hasNextLevel>0</hasNextLevel>
  <PhotoTop></PhotoTop>
</root>
