<?xml version="1.0" encoding="utf-8"?>

<!--文章信息，创建时间：2019-2-27 15:53-->
<root>
  <ChannelID>15928</ChannelID>
  <Status>1</Status>
  <Title>冬天还会远么</Title>
  <SubTitle></SubTitle>
  <PublishDate>1530794914</PublishDate>
  <Weight>0</Weight>
  <DocFrom></DocFrom>
  <IsPhotoNews></IsPhotoNews>
  <Summary></Summary>
  <Content></Content>
  <Photo></Photo>
  <Keyword></Keyword>
  <Tag></Tag>
  <SetPublishDate></SetPublishDate>
  <Parent>4</Parent>
  <Level>2</Level>
  <hasNextLevel></hasNextLevel>
  <PhotoTop></PhotoTop>
</root>
