<?xml version="1.0" encoding="utf-8"?>

<!--文章信息，创建时间：2019-3-1 15:28-->
<root>
  <ChannelID>16005</ChannelID>
  <Status>1</Status>
  <item_type>0</item_type>
  <doc_type>4</doc_type>
  <content_type></content_type>
  <showbuttontitle>0</showbuttontitle>
  <Title>第一届钦州坭兴陶文化艺术节暨南向通道陶瓷博览会</Title>
  <PublishDate>1530177600</PublishDate>
  <DocFrom>聚视新媒体</DocFrom>
  <Summary></Summary>
  <Content></Content>
  <Keyword></Keyword>
  <Photo4></Photo4>
  <Photo>http://img.juyun.tv/user/1528378865.jpg</Photo>
  <Photo2></Photo2>
  <Photo3></Photo3>
  <videoid>0</videoid>
  <videosource></videosource>
  <videourl></videourl>
  <isAudio>0</isAudio>
  <anuor></anuor>
  <mediatype>0</mediatype>
  <td_liveid></td_liveid>
  <epgchannelid>0</epgchannelid>
  <jumptype>0</jumptype>
  <href_app></href_app>
  <frame>0</frame>
  <secondcategory>0</secondcategory>
  <juxian_liveid>10626</juxian_liveid>
  <juxian_companyid>1610</juxian_companyid>
  <juxian_type>3</juxian_type>
  <juxian_user>18800000001</juxian_user>
  <state>0</state>
  <start>1530177240</start>
  <end>0</end>
  <live_shareurl>http://juxian.juyun.tv/live.php?id=10626</live_shareurl>
  <juxian_sourceid>0</juxian_sourceid>
  <payaction>0</payaction>
  <pdf></pdf>
  <Parent>0</Parent>
  <pv_virtual>0</pv_virtual>
  <pv>9</pv>
  <SubTitle></SubTitle>
  <Weight>0</Weight>
  <Tag></Tag>
  <SetPublishDate></SetPublishDate>
  <Status2></Status2>
  <IsPhotoNews>0</IsPhotoNews>
  <process></process>
  <duration></duration>
  <baoliao_userid>0</baoliao_userid>
  <baoliao_ispublic>0</baoliao_ispublic>
  <baoliaostatus>0</baoliaostatus>
</root>
