<?xml version="1.0" encoding="utf-8"?>

<!--文章信息，创建时间：2019-2-27 15:53-->
<root>
  <ChannelID>14313</ChannelID>
  <Status>1</Status>
  <Title>聚视运营版</Title>
  <SubTitle></SubTitle>
  <PublishDate>1530005431</PublishDate>
  <Weight>0</Weight>
  <DocFrom></DocFrom>
  <IsPhotoNews>0</IsPhotoNews>
  <Summary></Summary>
  <Content></Content>
  <Photo></Photo>
  <Keyword></Keyword>
  <Tag></Tag>
  <SetPublishDate></SetPublishDate>
  <siteid>53</siteid>
  <slideurl>http://39.107.232.220:3680/a/d/d/list_slide_1_0.json</slideurl>
</root>
