<?xml version="1.0" encoding="utf-8"?>

<!--文章信息，创建时间：2019-12-11 18:5-->
<root>
  <ChannelID>15914</ChannelID>
  <Status>0</Status>
  <TotalPage>1</TotalPage>
  <Title>聚视演示版</Title>
  <SubTitle></SubTitle>
  <PublishDate>2018-03-05 00:37:00</PublishDate>
  <Weight>0</Weight>
  <DocFrom></DocFrom>
  <IsPhotoNews>0</IsPhotoNews>
  <Summary>摘要信息</Summary>
  <Content></Content>
  <Photo></Photo>
  <Keyword></Keyword>
  <Tag></Tag>
  <SetPublishDate></SetPublishDate>
  <forceupdate>0</forceupdate>
  <version>4.0</version>
  <linkurl>http://39.107.232.220:3680/androidapp/jvshikaif_3.3_2018-10-29_v3.3.0.apk</linkurl>
  <iosversion></iosversion>
</root>
