<?xml version="1.0" encoding="utf-8"?>

<!--文章信息，创建时间：2019-12-11 18:4-->
<root>
  <ChannelID>16000</ChannelID>
  <Status>1</Status>
  <TotalPage>1</TotalPage>
  <item_type>3</item_type>
  <doc_type>0</doc_type>
  <content_type>政策解读</content_type>
  <showbuttontitle>0</showbuttontitle>
  <Title>市住房城乡建设委、市规划国土委联合召开优化营商环境 简化房屋交易流程政策培训会</Title>
  <PublishDate>2017-07-21 22:39:00</PublishDate>
  <DocFrom></DocFrom>
  <Summary></Summary>
  <Content>&lt;p&gt;　　为进一步优化营商环境，提高房屋交易效率，市住房城乡建设委、市规划国土委于4月20日联合发布了《关于进一步优化营商环境简化房屋交易流程的通知》(以下简称《通知》)。为确保政策尽快落地，让社会感受政策“红利”，4月24日市住房城乡建设委、市规划国土委快速部署，联合组织各区房屋交易管理及不动产登记部门召开政策培训会，两委相关业务部门和各区交易、登记工作人员近130余人参加。&lt;/p&gt;&lt;p&gt;　　会上，两委相关负责人介绍了2018年本市优化营商环境工作背景、整改要求及《通知》主要内容，并对缩短购房资格审核时限、取消房源核验、取消强制存量房资金监管等涉及调整的业务，从执行时点、业务衔接、部门配合等具体要求和口径，进行全面、系统的讲解和宣贯。&lt;/p&gt;&lt;p&gt;　　会上，还通报了财产登记领域内优化营商环境整体推进情况，并对各区提出具体要求。&lt;/p&gt;&lt;p&gt;　　一是，高度重视，加强政策学习。各区要高度重视、正确理解，从落实“四个意识”的高度，及时组织区内有关部门、单位、机构开展政策培训和学习，确保相关工作人员吃准、吃透各项政策措施和执行口径。&lt;/p&gt;&lt;p&gt;　　二是，各区交易、登记部门要主动配合，提高工作效率。在办理房屋交易登记业务过程中，涉及交易、登记环节衔接和部门协调的，应加强部门间沟通配合，切实做到“让信息多跑路，让群众少跑腿”。&lt;/p&gt;&lt;p&gt;　　三是，加强政策宣传和服务。各不动产登记大厅应通过展板、电子显示屏等方式对新的房屋交易流程进行宣传和介绍，窗口工作人员要耐心解答各类咨询提问，切实让服务对象感受到营商环境的提升和优化。&lt;/p&gt;&lt;p&gt;　　四是，各区交易、登记工作人员应及时总结《通知》执行中发现的新情况、新问题，并向市住房城乡建设委、市规划国土委反馈，确保“好事办好”。&lt;/p&gt;&lt;p&gt;&lt;br/&gt;&lt;/p&gt;</Content>
  <Keyword>政策,优化,房屋交易,环境,住房</Keyword>
  <Photo4></Photo4>
  <Photo></Photo>
  <Photo2></Photo2>
  <Photo3></Photo3>
  <videoid>0</videoid>
  <videosource></videosource>
  <videourl></videourl>
  <isAudio>0</isAudio>
  <anuor></anuor>
  <mediatype>0</mediatype>
  <td_liveid></td_liveid>
  <epgchannelid>0</epgchannelid>
  <jumptype>0</jumptype>
  <href_app></href_app>
  <frame>0</frame>
  <secondcategory>0</secondcategory>
  <juxian_liveid>0</juxian_liveid>
  <juxian_companyid>0</juxian_companyid>
  <juxian_type>0</juxian_type>
  <juxian_user></juxian_user>
  <state>0</state>
  <start>0</start>
  <end>0</end>
  <live_shareurl></live_shareurl>
  <juxian_sourceid>0</juxian_sourceid>
  <payaction>0</payaction>
  <pdf></pdf>
  <Parent>0</Parent>
  <pv_virtual>0</pv_virtual>
  <pv>0</pv>
  <SubTitle></SubTitle>
  <Weight>0</Weight>
  <Tag></Tag>
  <SetPublishDate></SetPublishDate>
  <Status2>0</Status2>
  <IsPhotoNews>0</IsPhotoNews>
  <process>0</process>
  <duration></duration>
  <baoliao_userid>0</baoliao_userid>
  <baoliao_ispublic>1</baoliao_ispublic>
  <baoliaostatus>0</baoliaostatus>
  <interior_type>0</interior_type>
  <interior_id></interior_id>
  <allowcomment>1</allowcomment>
  <showread>1</showread>
  <phone></phone>
  <zan_virtual_num></zan_virtual_num>
  <allowadvert>1</allowadvert>
  <baoliao_localtion></baoliao_localtion>
  <jd></jd>
  <wd></wd>
  <showbaoliaouser>0</showbaoliaouser>
  <baoliao_photo2></baoliao_photo2>
  <baoliao_photo3></baoliao_photo3>
  <baoliao_photo4></baoliao_photo4>
  <baoliao_photo5></baoliao_photo5>
  <baoliao_photo6></baoliao_photo6>
  <baoliao_photo7></baoliao_photo7>
  <baoliao_photo8></baoliao_photo8>
  <baoliao_photo9></baoliao_photo9>
  <baoliao>0</baoliao>
  <wenzheng>0</wenzheng>
</root>
