<?xml version="1.0" encoding="utf-8"?>

<!--文章信息，创建时间：2019-12-11 18:4-->
<root>
  <ChannelID>16019</ChannelID>
  <Status>1</Status>
  <TotalPage>1</TotalPage>
  <Title>我的爆料</Title>
  <SubTitle></SubTitle>
  <PublishDate>2017-07-06 03:17:00</PublishDate>
  <Weight>0</Weight>
  <DocFrom></DocFrom>
  <IsPhotoNews>0</IsPhotoNews>
  <Summary></Summary>
  <Content></Content>
  <Photo>/images/2018/11/7/20181171541561299779_9.png</Photo>
  <Keyword></Keyword>
  <Tag></Tag>
  <SetPublishDate></SetPublishDate>
  <location>0</location>
  <channelid>15903</channelid>
  <serial>15903</serial>
  <showcategory>1</showcategory>
  <doc_type>0</doc_type>
  <href_app>/a/a/h/list_1_0.shtml</href_app>
  <baoliaotitle>提交爆料</baoliaotitle>
  <mybaoliaotitle>我的爆料</mybaoliaotitle>
</root>
