<?xml version="1.0" encoding="utf-8"?>

<!--文章信息，创建时间：2019-2-27 15:52-->
<root>
  <ChannelID>14267</ChannelID>
  <Status>1</Status>
  <Title>聚现助力第十七届中国网络媒体高峰论坛！</Title>
  <SubTitle></SubTitle>
  <PublishDate>1541564144</PublishDate>
  <Weight></Weight>
  <DocFrom></DocFrom>
  <IsPhotoNews></IsPhotoNews>
  <Summary></Summary>
  <Content></Content>
  <Photo></Photo>
  <Keyword></Keyword>
  <Tag></Tag>
  <SetPublishDate></SetPublishDate>
  <author></author>
  <userid>64</userid>
  <url>http://39.107.232.220:3680//a/a/g/content_421.shtml</url>
  <filed_type></filed_type>
  <siteflag>53</siteflag>
  <item_gid>1019559</item_gid>
</root>
