<?xml version="1.0" encoding="utf-8"?>

<!--文章信息，创建时间：2019-12-11 18:5-->
<root>
  <ChannelID>14267</ChannelID>
  <Status>1</Status>
  <TotalPage>1</TotalPage>
  <Title>广西：实拍武警官兵军事技能“毕业考核”</Title>
  <SubTitle></SubTitle>
  <PublishDate>2018-06-26 17:50:00</PublishDate>
  <Weight></Weight>
  <DocFrom></DocFrom>
  <IsPhotoNews></IsPhotoNews>
  <Summary></Summary>
  <Content></Content>
  <Photo></Photo>
  <Keyword></Keyword>
  <Tag></Tag>
  <SetPublishDate></SetPublishDate>
  <author></author>
  <userid>64</userid>
  <url>http://39.107.232.220:3680//a/a/g/pic_content_488.shtml</url>
  <filed_type></filed_type>
  <siteflag>53</siteflag>
  <item_gid>1019735</item_gid>
</root>
