<?xml version="1.0" encoding="utf-8"?>

<!--文章信息，创建时间：2019-2-27 15:44-->
<root>
  <ChannelID>15916</ChannelID>
  <Status>1</Status>
  <Title>精品栏目</Title>
  <SubTitle></SubTitle>
  <PublishDate>1530086774</PublishDate>
  <Weight>0</Weight>
  <DocFrom></DocFrom>
  <IsPhotoNews>0</IsPhotoNews>
  <Summary></Summary>
  <Content></Content>
  <Photo></Photo>
  <Keyword></Keyword>
  <Tag></Tag>
  <SetPublishDate></SetPublishDate>
  <categoryid>15966</categoryid>
  <channeltype>0</channeltype>
  <linkhref>/a/b/c/list_1_0.shtml</linkhref>
  <ismust>1</ismust>
</root>
