<?xml version="1.0" encoding="utf-8"?>

<!--频道结构信息，创建时间：2019-12-11 18:6-->
<root>
  <channel ListProgram="" DocumentProgram="" FolderName="interaction" Type="1" Id="15964" Name="互动管理" ImageFolderName="" SerialNo="s53_h" SiteID="53" AutoSerialNo="s53_h_a" IsDisplay="1" IsWeight="0" IsComment="0" IsClick="0" IsShowDraftNumber="0" Href="" Extra1="" ListJS="" DocumentJS="" TemplateInherit="1" Company="0" Application="interaction">
    <templates/>
    <channel ListProgram="" DocumentProgram="" FolderName="a" Type="0" Id="14270" Name="社区管理" ImageFolderName="" SerialNo="community" auto="false" SiteID="53" AutoSerialNo="community_a" IsDisplay="1" IsWeight="0" IsComment="0" IsClick="0" IsShowDraftNumber="0" Href="" Extra1="" ListJS="" DocumentJS="" TemplateInherit="0" Company="0" Application="">
      <fields>
        <group id="6298" Name="内容编辑" Extra="" Url="" LinkChannel="0" Type="0"/>
        <group id="6299" Name="基本属性" Extra="" Url="" LinkChannel="0" Type="0"/>
        <field Name="Title" GroupID="6298" IsHide="0" DisableBlank="0" DisableEdit="0" Description="标题" FieldType="text" Options="" DefaultValue="" Other="" HtmlTemplate="" DictCode="" Size="0" Style="" RecommendChannel="" RecommendValue="" GroupChannel="" DataType="0" Caption="" RelationChannelID="0"/>
        <field Name="SubTitle" GroupID="6298" IsHide="1" DisableBlank="0" DisableEdit="0" Description="副标题" FieldType="text" Options="" DefaultValue="" Other="" HtmlTemplate="" DictCode="" Size="0" Style="" RecommendChannel="" RecommendValue="" GroupChannel="" DataType="0" Caption="" RelationChannelID="0"/>
        <field Name="PublishDate" GroupID="6299" IsHide="0" DisableBlank="0" DisableEdit="0" Description="发布日期" FieldType="datetime" Options="" DefaultValue="" Other="" HtmlTemplate="" DictCode="" Size="0" Style="" RecommendChannel="" RecommendValue="" GroupChannel="" DataType="0" Caption="" RelationChannelID="0"/>
        <field Name="Weight" GroupID="6299" IsHide="1" DisableBlank="0" DisableEdit="0" Description="权重" FieldType="text" Options="" DefaultValue="" Other="" HtmlTemplate="" DictCode="" Size="0" Style="" RecommendChannel="" RecommendValue="" GroupChannel="" DataType="0" Caption="" RelationChannelID="0"/>
        <field Name="DocFrom" GroupID="6299" IsHide="0" DisableBlank="0" DisableEdit="0" Description="文章来源" FieldType="text" Options="" DefaultValue="" Other="" HtmlTemplate="" DictCode="" Size="0" Style="" RecommendChannel="" RecommendValue="" GroupChannel="" DataType="0" Caption="" RelationChannelID="0"/>
        <field Name="IsPhotoNews" GroupID="6299" IsHide="0" DisableBlank="0" DisableEdit="0" Description="图片新闻" FieldType="checkbox" Options="" DefaultValue="" Other="" HtmlTemplate="" DictCode="" Size="0" Style="" RecommendChannel="" RecommendValue="" GroupChannel="" DataType="0" Caption="" RelationChannelID="0"/>
        <field Name="Summary" GroupID="6299" IsHide="0" DisableBlank="0" DisableEdit="0" Description="摘要" FieldType="textarea" Options="" DefaultValue="" Other="" HtmlTemplate="" DictCode="" Size="0" Style="" RecommendChannel="" RecommendValue="" GroupChannel="" DataType="0" Caption="" RelationChannelID="0"/>
        <field Name="Content" GroupID="6298" IsHide="0" DisableBlank="0" DisableEdit="0" Description="内容" FieldType="textarea" Options="" DefaultValue="" Other="" HtmlTemplate="" DictCode="" Size="0" Style="" RecommendChannel="" RecommendValue="" GroupChannel="" DataType="0" Caption="" RelationChannelID="0"/>
        <field Name="Photo" GroupID="6299" IsHide="0" DisableBlank="0" DisableEdit="0" Description="图片" FieldType="image" Options="" DefaultValue="" Other="" HtmlTemplate="" DictCode="" Size="0" Style="" RecommendChannel="" RecommendValue="" GroupChannel="" DataType="0" Caption="" RelationChannelID="0"/>
        <field Name="Keyword" GroupID="6299" IsHide="1" DisableBlank="0" DisableEdit="0" Description="关键词" FieldType="text" Options="" DefaultValue="" Other="" HtmlTemplate="" DictCode="" Size="0" Style="" RecommendChannel="" RecommendValue="" GroupChannel="" DataType="0" Caption="" RelationChannelID="0"/>
        <field Name="Tag" GroupID="6299" IsHide="1" DisableBlank="0" DisableEdit="0" Description="标签" FieldType="text" Options="" DefaultValue="" Other="" HtmlTemplate="" DictCode="" Size="0" Style="" RecommendChannel="" RecommendValue="" GroupChannel="" DataType="0" Caption="" RelationChannelID="0"/>
        <field Name="SetPublishDate" GroupID="6299" IsHide="1" DisableBlank="0" DisableEdit="0" Description="定时发布" FieldType="text" Options="" DefaultValue="" Other="" HtmlTemplate="" DictCode="" Size="0" Style="" RecommendChannel="" RecommendValue="" GroupChannel="" DataType="0" Caption="" RelationChannelID="0"/>
      </fields>
      <templates/>
      <channel ListProgram="../category/multi_category_content.jsp" DocumentProgram="" FolderName="f" Type="0" Id="15928" Name="话题管理" ImageFolderName="" SerialNo="community_s53_category" auto="false" SiteID="53" AutoSerialNo="community_s53_category_a" IsDisplay="1" IsWeight="0" IsComment="0" IsClick="0" IsShowDraftNumber="0" Href="" Extra1="" ListJS="" DocumentJS="" TemplateInherit="0" Company="0" Application="">
        <fields>
          <group id="8461" Name="内容编辑" Extra="" Url="" LinkChannel="0" Type="0"/>
          <field Name="Title" GroupID="8461" IsHide="0" DisableBlank="0" DisableEdit="0" Description="标题" FieldType="text" Options="" DefaultValue="" Other="" HtmlTemplate="" DictCode="" Size="0" Style="" RecommendChannel="" RecommendValue="" GroupChannel="" DataType="0" Caption="" RelationChannelID="0"/>
          <field Name="SubTitle" GroupID="8461" IsHide="1" DisableBlank="0" DisableEdit="0" Description="副标题" FieldType="text" Options="" DefaultValue="" Other="" HtmlTemplate="" DictCode="" Size="0" Style="" RecommendChannel="" RecommendValue="" GroupChannel="" DataType="0" Caption="" RelationChannelID="0"/>
          <field Name="PublishDate" GroupID="0" IsHide="0" DisableBlank="0" DisableEdit="0" Description="发布日期" FieldType="datetime" Options="" DefaultValue="" Other="" HtmlTemplate="" DictCode="" Size="0" Style="" RecommendChannel="" RecommendValue="" GroupChannel="" DataType="0" Caption="" RelationChannelID="0"/>
          <field Name="Weight" GroupID="0" IsHide="1" DisableBlank="0" DisableEdit="0" Description="权重" FieldType="text" Options="" DefaultValue="" Other="" HtmlTemplate="" DictCode="" Size="0" Style="" RecommendChannel="" RecommendValue="" GroupChannel="" DataType="0" Caption="" RelationChannelID="0"/>
          <field Name="DocFrom" GroupID="0" IsHide="0" DisableBlank="0" DisableEdit="0" Description="文章来源" FieldType="text" Options="" DefaultValue="" Other="" HtmlTemplate="" DictCode="" Size="0" Style="" RecommendChannel="" RecommendValue="" GroupChannel="" DataType="0" Caption="" RelationChannelID="0"/>
          <field Name="IsPhotoNews" GroupID="0" IsHide="0" DisableBlank="0" DisableEdit="0" Description="图片新闻" FieldType="checkbox" Options="" DefaultValue="" Other="" HtmlTemplate="" DictCode="" Size="0" Style="" RecommendChannel="" RecommendValue="" GroupChannel="" DataType="0" Caption="" RelationChannelID="0"/>
          <field Name="Summary" GroupID="0" IsHide="0" DisableBlank="0" DisableEdit="0" Description="摘要" FieldType="textarea" Options="" DefaultValue="" Other="" HtmlTemplate="" DictCode="" Size="0" Style="" RecommendChannel="" RecommendValue="" GroupChannel="" DataType="0" Caption="" RelationChannelID="0"/>
          <field Name="Content" GroupID="8461" IsHide="0" DisableBlank="0" DisableEdit="0" Description="内容" FieldType="textarea" Options="" DefaultValue="" Other="" HtmlTemplate="" DictCode="" Size="0" Style="" RecommendChannel="" RecommendValue="" GroupChannel="" DataType="0" Caption="" RelationChannelID="0"/>
          <field Name="Photo" GroupID="0" IsHide="0" DisableBlank="0" DisableEdit="0" Description="图片" FieldType="image" Options="" DefaultValue="" Other="" HtmlTemplate="" DictCode="" Size="0" Style="" RecommendChannel="" RecommendValue="" GroupChannel="" DataType="0" Caption="" RelationChannelID="0"/>
          <field Name="Keyword" GroupID="0" IsHide="1" DisableBlank="0" DisableEdit="0" Description="关键词" FieldType="text" Options="" DefaultValue="" Other="" HtmlTemplate="" DictCode="" Size="0" Style="" RecommendChannel="" RecommendValue="" GroupChannel="" DataType="0" Caption="" RelationChannelID="0"/>
          <field Name="Tag" GroupID="0" IsHide="1" DisableBlank="0" DisableEdit="0" Description="标签" FieldType="text" Options="" DefaultValue="" Other="" HtmlTemplate="" DictCode="" Size="0" Style="" RecommendChannel="" RecommendValue="" GroupChannel="" DataType="0" Caption="" RelationChannelID="0"/>
          <field Name="SetPublishDate" GroupID="0" IsHide="1" DisableBlank="0" DisableEdit="0" Description="定时发布" FieldType="text" Options="" DefaultValue="" Other="" HtmlTemplate="" DictCode="" Size="0" Style="" RecommendChannel="" RecommendValue="" GroupChannel="" DataType="0" Caption="" RelationChannelID="0"/>
          <field Name="Parent" GroupID="8461" IsHide="0" DisableBlank="0" DisableEdit="0" Description="父编号" FieldType="number" Options="" DefaultValue="" Other="null" HtmlTemplate="" DictCode="" Size="0" Style="null" RecommendChannel="" RecommendValue="" GroupChannel="" DataType="0" Caption="" RelationChannelID="0"/>
          <field Name="Level" GroupID="8461" IsHide="0" DisableBlank="0" DisableEdit="0" Description="层级" FieldType="number" Options="" DefaultValue="" Other="null" HtmlTemplate="" DictCode="" Size="0" Style="null" RecommendChannel="" RecommendValue="" GroupChannel="" DataType="0" Caption="" RelationChannelID="0"/>
          <field Name="hasNextLevel" GroupID="8461" IsHide="0" DisableBlank="0" DisableEdit="0" Description="是否存在子集" FieldType="number" Options="" DefaultValue="" Other="null" HtmlTemplate="" DictCode="" Size="0" Style="null" RecommendChannel="" RecommendValue="" GroupChannel="" DataType="0" Caption="" RelationChannelID="0"/>
          <field Name="PhotoTop" GroupID="8461" IsHide="0" DisableBlank="0" DisableEdit="0" Description="模块主题图" FieldType="image" Options="" DefaultValue="" Other="null" HtmlTemplate="" DictCode="" Size="0" Style="null" RecommendChannel="" RecommendValue="" GroupChannel="" DataType="0" Caption="" RelationChannelID="0"/>
        </fields>
        <templates/>
      </channel>
      <channel ListProgram="" DocumentProgram="" FolderName="a" Type="0" Id="14271" Name="帖子管理" ImageFolderName="" SerialNo="s53_community_topic" auto="false" SiteID="53" AutoSerialNo="s53_community_topic_a" IsDisplay="1" IsWeight="0" IsComment="0" IsClick="0" IsShowDraftNumber="0" Href="" Extra1="" ListJS="" DocumentJS="" TemplateInherit="0" Company="0" Application="">
        <fields>
          <group id="6300" Name="内容编辑" Extra="" Url="" LinkChannel="0" Type="0"/>
          <group id="6353" Name="图片" Extra="" Url="../photo/document_photo_list.jsp" LinkChannel="0" Type="4"/>
          <field Name="Title" GroupID="6300" IsHide="0" DisableBlank="0" DisableEdit="0" Description="帖子主体" FieldType="text" Options="" DefaultValue="" Other="" HtmlTemplate="" DictCode="" Size="0" Style="" RecommendChannel="" RecommendValue="" GroupChannel="" DataType="0" Caption="" RelationChannelID="0"/>
          <field Name="SubTitle" GroupID="6300" IsHide="1" DisableBlank="0" DisableEdit="0" Description="副标题" FieldType="text" Options="" DefaultValue="" Other="" HtmlTemplate="" DictCode="" Size="0" Style="" RecommendChannel="" RecommendValue="" GroupChannel="" DataType="0" Caption="" RelationChannelID="0"/>
          <field Name="PublishDate" GroupID="0" IsHide="0" DisableBlank="0" DisableEdit="0" Description="发布日期" FieldType="datetime" Options="" DefaultValue="" Other="" HtmlTemplate="" DictCode="" Size="0" Style="" RecommendChannel="" RecommendValue="" GroupChannel="" DataType="0" Caption="" RelationChannelID="0"/>
          <field Name="Weight" GroupID="0" IsHide="1" DisableBlank="0" DisableEdit="0" Description="权重" FieldType="text" Options="" DefaultValue="" Other="" HtmlTemplate="" DictCode="" Size="0" Style="" RecommendChannel="" RecommendValue="" GroupChannel="" DataType="0" Caption="" RelationChannelID="0"/>
          <field Name="DocFrom" GroupID="0" IsHide="1" DisableBlank="0" DisableEdit="0" Description="文章来源" FieldType="text" Options="" DefaultValue="" Other="" HtmlTemplate="" DictCode="" Size="0" Style="" RecommendChannel="" RecommendValue="" GroupChannel="" DataType="0" Caption="" RelationChannelID="0"/>
          <field Name="IsPhotoNews" GroupID="0" IsHide="1" DisableBlank="0" DisableEdit="0" Description="图片新闻" FieldType="checkbox" Options="" DefaultValue="" Other="" HtmlTemplate="" DictCode="" Size="0" Style="" RecommendChannel="" RecommendValue="" GroupChannel="" DataType="0" Caption="" RelationChannelID="0"/>
          <field Name="Summary" GroupID="0" IsHide="1" DisableBlank="0" DisableEdit="0" Description="摘要" FieldType="textarea" Options="" DefaultValue="" Other="" HtmlTemplate="" DictCode="" Size="0" Style="" RecommendChannel="" RecommendValue="" GroupChannel="" DataType="0" Caption="" RelationChannelID="0"/>
          <field Name="Content" GroupID="6300" IsHide="1" DisableBlank="0" DisableEdit="0" Description="内容" FieldType="textarea" Options="" DefaultValue="" Other="" HtmlTemplate="" DictCode="" Size="0" Style="" RecommendChannel="" RecommendValue="" GroupChannel="" DataType="0" Caption="" RelationChannelID="0"/>
          <field Name="Photo" GroupID="0" IsHide="0" DisableBlank="0" DisableEdit="0" Description="图片" FieldType="image" Options="" DefaultValue="" Other="" HtmlTemplate="" DictCode="" Size="0" Style="" RecommendChannel="" RecommendValue="" GroupChannel="" DataType="0" Caption="" RelationChannelID="0"/>
          <field Name="Keyword" GroupID="0" IsHide="1" DisableBlank="0" DisableEdit="0" Description="关键词" FieldType="text" Options="" DefaultValue="" Other="" HtmlTemplate="" DictCode="" Size="0" Style="" RecommendChannel="" RecommendValue="" GroupChannel="" DataType="0" Caption="" RelationChannelID="0"/>
          <field Name="Tag" GroupID="0" IsHide="1" DisableBlank="0" DisableEdit="0" Description="标签" FieldType="text" Options="" DefaultValue="" Other="" HtmlTemplate="" DictCode="" Size="0" Style="" RecommendChannel="" RecommendValue="" GroupChannel="" DataType="0" Caption="" RelationChannelID="0"/>
          <field Name="SetPublishDate" GroupID="0" IsHide="1" DisableBlank="0" DisableEdit="0" Description="定时发布" FieldType="text" Options="" DefaultValue="" Other="" HtmlTemplate="" DictCode="" Size="0" Style="" RecommendChannel="" RecommendValue="" GroupChannel="" DataType="0" Caption="" RelationChannelID="0"/>
          <field Name="txtContent" GroupID="6300" IsHide="0" DisableBlank="0" DisableEdit="0" Description="帖子内容" FieldType="textarea" Options="" DefaultValue="" Other="" HtmlTemplate="" DictCode="" Size="0" Style="" RecommendChannel="" RecommendValue="" GroupChannel="" DataType="0" Caption="" RelationChannelID="0"/>
          <field Name="userid" GroupID="6300" IsHide="0" DisableBlank="0" DisableEdit="0" Description="用户编号" FieldType="number" Options="" DefaultValue="" Other="" HtmlTemplate="" DictCode="" Size="0" Style="" RecommendChannel="" RecommendValue="" GroupChannel="" DataType="0" Caption="" RelationChannelID="0"/>
          <field Name="doc_type" GroupID="6300" IsHide="0" DisableBlank="0" DisableEdit="0" Description="内容类型" FieldType="radio" Options="图文(0)$tidemedia$视频(1)$tidemedia$" DefaultValue="" Other="" HtmlTemplate="" DictCode="" Size="0" Style="" RecommendChannel="" RecommendValue="" GroupChannel="" DataType="1" Caption="" RelationChannelID="0"/>
          <field Name="videourl" GroupID="6300" IsHide="1" DisableBlank="0" DisableEdit="0" Description="视频地址" FieldType="text" Options="" DefaultValue="" Other="" HtmlTemplate="" DictCode="" Size="0" Style="" RecommendChannel="" RecommendValue="" GroupChannel="" DataType="0" Caption="" RelationChannelID="0"/>
          <field Name="siteflag" GroupID="6300" IsHide="0" DisableBlank="0" DisableEdit="0" Description="客户端归属" FieldType="number" Options="" DefaultValue="" Other="" HtmlTemplate="" DictCode="" Size="0" Style="" RecommendChannel="" RecommendValue="" GroupChannel="" DataType="0" Caption="" RelationChannelID="0"/>
          <field Name="themename" GroupID="6300" IsHide="0" DisableBlank="0" DisableEdit="0" Description="所属话题" FieldType="text" Options="" DefaultValue="" Other="" HtmlTemplate="" DictCode="" Size="0" Style="" RecommendChannel="" RecommendValue="" GroupChannel="" DataType="0" Caption="" RelationChannelID="0"/>
          <field Name="model" GroupID="6300" IsHide="0" DisableBlank="0" DisableEdit="0" Description="所属板块" FieldType="number" Options="" DefaultValue="" Other="" HtmlTemplate="" DictCode="" Size="0" Style="" RecommendChannel="" RecommendValue="" GroupChannel="" DataType="0" Caption="" RelationChannelID="0"/>
          <field Name="zancount" GroupID="6300" IsHide="0" DisableBlank="0" DisableEdit="0" Description="点赞数量" FieldType="number" Options="" DefaultValue="0" Other="" HtmlTemplate="" DictCode="" Size="0" Style="" RecommendChannel="" RecommendValue="" GroupChannel="" DataType="0" Caption="" RelationChannelID="0"/>
          <field Name="localtion" GroupID="6300" IsHide="0" DisableBlank="0" DisableEdit="0" Description="发帖人位置" FieldType="text" Options="" DefaultValue="" Other="" HtmlTemplate="" DictCode="" Size="0" Style="" RecommendChannel="" RecommendValue="" GroupChannel="" DataType="0" Caption="" RelationChannelID="0"/>
          <field Name="jd" GroupID="6300" IsHide="0" DisableBlank="0" DisableEdit="0" Description="经度" FieldType="text" Options="" DefaultValue="" Other="" HtmlTemplate="" DictCode="" Size="0" Style="" RecommendChannel="" RecommendValue="" GroupChannel="" DataType="0" Caption="" RelationChannelID="0"/>
          <field Name="wd" GroupID="6300" IsHide="0" DisableBlank="0" DisableEdit="0" Description="纬度" FieldType="text" Options="" DefaultValue="" Other="" HtmlTemplate="" DictCode="" Size="0" Style="" RecommendChannel="" RecommendValue="" GroupChannel="" DataType="0" Caption="" RelationChannelID="0"/>
          <field Name="user_ip" GroupID="6300" IsHide="0" DisableBlank="0" DisableEdit="0" Description="用户ip" FieldType="text" Options="" DefaultValue="" Other="" HtmlTemplate="" DictCode="" Size="0" Style="" RecommendChannel="" RecommendValue="" GroupChannel="" DataType="0" Caption="" RelationChannelID="0"/>
        </fields>
        <templates>
          <template TemplateID="1525" ChannelID="14271" LinkTemplate="0" Charset="" RowsPerPage="0" SubFolderType="0" TemplateType="2" FileNameType="0" FileNameField="" Rows="0" WhereSql="" Lable="" TitleWord="0" Href="" PublishInterval="0" IncludeChildChannel="0" IsInherit="0" TargetName="wap_content.shtml"/>
        </templates>
      </channel>
      <channel ListProgram="../app/pinglun_topic.jsp" DocumentProgram="" FolderName="a" Type="0" Id="14272" Name="帖子评论管理" ImageFolderName="" SerialNo="community_comment" auto="false" SiteID="53" AutoSerialNo="community_comment_a" IsDisplay="1" IsWeight="0" IsComment="0" IsClick="0" IsShowDraftNumber="0" Href="" Extra1="" ListJS="" DocumentJS="" TemplateInherit="0" Company="0" Application="">
        <fields>
          <group id="6302" Name="内容编辑" Extra="" Url="" LinkChannel="0" Type="0"/>
          <group id="6303" Name="基本属性" Extra="" Url="" LinkChannel="0" Type="0"/>
          <field Name="Title" GroupID="6302" IsHide="0" DisableBlank="0" DisableEdit="0" Description="标题" FieldType="text" Options="" DefaultValue="" Other="" HtmlTemplate="" DictCode="" Size="0" Style="" RecommendChannel="" RecommendValue="" GroupChannel="" DataType="0" Caption="" RelationChannelID="0"/>
          <field Name="SubTitle" GroupID="6302" IsHide="1" DisableBlank="0" DisableEdit="0" Description="副标题" FieldType="text" Options="" DefaultValue="" Other="" HtmlTemplate="" DictCode="" Size="0" Style="" RecommendChannel="" RecommendValue="" GroupChannel="" DataType="0" Caption="" RelationChannelID="0"/>
          <field Name="PublishDate" GroupID="6303" IsHide="0" DisableBlank="0" DisableEdit="0" Description="发布日期" FieldType="datetime" Options="" DefaultValue="" Other="" HtmlTemplate="" DictCode="" Size="0" Style="" RecommendChannel="" RecommendValue="" GroupChannel="" DataType="0" Caption="" RelationChannelID="0"/>
          <field Name="Weight" GroupID="6303" IsHide="1" DisableBlank="0" DisableEdit="0" Description="权重" FieldType="text" Options="" DefaultValue="" Other="" HtmlTemplate="" DictCode="" Size="0" Style="" RecommendChannel="" RecommendValue="" GroupChannel="" DataType="0" Caption="" RelationChannelID="0"/>
          <field Name="DocFrom" GroupID="6303" IsHide="0" DisableBlank="0" DisableEdit="0" Description="文章来源" FieldType="text" Options="" DefaultValue="" Other="" HtmlTemplate="" DictCode="" Size="0" Style="" RecommendChannel="" RecommendValue="" GroupChannel="" DataType="0" Caption="" RelationChannelID="0"/>
          <field Name="IsPhotoNews" GroupID="6303" IsHide="0" DisableBlank="0" DisableEdit="0" Description="图片新闻" FieldType="checkbox" Options="" DefaultValue="" Other="" HtmlTemplate="" DictCode="" Size="0" Style="" RecommendChannel="" RecommendValue="" GroupChannel="" DataType="0" Caption="" RelationChannelID="0"/>
          <field Name="Summary" GroupID="6303" IsHide="0" DisableBlank="0" DisableEdit="0" Description="摘要" FieldType="textarea" Options="" DefaultValue="" Other="" HtmlTemplate="" DictCode="" Size="0" Style="" RecommendChannel="" RecommendValue="" GroupChannel="" DataType="0" Caption="" RelationChannelID="0"/>
          <field Name="Content" GroupID="6302" IsHide="1" DisableBlank="0" DisableEdit="0" Description="评论内容" FieldType="textarea" Options="" DefaultValue="" Other="" HtmlTemplate="" DictCode="" Size="0" Style="" RecommendChannel="" RecommendValue="" GroupChannel="" DataType="0" Caption="" RelationChannelID="0"/>
          <field Name="Photo" GroupID="6303" IsHide="0" DisableBlank="0" DisableEdit="0" Description="图片" FieldType="image" Options="" DefaultValue="" Other="" HtmlTemplate="" DictCode="" Size="0" Style="" RecommendChannel="" RecommendValue="" GroupChannel="" DataType="0" Caption="" RelationChannelID="0"/>
          <field Name="Keyword" GroupID="6303" IsHide="1" DisableBlank="0" DisableEdit="0" Description="关键词" FieldType="text" Options="" DefaultValue="" Other="" HtmlTemplate="" DictCode="" Size="0" Style="" RecommendChannel="" RecommendValue="" GroupChannel="" DataType="0" Caption="" RelationChannelID="0"/>
          <field Name="Tag" GroupID="6303" IsHide="1" DisableBlank="0" DisableEdit="0" Description="标签" FieldType="text" Options="" DefaultValue="" Other="" HtmlTemplate="" DictCode="" Size="0" Style="" RecommendChannel="" RecommendValue="" GroupChannel="" DataType="0" Caption="" RelationChannelID="0"/>
          <field Name="SetPublishDate" GroupID="6303" IsHide="1" DisableBlank="0" DisableEdit="0" Description="定时发布" FieldType="text" Options="" DefaultValue="" Other="" HtmlTemplate="" DictCode="" Size="0" Style="" RecommendChannel="" RecommendValue="" GroupChannel="" DataType="0" Caption="" RelationChannelID="0"/>
          <field Name="txtContent" GroupID="6302" IsHide="0" DisableBlank="0" DisableEdit="0" Description="评论内容" FieldType="textarea" Options="" DefaultValue="" Other="" HtmlTemplate="" DictCode="" Size="0" Style="" RecommendChannel="" RecommendValue="" GroupChannel="" DataType="0" Caption="" RelationChannelID="0"/>
          <field Name="parent" GroupID="6302" IsHide="0" DisableBlank="0" DisableEdit="0" Description="二级评论父id" FieldType="number" Options="" DefaultValue="" Other="" HtmlTemplate="" DictCode="" Size="0" Style="" RecommendChannel="" RecommendValue="" GroupChannel="" DataType="0" Caption="" RelationChannelID="0"/>
          <field Name="username" GroupID="6302" IsHide="0" DisableBlank="0" DisableEdit="0" Description="用户名" FieldType="text" Options="" DefaultValue="" Other="" HtmlTemplate="" DictCode="" Size="0" Style="" RecommendChannel="" RecommendValue="" GroupChannel="" DataType="0" Caption="" RelationChannelID="0"/>
          <field Name="userid" GroupID="6302" IsHide="0" DisableBlank="0" DisableEdit="0" Description="用户编号" FieldType="number" Options="" DefaultValue="" Other="" HtmlTemplate="" DictCode="" Size="0" Style="" RecommendChannel="" RecommendValue="" GroupChannel="" DataType="0" Caption="" RelationChannelID="0"/>
          <field Name="item_gid" GroupID="6302" IsHide="0" DisableBlank="0" DisableEdit="0" Description="活动主题id" FieldType="number" Options="" DefaultValue="" Other="" HtmlTemplate="" DictCode="" Size="0" Style="" RecommendChannel="" RecommendValue="" GroupChannel="" DataType="0" Caption="" RelationChannelID="0"/>
          <field Name="siteflag" GroupID="6302" IsHide="0" DisableBlank="0" DisableEdit="0" Description="客户端归属" FieldType="number" Options="" DefaultValue="" Other="" HtmlTemplate="" DictCode="" Size="0" Style="" RecommendChannel="" RecommendValue="" GroupChannel="" DataType="0" Caption="" RelationChannelID="0"/>
          <field Name="targetusername" GroupID="6302" IsHide="0" DisableBlank="0" DisableEdit="0" Description="目标用户名" FieldType="text" Options="" DefaultValue="" Other="" HtmlTemplate="" DictCode="" Size="0" Style="" RecommendChannel="" RecommendValue="" GroupChannel="" DataType="0" Caption="" RelationChannelID="0"/>
          <field Name="targetid" GroupID="6302" IsHide="0" DisableBlank="0" DisableEdit="0" Description="目标用户编号" FieldType="number" Options="" DefaultValue="" Other="" HtmlTemplate="" DictCode="" Size="0" Style="" RecommendChannel="" RecommendValue="" GroupChannel="" DataType="0" Caption="" RelationChannelID="0"/>
          <field Name="readstatus" GroupID="6302" IsHide="0" DisableBlank="0" DisableEdit="0" Description="已读状态" FieldType="radio" Options="未读(0)$tidemedia$已读(1)$tidemedia$" DefaultValue="0" Other="" HtmlTemplate="" DictCode="" Size="0" Style="" RecommendChannel="" RecommendValue="" GroupChannel="" DataType="1" Caption="" RelationChannelID="0"/>
        </fields>
        <templates/>
      </channel>
      <channel ListProgram="" DocumentProgram="" FolderName="d" Type="0" Id="15929" Name="社区积分规则设置" ImageFolderName="" SerialNo="community_s53_levelrule" auto="false" SiteID="53" AutoSerialNo="community_s53_levelrule_a" IsDisplay="1" IsWeight="0" IsComment="0" IsClick="0" IsShowDraftNumber="0" Href="" Extra1="" ListJS="" DocumentJS="" TemplateInherit="0" Company="0" Application="">
        <fields>
          <group id="8463" Name="内容编辑" Extra="" Url="" LinkChannel="0" Type="0"/>
          <field Name="Title" GroupID="8463" IsHide="0" DisableBlank="0" DisableEdit="0" Description="规则简述" FieldType="text" Options="" DefaultValue="" Other="" HtmlTemplate="" DictCode="" Size="0" Style="" RecommendChannel="" RecommendValue="" GroupChannel="" DataType="0" Caption="" RelationChannelID="0"/>
          <field Name="SubTitle" GroupID="8463" IsHide="1" DisableBlank="0" DisableEdit="0" Description="副标题" FieldType="text" Options="" DefaultValue="" Other="" HtmlTemplate="" DictCode="" Size="0" Style="" RecommendChannel="" RecommendValue="" GroupChannel="" DataType="0" Caption="" RelationChannelID="0"/>
          <field Name="PublishDate" GroupID="0" IsHide="0" DisableBlank="0" DisableEdit="0" Description="发布日期" FieldType="datetime" Options="" DefaultValue="" Other="" HtmlTemplate="" DictCode="" Size="0" Style="" RecommendChannel="" RecommendValue="" GroupChannel="" DataType="0" Caption="" RelationChannelID="0"/>
          <field Name="Weight" GroupID="0" IsHide="1" DisableBlank="0" DisableEdit="0" Description="权重" FieldType="text" Options="" DefaultValue="" Other="" HtmlTemplate="" DictCode="" Size="0" Style="" RecommendChannel="" RecommendValue="" GroupChannel="" DataType="0" Caption="" RelationChannelID="0"/>
          <field Name="DocFrom" GroupID="0" IsHide="1" DisableBlank="0" DisableEdit="0" Description="文章来源" FieldType="text" Options="" DefaultValue="" Other="" HtmlTemplate="" DictCode="" Size="0" Style="" RecommendChannel="" RecommendValue="" GroupChannel="" DataType="0" Caption="" RelationChannelID="0"/>
          <field Name="IsPhotoNews" GroupID="0" IsHide="1" DisableBlank="0" DisableEdit="0" Description="图片新闻" FieldType="checkbox" Options="" DefaultValue="" Other="" HtmlTemplate="" DictCode="" Size="0" Style="" RecommendChannel="" RecommendValue="" GroupChannel="" DataType="0" Caption="" RelationChannelID="0"/>
          <field Name="Summary" GroupID="0" IsHide="1" DisableBlank="0" DisableEdit="0" Description="摘要" FieldType="textarea" Options="" DefaultValue="" Other="" HtmlTemplate="" DictCode="" Size="0" Style="" RecommendChannel="" RecommendValue="" GroupChannel="" DataType="0" Caption="" RelationChannelID="0"/>
          <field Name="Content" GroupID="8463" IsHide="1" DisableBlank="0" DisableEdit="0" Description="内容" FieldType="textarea" Options="" DefaultValue="" Other="" HtmlTemplate="" DictCode="" Size="0" Style="" RecommendChannel="" RecommendValue="" GroupChannel="" DataType="0" Caption="" RelationChannelID="0"/>
          <field Name="Photo" GroupID="0" IsHide="1" DisableBlank="0" DisableEdit="0" Description="图片" FieldType="image" Options="" DefaultValue="" Other="" HtmlTemplate="" DictCode="" Size="0" Style="" RecommendChannel="" RecommendValue="" GroupChannel="" DataType="0" Caption="" RelationChannelID="0"/>
          <field Name="Keyword" GroupID="0" IsHide="1" DisableBlank="0" DisableEdit="0" Description="关键词" FieldType="text" Options="" DefaultValue="" Other="" HtmlTemplate="" DictCode="" Size="0" Style="" RecommendChannel="" RecommendValue="" GroupChannel="" DataType="0" Caption="" RelationChannelID="0"/>
          <field Name="Tag" GroupID="0" IsHide="1" DisableBlank="0" DisableEdit="0" Description="标签" FieldType="text" Options="" DefaultValue="" Other="" HtmlTemplate="" DictCode="" Size="0" Style="" RecommendChannel="" RecommendValue="" GroupChannel="" DataType="0" Caption="" RelationChannelID="0"/>
          <field Name="SetPublishDate" GroupID="0" IsHide="1" DisableBlank="0" DisableEdit="0" Description="定时发布" FieldType="text" Options="" DefaultValue="" Other="" HtmlTemplate="" DictCode="" Size="0" Style="" RecommendChannel="" RecommendValue="" GroupChannel="" DataType="0" Caption="" RelationChannelID="0"/>
          <field Name="ruletype" GroupID="8463" IsHide="0" DisableBlank="0" DisableEdit="0" Description="规则类型" FieldType="radio" Options="签到(1)$tidemedia$发帖(2)$tidemedia$分享(3)$tidemedia$评论(4)$tidemedia$点赞(5)$tidemedia$被分享(6)$tidemedia$被评论(7)$tidemedia$被点赞(8)$tidemedia$" DefaultValue="" Other="null" HtmlTemplate="" DictCode="" Size="0" Style="" RecommendChannel="" RecommendValue="" GroupChannel="" DataType="1" Caption="" RelationChannelID="0"/>
          <field Name="upcontrol" GroupID="8463" IsHide="0" DisableBlank="0" DisableEdit="0" Description="加分上限控制" FieldType="number" Options="" DefaultValue="" Other="null" HtmlTemplate="" DictCode="" Size="0" Style="null" RecommendChannel="" RecommendValue="" GroupChannel="" DataType="0" Caption="" RelationChannelID="0"/>
          <field Name="scoreoperate" GroupID="8463" IsHide="0" DisableBlank="0" DisableEdit="0" Description="单次积分" FieldType="number" Options="" DefaultValue="" Other="null" HtmlTemplate="" DictCode="" Size="0" Style="null" RecommendChannel="" RecommendValue="" GroupChannel="" DataType="0" Caption="" RelationChannelID="0"/>
          <field Name="hour" GroupID="8463" IsHide="0" DisableBlank="0" DisableEdit="0" Description="加分上限时间范围(天)" FieldType="number" Options="" DefaultValue="" Other="null" HtmlTemplate="" DictCode="" Size="0" Style="null" RecommendChannel="" RecommendValue="" GroupChannel="" DataType="0" Caption="" RelationChannelID="0"/>
          <field Name="extra_days" GroupID="8463" IsHide="0" DisableBlank="0" DisableEdit="0" Description="连续xx天登陆给予额外积分奖励" FieldType="number" Options="" DefaultValue="" Other="null" HtmlTemplate="" DictCode="" Size="0" Style="null" RecommendChannel="" RecommendValue="" GroupChannel="" DataType="0" Caption="" RelationChannelID="0"/>
          <field Name="extra_score" GroupID="8463" IsHide="0" DisableBlank="0" DisableEdit="0" Description="额外积分(仅签到)" FieldType="number" Options="" DefaultValue="" Other="null" HtmlTemplate="" DictCode="" Size="0" Style="null" RecommendChannel="" RecommendValue="" GroupChannel="" DataType="0" Caption="" RelationChannelID="0"/>
        </fields>
        <templates>
          <template TemplateID="1486" ChannelID="15929" LinkTemplate="0" Charset="" RowsPerPage="0" SubFolderType="0" TemplateType="3" FileNameType="0" FileNameField="" Rows="0" WhereSql="" Lable="" TitleWord="0" Href="" PublishInterval="0" IncludeChildChannel="0" IsInherit="0" TargetName="grade_rules.html"/>
        </templates>
      </channel>
      <channel ListProgram="" DocumentProgram="" FolderName="d" Type="0" Id="15930" Name="社区等级制度设置" ImageFolderName="" SerialNo="community_s53_level" auto="false" SiteID="53" AutoSerialNo="community_s53_level_a" IsDisplay="1" IsWeight="0" IsComment="0" IsClick="0" IsShowDraftNumber="0" Href="" Extra1="" ListJS="" DocumentJS="" TemplateInherit="0" Company="0" Application="">
        <fields>
          <group id="8465" Name="内容编辑" Extra="" Url="" LinkChannel="0" Type="0"/>
          <field Name="Title" GroupID="8465" IsHide="0" DisableBlank="0" DisableEdit="0" Description="等级名称(描述)" FieldType="text" Options="" DefaultValue="" Other="" HtmlTemplate="" DictCode="" Size="0" Style="" RecommendChannel="" RecommendValue="" GroupChannel="" DataType="0" Caption="" RelationChannelID="0"/>
          <field Name="SubTitle" GroupID="8465" IsHide="1" DisableBlank="0" DisableEdit="0" Description="副标题" FieldType="text" Options="" DefaultValue="" Other="" HtmlTemplate="" DictCode="" Size="0" Style="" RecommendChannel="" RecommendValue="" GroupChannel="" DataType="0" Caption="" RelationChannelID="0"/>
          <field Name="PublishDate" GroupID="0" IsHide="0" DisableBlank="0" DisableEdit="0" Description="发布日期" FieldType="datetime" Options="" DefaultValue="" Other="" HtmlTemplate="" DictCode="" Size="0" Style="" RecommendChannel="" RecommendValue="" GroupChannel="" DataType="0" Caption="" RelationChannelID="0"/>
          <field Name="Weight" GroupID="0" IsHide="1" DisableBlank="0" DisableEdit="0" Description="权重" FieldType="text" Options="" DefaultValue="" Other="" HtmlTemplate="" DictCode="" Size="0" Style="" RecommendChannel="" RecommendValue="" GroupChannel="" DataType="0" Caption="" RelationChannelID="0"/>
          <field Name="DocFrom" GroupID="0" IsHide="1" DisableBlank="0" DisableEdit="0" Description="文章来源" FieldType="text" Options="" DefaultValue="" Other="" HtmlTemplate="" DictCode="" Size="0" Style="" RecommendChannel="" RecommendValue="" GroupChannel="" DataType="0" Caption="" RelationChannelID="0"/>
          <field Name="IsPhotoNews" GroupID="0" IsHide="1" DisableBlank="0" DisableEdit="0" Description="图片新闻" FieldType="checkbox" Options="" DefaultValue="" Other="" HtmlTemplate="" DictCode="" Size="0" Style="" RecommendChannel="" RecommendValue="" GroupChannel="" DataType="0" Caption="" RelationChannelID="0"/>
          <field Name="Summary" GroupID="0" IsHide="1" DisableBlank="0" DisableEdit="0" Description="摘要" FieldType="textarea" Options="" DefaultValue="" Other="" HtmlTemplate="" DictCode="" Size="0" Style="" RecommendChannel="" RecommendValue="" GroupChannel="" DataType="0" Caption="" RelationChannelID="0"/>
          <field Name="Content" GroupID="8465" IsHide="1" DisableBlank="0" DisableEdit="0" Description="内容" FieldType="textarea" Options="" DefaultValue="" Other="" HtmlTemplate="" DictCode="" Size="0" Style="" RecommendChannel="" RecommendValue="" GroupChannel="" DataType="0" Caption="" RelationChannelID="0"/>
          <field Name="Photo" GroupID="0" IsHide="1" DisableBlank="0" DisableEdit="0" Description="图片" FieldType="image" Options="" DefaultValue="" Other="" HtmlTemplate="" DictCode="" Size="0" Style="" RecommendChannel="" RecommendValue="" GroupChannel="" DataType="0" Caption="" RelationChannelID="0"/>
          <field Name="Keyword" GroupID="0" IsHide="1" DisableBlank="0" DisableEdit="0" Description="关键词" FieldType="text" Options="" DefaultValue="" Other="" HtmlTemplate="" DictCode="" Size="0" Style="" RecommendChannel="" RecommendValue="" GroupChannel="" DataType="0" Caption="" RelationChannelID="0"/>
          <field Name="Tag" GroupID="0" IsHide="1" DisableBlank="0" DisableEdit="0" Description="标签" FieldType="text" Options="" DefaultValue="" Other="" HtmlTemplate="" DictCode="" Size="0" Style="" RecommendChannel="" RecommendValue="" GroupChannel="" DataType="0" Caption="" RelationChannelID="0"/>
          <field Name="SetPublishDate" GroupID="0" IsHide="1" DisableBlank="0" DisableEdit="0" Description="定时发布" FieldType="text" Options="" DefaultValue="" Other="" HtmlTemplate="" DictCode="" Size="0" Style="" RecommendChannel="" RecommendValue="" GroupChannel="" DataType="0" Caption="" RelationChannelID="0"/>
          <field Name="designation" GroupID="8465" IsHide="0" DisableBlank="0" DisableEdit="0" Description="头衔(APP端展示)" FieldType="text" Options="" DefaultValue="" Other="null" HtmlTemplate="" DictCode="" Size="0" Style="null" RecommendChannel="" RecommendValue="" GroupChannel="" DataType="0" Caption="" RelationChannelID="0"/>
          <field Name="scoredown" GroupID="8465" IsHide="0" DisableBlank="0" DisableEdit="0" Description="积分范围(下限)" FieldType="number" Options="" DefaultValue="" Other="null" HtmlTemplate="" DictCode="" Size="0" Style="null" RecommendChannel="" RecommendValue="" GroupChannel="" DataType="0" Caption="" RelationChannelID="0"/>
          <field Name="scoretop" GroupID="8465" IsHide="0" DisableBlank="0" DisableEdit="0" Description="积分范围(上限)" FieldType="number" Options="" DefaultValue="" Other="null" HtmlTemplate="" DictCode="" Size="0" Style="null" RecommendChannel="" RecommendValue="" GroupChannel="" DataType="0" Caption="" RelationChannelID="0"/>
          <field Name="level" GroupID="8465" IsHide="0" DisableBlank="0" DisableEdit="0" Description="当前等级序号" FieldType="number" Options="" DefaultValue="" Other="null" HtmlTemplate="" DictCode="" Size="0" Style="null" RecommendChannel="" RecommendValue="" GroupChannel="" DataType="0" Caption="" RelationChannelID="0"/>
        </fields>
        <templates>
          <template TemplateID="1485" ChannelID="15930" LinkTemplate="0" Charset="" RowsPerPage="0" SubFolderType="0" TemplateType="3" FileNameType="0" FileNameField="" Rows="0" WhereSql="" Lable="" TitleWord="0" Href="" PublishInterval="0" IncludeChildChannel="0" IsInherit="0" TargetName="grade.html"/>
        </templates>
      </channel>
      <channel ListProgram="" DocumentProgram="" FolderName="a" Type="0" Id="14313" Name="话题轮播图管理" ImageFolderName="" SerialNo="community_slidemanger" auto="false" SiteID="53" AutoSerialNo="community_slidemanger_a" IsDisplay="1" IsWeight="0" IsComment="0" IsClick="0" IsShowDraftNumber="0" Href="" Extra1="" ListJS="" DocumentJS="" TemplateInherit="0" Company="0" Application="">
        <fields>
          <group id="6346" Name="内容编辑" Extra="" Url="" LinkChannel="0" Type="0"/>
          <field Name="Title" GroupID="6346" IsHide="0" DisableBlank="0" DisableEdit="0" Description="站点名称" FieldType="text" Options="" DefaultValue="" Other="" HtmlTemplate="" DictCode="" Size="0" Style="" RecommendChannel="" RecommendValue="" GroupChannel="" DataType="0" Caption="" RelationChannelID="0"/>
          <field Name="SubTitle" GroupID="6346" IsHide="1" DisableBlank="0" DisableEdit="0" Description="副标题" FieldType="text" Options="" DefaultValue="" Other="" HtmlTemplate="" DictCode="" Size="0" Style="" RecommendChannel="" RecommendValue="" GroupChannel="" DataType="0" Caption="" RelationChannelID="0"/>
          <field Name="PublishDate" GroupID="0" IsHide="1" DisableBlank="0" DisableEdit="0" Description="发布日期" FieldType="datetime" Options="" DefaultValue="" Other="" HtmlTemplate="" DictCode="" Size="0" Style="" RecommendChannel="" RecommendValue="" GroupChannel="" DataType="0" Caption="" RelationChannelID="0"/>
          <field Name="Weight" GroupID="0" IsHide="1" DisableBlank="0" DisableEdit="0" Description="权重" FieldType="text" Options="" DefaultValue="" Other="" HtmlTemplate="" DictCode="" Size="0" Style="" RecommendChannel="" RecommendValue="" GroupChannel="" DataType="0" Caption="" RelationChannelID="0"/>
          <field Name="DocFrom" GroupID="0" IsHide="1" DisableBlank="0" DisableEdit="0" Description="文章来源" FieldType="text" Options="" DefaultValue="" Other="" HtmlTemplate="" DictCode="" Size="0" Style="" RecommendChannel="" RecommendValue="" GroupChannel="" DataType="0" Caption="" RelationChannelID="0"/>
          <field Name="IsPhotoNews" GroupID="0" IsHide="1" DisableBlank="0" DisableEdit="0" Description="图片新闻" FieldType="checkbox" Options="" DefaultValue="" Other="" HtmlTemplate="" DictCode="" Size="0" Style="" RecommendChannel="" RecommendValue="" GroupChannel="" DataType="0" Caption="" RelationChannelID="0"/>
          <field Name="Summary" GroupID="0" IsHide="1" DisableBlank="0" DisableEdit="0" Description="摘要" FieldType="textarea" Options="" DefaultValue="" Other="" HtmlTemplate="" DictCode="" Size="0" Style="" RecommendChannel="" RecommendValue="" GroupChannel="" DataType="0" Caption="" RelationChannelID="0"/>
          <field Name="Content" GroupID="6346" IsHide="1" DisableBlank="0" DisableEdit="0" Description="内容" FieldType="textarea" Options="" DefaultValue="" Other="" HtmlTemplate="" DictCode="" Size="0" Style="" RecommendChannel="" RecommendValue="" GroupChannel="" DataType="0" Caption="" RelationChannelID="0"/>
          <field Name="Photo" GroupID="0" IsHide="1" DisableBlank="0" DisableEdit="0" Description="图片" FieldType="image" Options="" DefaultValue="" Other="" HtmlTemplate="" DictCode="" Size="0" Style="" RecommendChannel="" RecommendValue="" GroupChannel="" DataType="0" Caption="" RelationChannelID="0"/>
          <field Name="Keyword" GroupID="0" IsHide="1" DisableBlank="0" DisableEdit="0" Description="关键词" FieldType="text" Options="" DefaultValue="" Other="" HtmlTemplate="" DictCode="" Size="0" Style="" RecommendChannel="" RecommendValue="" GroupChannel="" DataType="0" Caption="" RelationChannelID="0"/>
          <field Name="Tag" GroupID="0" IsHide="1" DisableBlank="0" DisableEdit="0" Description="标签" FieldType="text" Options="" DefaultValue="" Other="" HtmlTemplate="" DictCode="" Size="0" Style="" RecommendChannel="" RecommendValue="" GroupChannel="" DataType="0" Caption="" RelationChannelID="0"/>
          <field Name="SetPublishDate" GroupID="0" IsHide="1" DisableBlank="0" DisableEdit="0" Description="定时发布" FieldType="text" Options="" DefaultValue="" Other="" HtmlTemplate="" DictCode="" Size="0" Style="" RecommendChannel="" RecommendValue="" GroupChannel="" DataType="0" Caption="" RelationChannelID="0"/>
          <field Name="siteid" GroupID="6346" IsHide="0" DisableBlank="0" DisableEdit="0" Description="站点编号" FieldType="number" Options="" DefaultValue="" Other="" HtmlTemplate="" DictCode="" Size="0" Style="" RecommendChannel="" RecommendValue="" GroupChannel="" DataType="0" Caption="" RelationChannelID="0"/>
          <field Name="slideurl" GroupID="6346" IsHide="0" DisableBlank="0" DisableEdit="0" Description="轮播图列表页地址" FieldType="text" Options="" DefaultValue="" Other="" HtmlTemplate="" DictCode="" Size="0" Style="" RecommendChannel="" RecommendValue="" GroupChannel="" DataType="0" Caption="" RelationChannelID="0"/>
        </fields>
        <templates/>
      </channel>
      <channel ListProgram="" DocumentProgram="" FolderName="community_recommend" Type="0" Id="16072" Name="主播互动模块" ImageFolderName="" SerialNo="community_s53_recommend" auto="false" SiteID="53" AutoSerialNo="community_s53_recommend_a" IsDisplay="1" IsWeight="0" IsComment="0" IsClick="0" IsShowDraftNumber="0" Href="" Extra1="" ListJS="" DocumentJS="" TemplateInherit="0" Company="0" Application="">
        <fields>
          <group id="8564" Name="内容编辑" Extra="" Url="" LinkChannel="0" Type="0"/>
          <field Name="Title" GroupID="8564" IsHide="0" DisableBlank="0" DisableEdit="0" Description="媒体号名称(非前端显示)" FieldType="text" Options="" DefaultValue="" Other="" HtmlTemplate="" DictCode="" Size="0" Style="" RecommendChannel="" RecommendValue="" GroupChannel="" DataType="0" Caption="" RelationChannelID="0"/>
          <field Name="SubTitle" GroupID="8564" IsHide="1" DisableBlank="0" DisableEdit="0" Description="副标题" FieldType="text" Options="" DefaultValue="" Other="" HtmlTemplate="" DictCode="" Size="0" Style="" RecommendChannel="" RecommendValue="" GroupChannel="" DataType="0" Caption="" RelationChannelID="0"/>
          <field Name="PublishDate" GroupID="0" IsHide="0" DisableBlank="0" DisableEdit="0" Description="发布日期" FieldType="datetime" Options="" DefaultValue="" Other="" HtmlTemplate="" DictCode="" Size="0" Style="" RecommendChannel="" RecommendValue="" GroupChannel="" DataType="0" Caption="" RelationChannelID="0"/>
          <field Name="Weight" GroupID="0" IsHide="1" DisableBlank="0" DisableEdit="0" Description="权重" FieldType="text" Options="" DefaultValue="" Other="" HtmlTemplate="" DictCode="" Size="0" Style="" RecommendChannel="" RecommendValue="" GroupChannel="" DataType="0" Caption="" RelationChannelID="0"/>
          <field Name="DocFrom" GroupID="0" IsHide="1" DisableBlank="0" DisableEdit="0" Description="文章来源" FieldType="text" Options="" DefaultValue="" Other="" HtmlTemplate="" DictCode="" Size="0" Style="" RecommendChannel="" RecommendValue="" GroupChannel="" DataType="0" Caption="" RelationChannelID="0"/>
          <field Name="IsPhotoNews" GroupID="0" IsHide="1" DisableBlank="0" DisableEdit="0" Description="图片新闻" FieldType="checkbox" Options="" DefaultValue="" Other="" HtmlTemplate="" DictCode="" Size="0" Style="" RecommendChannel="" RecommendValue="" GroupChannel="" DataType="0" Caption="" RelationChannelID="0"/>
          <field Name="Summary" GroupID="0" IsHide="0" DisableBlank="0" DisableEdit="0" Description="摘要" FieldType="textarea" Options="" DefaultValue="" Other="" HtmlTemplate="" DictCode="" Size="0" Style="" RecommendChannel="" RecommendValue="" GroupChannel="" DataType="0" Caption="" RelationChannelID="0"/>
          <field Name="Content" GroupID="8564" IsHide="1" DisableBlank="0" DisableEdit="0" Description="内容" FieldType="textarea" Options="" DefaultValue="" Other="" HtmlTemplate="" DictCode="" Size="0" Style="" RecommendChannel="" RecommendValue="" GroupChannel="" DataType="0" Caption="" RelationChannelID="0"/>
          <field Name="Photo" GroupID="0" IsHide="0" DisableBlank="0" DisableEdit="0" Description="图片" FieldType="image" Options="" DefaultValue="" Other="" HtmlTemplate="" DictCode="" Size="0" Style="" RecommendChannel="" RecommendValue="" GroupChannel="" DataType="0" Caption="" RelationChannelID="0"/>
          <field Name="Keyword" GroupID="0" IsHide="1" DisableBlank="0" DisableEdit="0" Description="关键词" FieldType="text" Options="" DefaultValue="" Other="" HtmlTemplate="" DictCode="" Size="0" Style="" RecommendChannel="" RecommendValue="" GroupChannel="" DataType="0" Caption="" RelationChannelID="0"/>
          <field Name="Tag" GroupID="0" IsHide="1" DisableBlank="0" DisableEdit="0" Description="标签" FieldType="text" Options="" DefaultValue="" Other="" HtmlTemplate="" DictCode="" Size="0" Style="" RecommendChannel="" RecommendValue="" GroupChannel="" DataType="0" Caption="" RelationChannelID="0"/>
          <field Name="SetPublishDate" GroupID="0" IsHide="1" DisableBlank="0" DisableEdit="0" Description="定时发布" FieldType="text" Options="" DefaultValue="" Other="" HtmlTemplate="" DictCode="" Size="0" Style="" RecommendChannel="" RecommendValue="" GroupChannel="" DataType="0" Caption="" RelationChannelID="0"/>
          <field Name="companyid" GroupID="8564" IsHide="0" DisableBlank="0" DisableEdit="0" Description="企业编号" FieldType="text" Options="" DefaultValue="" Other="null" HtmlTemplate="" DictCode="" Size="0" Style="null" RecommendChannel="" RecommendValue="" GroupChannel="" DataType="0" Caption="" RelationChannelID="0"/>
        </fields>
        <templates/>
      </channel>
    </channel>
    <channel ListProgram="../app/pinglun_doc.jsp" DocumentProgram="" FolderName="a" Type="0" Id="14265" Name="文章评论管理" ImageFolderName="" SerialNo="comment" auto="false" SiteID="53" AutoSerialNo="comment_a" IsDisplay="1" IsWeight="0" IsComment="0" IsClick="0" IsShowDraftNumber="0" Href="" Extra1="" ListJS="" DocumentJS="" TemplateInherit="0" Company="0" Application="">
      <fields>
        <group id="6290" Name="内容编辑" Extra="" Url="" LinkChannel="0" Type="0"/>
        <field Name="Title" GroupID="6290" IsHide="0" DisableBlank="0" DisableEdit="0" Description="标题" FieldType="text" Options="" DefaultValue="" Other="" HtmlTemplate="" DictCode="" Size="0" Style="" RecommendChannel="" RecommendValue="" GroupChannel="" DataType="0" Caption="" RelationChannelID="0"/>
        <field Name="SubTitle" GroupID="6290" IsHide="1" DisableBlank="0" DisableEdit="0" Description="副标题" FieldType="text" Options="" DefaultValue="" Other="" HtmlTemplate="" DictCode="" Size="0" Style="" RecommendChannel="" RecommendValue="" GroupChannel="" DataType="0" Caption="" RelationChannelID="0"/>
        <field Name="PublishDate" GroupID="0" IsHide="0" DisableBlank="0" DisableEdit="0" Description="发布日期" FieldType="datetime" Options="" DefaultValue="" Other="" HtmlTemplate="" DictCode="" Size="0" Style="" RecommendChannel="" RecommendValue="" GroupChannel="" DataType="0" Caption="" RelationChannelID="0"/>
        <field Name="Weight" GroupID="0" IsHide="1" DisableBlank="0" DisableEdit="0" Description="权重" FieldType="text" Options="" DefaultValue="" Other="" HtmlTemplate="" DictCode="" Size="0" Style="" RecommendChannel="" RecommendValue="" GroupChannel="" DataType="0" Caption="" RelationChannelID="0"/>
        <field Name="DocFrom" GroupID="6290" IsHide="1" DisableBlank="0" DisableEdit="0" Description="文章来源" FieldType="text" Options="" DefaultValue="" Other="" HtmlTemplate="" DictCode="" Size="0" Style="" RecommendChannel="" RecommendValue="" GroupChannel="" DataType="0" Caption="" RelationChannelID="0"/>
        <field Name="IsPhotoNews" GroupID="6290" IsHide="1" DisableBlank="0" DisableEdit="0" Description="图片新闻" FieldType="checkbox" Options="" DefaultValue="" Other="" HtmlTemplate="" DictCode="" Size="0" Style="" RecommendChannel="" RecommendValue="" GroupChannel="" DataType="0" Caption="" RelationChannelID="0"/>
        <field Name="Summary" GroupID="6290" IsHide="1" DisableBlank="0" DisableEdit="0" Description="摘要" FieldType="textarea" Options="" DefaultValue="" Other="" HtmlTemplate="" DictCode="" Size="0" Style="" RecommendChannel="" RecommendValue="" GroupChannel="" DataType="0" Caption="" RelationChannelID="0"/>
        <field Name="Content" GroupID="6290" IsHide="0" DisableBlank="0" DisableEdit="0" Description="内容" FieldType="textarea" Options="" DefaultValue="" Other="" HtmlTemplate="" DictCode="" Size="0" Style="" RecommendChannel="" RecommendValue="" GroupChannel="" DataType="0" Caption="" RelationChannelID="0"/>
        <field Name="Photo" GroupID="6290" IsHide="1" DisableBlank="0" DisableEdit="0" Description="图片" FieldType="image" Options="" DefaultValue="" Other="" HtmlTemplate="" DictCode="" Size="0" Style="" RecommendChannel="" RecommendValue="" GroupChannel="" DataType="0" Caption="" RelationChannelID="0"/>
        <field Name="Keyword" GroupID="0" IsHide="1" DisableBlank="0" DisableEdit="0" Description="关键词" FieldType="text" Options="" DefaultValue="" Other="" HtmlTemplate="" DictCode="" Size="0" Style="" RecommendChannel="" RecommendValue="" GroupChannel="" DataType="0" Caption="" RelationChannelID="0"/>
        <field Name="Tag" GroupID="0" IsHide="1" DisableBlank="0" DisableEdit="0" Description="标签" FieldType="text" Options="" DefaultValue="" Other="" HtmlTemplate="" DictCode="" Size="0" Style="" RecommendChannel="" RecommendValue="" GroupChannel="" DataType="0" Caption="" RelationChannelID="0"/>
        <field Name="SetPublishDate" GroupID="0" IsHide="1" DisableBlank="0" DisableEdit="0" Description="定时发布" FieldType="text" Options="" DefaultValue="" Other="" HtmlTemplate="" DictCode="" Size="0" Style="" RecommendChannel="" RecommendValue="" GroupChannel="" DataType="0" Caption="" RelationChannelID="0"/>
        <field Name="url" GroupID="6290" IsHide="0" DisableBlank="0" DisableEdit="0" Description="评论页链接" FieldType="text" Options="" DefaultValue="" Other="" HtmlTemplate="" DictCode="" Size="0" Style="" RecommendChannel="" RecommendValue="" GroupChannel="" DataType="0" Caption="" RelationChannelID="0"/>
        <field Name="parent" GroupID="6290" IsHide="0" DisableBlank="0" DisableEdit="0" Description="二级评论父id" FieldType="number" Options="" DefaultValue="" Other="" HtmlTemplate="" DictCode="" Size="0" Style="" RecommendChannel="" RecommendValue="" GroupChannel="" DataType="0" Caption="" RelationChannelID="0"/>
        <field Name="username" GroupID="6290" IsHide="0" DisableBlank="0" DisableEdit="0" Description="用户名" FieldType="text" Options="" DefaultValue="" Other="" HtmlTemplate="" DictCode="" Size="0" Style="" RecommendChannel="" RecommendValue="" GroupChannel="" DataType="0" Caption="" RelationChannelID="0"/>
        <field Name="item_gid" GroupID="6290" IsHide="0" DisableBlank="0" DisableEdit="0" Description="文章编号" FieldType="number" Options="" DefaultValue="" Other="" HtmlTemplate="" DictCode="" Size="0" Style="" RecommendChannel="" RecommendValue="" GroupChannel="" DataType="0" Caption="" RelationChannelID="0"/>
        <field Name="userid" GroupID="6290" IsHide="0" DisableBlank="0" DisableEdit="0" Description="用户编号" FieldType="number" Options="" DefaultValue="" Other="" HtmlTemplate="" DictCode="" Size="0" Style="" RecommendChannel="" RecommendValue="" GroupChannel="" DataType="0" Caption="" RelationChannelID="0"/>
        <field Name="siteflag" GroupID="6290" IsHide="0" DisableBlank="0" DisableEdit="0" Description="客户端归属" FieldType="number" Options="" DefaultValue="" Other="" HtmlTemplate="" DictCode="" Size="0" Style="" RecommendChannel="" RecommendValue="" GroupChannel="" DataType="0" Caption="" RelationChannelID="0"/>
        <field Name="user_ip" GroupID="6290" IsHide="0" DisableBlank="0" DisableEdit="0" Description="用户ip" FieldType="text" Options="" DefaultValue="" Other="" HtmlTemplate="" DictCode="" Size="0" Style="" RecommendChannel="" RecommendValue="" GroupChannel="" DataType="0" Caption="" RelationChannelID="0"/>
      </fields>
      <templates/>
    </channel>
    <channel ListProgram="" DocumentProgram="" FolderName="a" Type="0" Id="14268" Name="意见反馈管理" ImageFolderName="" SerialNo="messagefeedback" auto="false" SiteID="53" AutoSerialNo="messagefeedback_a" IsDisplay="1" IsWeight="0" IsComment="0" IsClick="0" IsShowDraftNumber="0" Href="" Extra1="" ListJS="" DocumentJS="" TemplateInherit="0" Company="0" Application="">
      <fields>
        <group id="6294" Name="内容编辑" Extra="" Url="" LinkChannel="0" Type="0"/>
        <field Name="Title" GroupID="6294" IsHide="0" DisableBlank="0" DisableEdit="0" Description="标题" FieldType="text" Options="" DefaultValue="" Other="" HtmlTemplate="" DictCode="" Size="0" Style="" RecommendChannel="" RecommendValue="" GroupChannel="" DataType="0" Caption="" RelationChannelID="0"/>
        <field Name="SubTitle" GroupID="6294" IsHide="1" DisableBlank="0" DisableEdit="0" Description="副标题" FieldType="text" Options="" DefaultValue="" Other="" HtmlTemplate="" DictCode="" Size="0" Style="" RecommendChannel="" RecommendValue="" GroupChannel="" DataType="0" Caption="" RelationChannelID="0"/>
        <field Name="PublishDate" GroupID="0" IsHide="0" DisableBlank="0" DisableEdit="0" Description="发布日期" FieldType="datetime" Options="" DefaultValue="" Other="" HtmlTemplate="" DictCode="" Size="0" Style="" RecommendChannel="" RecommendValue="" GroupChannel="" DataType="0" Caption="" RelationChannelID="0"/>
        <field Name="Weight" GroupID="0" IsHide="1" DisableBlank="0" DisableEdit="0" Description="权重" FieldType="text" Options="" DefaultValue="" Other="" HtmlTemplate="" DictCode="" Size="0" Style="" RecommendChannel="" RecommendValue="" GroupChannel="" DataType="0" Caption="" RelationChannelID="0"/>
        <field Name="DocFrom" GroupID="6294" IsHide="1" DisableBlank="0" DisableEdit="0" Description="文章来源" FieldType="text" Options="" DefaultValue="" Other="" HtmlTemplate="" DictCode="" Size="0" Style="" RecommendChannel="" RecommendValue="" GroupChannel="" DataType="0" Caption="" RelationChannelID="0"/>
        <field Name="IsPhotoNews" GroupID="6294" IsHide="1" DisableBlank="0" DisableEdit="0" Description="图片新闻" FieldType="checkbox" Options="" DefaultValue="" Other="" HtmlTemplate="" DictCode="" Size="0" Style="" RecommendChannel="" RecommendValue="" GroupChannel="" DataType="0" Caption="" RelationChannelID="0"/>
        <field Name="Summary" GroupID="6294" IsHide="1" DisableBlank="0" DisableEdit="0" Description="摘要" FieldType="textarea" Options="" DefaultValue="" Other="" HtmlTemplate="" DictCode="" Size="0" Style="" RecommendChannel="" RecommendValue="" GroupChannel="" DataType="0" Caption="" RelationChannelID="0"/>
        <field Name="Content" GroupID="6294" IsHide="0" DisableBlank="0" DisableEdit="0" Description="内容" FieldType="textarea" Options="" DefaultValue="" Other="" HtmlTemplate="" DictCode="" Size="0" Style="" RecommendChannel="" RecommendValue="" GroupChannel="" DataType="0" Caption="" RelationChannelID="0"/>
        <field Name="Photo" GroupID="6294" IsHide="1" DisableBlank="0" DisableEdit="0" Description="图片" FieldType="image" Options="" DefaultValue="" Other="" HtmlTemplate="" DictCode="" Size="0" Style="" RecommendChannel="" RecommendValue="" GroupChannel="" DataType="0" Caption="" RelationChannelID="0"/>
        <field Name="Keyword" GroupID="0" IsHide="1" DisableBlank="0" DisableEdit="0" Description="关键词" FieldType="text" Options="" DefaultValue="" Other="" HtmlTemplate="" DictCode="" Size="0" Style="" RecommendChannel="" RecommendValue="" GroupChannel="" DataType="0" Caption="" RelationChannelID="0"/>
        <field Name="Tag" GroupID="0" IsHide="1" DisableBlank="0" DisableEdit="0" Description="标签" FieldType="text" Options="" DefaultValue="" Other="" HtmlTemplate="" DictCode="" Size="0" Style="" RecommendChannel="" RecommendValue="" GroupChannel="" DataType="0" Caption="" RelationChannelID="0"/>
        <field Name="SetPublishDate" GroupID="0" IsHide="1" DisableBlank="0" DisableEdit="0" Description="定时发布" FieldType="text" Options="" DefaultValue="" Other="" HtmlTemplate="" DictCode="" Size="0" Style="" RecommendChannel="" RecommendValue="" GroupChannel="" DataType="0" Caption="" RelationChannelID="0"/>
        <field Name="contact" GroupID="6294" IsHide="0" DisableBlank="0" DisableEdit="0" Description="联系方式" FieldType="text" Options="" DefaultValue="" Other="" HtmlTemplate="" DictCode="" Size="0" Style="" RecommendChannel="" RecommendValue="" GroupChannel="" DataType="0" Caption="" RelationChannelID="0"/>
        <field Name="siteflag" GroupID="6294" IsHide="0" DisableBlank="0" DisableEdit="0" Description="客户端归属" FieldType="number" Options="" DefaultValue="" Other="" HtmlTemplate="" DictCode="" Size="0" Style="" RecommendChannel="" RecommendValue="" GroupChannel="" DataType="0" Caption="" RelationChannelID="0"/>
      </fields>
      <templates/>
    </channel>
    <channel ListProgram="" DocumentProgram="" FolderName="b" Type="0" Id="14443" Name="第三方平台密钥设置" ImageFolderName="" SerialNo="threadmanager" auto="false" SiteID="53" AutoSerialNo="threadmanager_a" IsDisplay="1" IsWeight="0" IsComment="0" IsClick="0" IsShowDraftNumber="0" Href="" Extra1="" ListJS="" DocumentJS="" TemplateInherit="0" Company="0" Application="">
      <fields>
        <group id="6464" Name="内容编辑" Extra="" Url="" LinkChannel="0" Type="0"/>
        <group id="6474" Name="新浪微博" Extra="" Url="" LinkChannel="0" Type="0"/>
        <group id="6475" Name="小米推送" Extra="" Url="" LinkChannel="0" Type="0"/>
        <field Name="Title" GroupID="6464" IsHide="0" DisableBlank="0" DisableEdit="0" Description="客户端名称" FieldType="text" Options="" DefaultValue="" Other="" HtmlTemplate="" DictCode="" Size="0" Style="" RecommendChannel="" RecommendValue="" GroupChannel="" DataType="0" Caption="" RelationChannelID="0"/>
        <field Name="SubTitle" GroupID="6464" IsHide="1" DisableBlank="0" DisableEdit="0" Description="副标题" FieldType="text" Options="" DefaultValue="" Other="" HtmlTemplate="" DictCode="" Size="0" Style="" RecommendChannel="" RecommendValue="" GroupChannel="" DataType="0" Caption="" RelationChannelID="0"/>
        <field Name="PublishDate" GroupID="0" IsHide="0" DisableBlank="0" DisableEdit="0" Description="发布日期" FieldType="datetime" Options="" DefaultValue="" Other="" HtmlTemplate="" DictCode="" Size="0" Style="" RecommendChannel="" RecommendValue="" GroupChannel="" DataType="0" Caption="" RelationChannelID="0"/>
        <field Name="Weight" GroupID="0" IsHide="1" DisableBlank="0" DisableEdit="0" Description="权重" FieldType="text" Options="" DefaultValue="" Other="" HtmlTemplate="" DictCode="" Size="0" Style="" RecommendChannel="" RecommendValue="" GroupChannel="" DataType="0" Caption="" RelationChannelID="0"/>
        <field Name="DocFrom" GroupID="0" IsHide="1" DisableBlank="0" DisableEdit="0" Description="文章来源" FieldType="text" Options="" DefaultValue="" Other="" HtmlTemplate="" DictCode="" Size="0" Style="" RecommendChannel="" RecommendValue="" GroupChannel="" DataType="0" Caption="" RelationChannelID="0"/>
        <field Name="IsPhotoNews" GroupID="0" IsHide="1" DisableBlank="0" DisableEdit="0" Description="图片新闻" FieldType="checkbox" Options="" DefaultValue="" Other="" HtmlTemplate="" DictCode="" Size="0" Style="" RecommendChannel="" RecommendValue="" GroupChannel="" DataType="0" Caption="" RelationChannelID="0"/>
        <field Name="Summary" GroupID="0" IsHide="1" DisableBlank="0" DisableEdit="0" Description="摘要" FieldType="textarea" Options="" DefaultValue="" Other="" HtmlTemplate="" DictCode="" Size="0" Style="" RecommendChannel="" RecommendValue="" GroupChannel="" DataType="0" Caption="" RelationChannelID="0"/>
        <field Name="Content" GroupID="6464" IsHide="1" DisableBlank="0" DisableEdit="0" Description="内容" FieldType="textarea" Options="" DefaultValue="" Other="" HtmlTemplate="" DictCode="" Size="0" Style="" RecommendChannel="" RecommendValue="" GroupChannel="" DataType="0" Caption="" RelationChannelID="0"/>
        <field Name="Photo" GroupID="0" IsHide="1" DisableBlank="0" DisableEdit="0" Description="图片" FieldType="image" Options="" DefaultValue="" Other="" HtmlTemplate="" DictCode="" Size="0" Style="" RecommendChannel="" RecommendValue="" GroupChannel="" DataType="0" Caption="" RelationChannelID="0"/>
        <field Name="Keyword" GroupID="0" IsHide="1" DisableBlank="0" DisableEdit="0" Description="关键词" FieldType="text" Options="" DefaultValue="" Other="" HtmlTemplate="" DictCode="" Size="0" Style="" RecommendChannel="" RecommendValue="" GroupChannel="" DataType="0" Caption="" RelationChannelID="0"/>
        <field Name="Tag" GroupID="0" IsHide="1" DisableBlank="0" DisableEdit="0" Description="标签" FieldType="text" Options="" DefaultValue="" Other="" HtmlTemplate="" DictCode="" Size="0" Style="" RecommendChannel="" RecommendValue="" GroupChannel="" DataType="0" Caption="" RelationChannelID="0"/>
        <field Name="SetPublishDate" GroupID="0" IsHide="1" DisableBlank="0" DisableEdit="0" Description="定时发布" FieldType="text" Options="" DefaultValue="" Other="" HtmlTemplate="" DictCode="" Size="0" Style="" RecommendChannel="" RecommendValue="" GroupChannel="" DataType="0" Caption="" RelationChannelID="0"/>
        <field Name="client_id" GroupID="6474" IsHide="0" DisableBlank="0" DisableEdit="0" Description="新浪Appkey" FieldType="text" Options="" DefaultValue="" Other="" HtmlTemplate="" DictCode="" Size="0" Style="" RecommendChannel="" RecommendValue="" GroupChannel="" DataType="0" Caption="" RelationChannelID="0"/>
        <field Name="client_secrect" GroupID="6474" IsHide="0" DisableBlank="0" DisableEdit="0" Description="新浪Secrect" FieldType="text" Options="" DefaultValue="" Other="" HtmlTemplate="" DictCode="" Size="0" Style="" RecommendChannel="" RecommendValue="" GroupChannel="" DataType="0" Caption="" RelationChannelID="0"/>
        <field Name="redirect_URI" GroupID="6474" IsHide="0" DisableBlank="0" DisableEdit="0" Description="新浪跳转地址" FieldType="text" Options="" DefaultValue="" Other="" HtmlTemplate="" DictCode="" Size="0" Style="" RecommendChannel="" RecommendValue="" GroupChannel="" DataType="0" Caption="" RelationChannelID="0"/>
        <field Name="accesstoken" GroupID="6474" IsHide="0" DisableBlank="0" DisableEdit="0" Description="微博token许可" FieldType="text" Options="" DefaultValue="" Other="" HtmlTemplate="" DictCode="" Size="0" Style="" RecommendChannel="" RecommendValue="" GroupChannel="" DataType="0" Caption="" RelationChannelID="0"/>
        <field Name="siteflag" GroupID="6464" IsHide="0" DisableBlank="0" DisableEdit="0" Description="客户端来源" FieldType="number" Options="" DefaultValue="" Other="" HtmlTemplate="" DictCode="" Size="0" Style="" RecommendChannel="" RecommendValue="" GroupChannel="" DataType="0" Caption="" RelationChannelID="0"/>
        <field Name="packagename" GroupID="6475" IsHide="0" DisableBlank="0" DisableEdit="0" Description="Android客户端包名" FieldType="text" Options="" DefaultValue="" Other="" HtmlTemplate="" DictCode="" Size="0" Style="" RecommendChannel="" RecommendValue="" GroupChannel="" DataType="0" Caption="" RelationChannelID="0"/>
        <field Name="bundleid" GroupID="6475" IsHide="0" DisableBlank="0" DisableEdit="0" Description="IOS包名" FieldType="text" Options="" DefaultValue="" Other="" HtmlTemplate="" DictCode="" Size="0" Style="" RecommendChannel="" RecommendValue="" GroupChannel="" DataType="0" Caption="" RelationChannelID="0"/>
        <field Name="android_secrect_key" GroupID="6475" IsHide="0" DisableBlank="0" DisableEdit="0" Description="安卓-AppSecret" FieldType="text" Options="" DefaultValue="" Other="" HtmlTemplate="" DictCode="" Size="0" Style="" RecommendChannel="" RecommendValue="" GroupChannel="" DataType="0" Caption="" RelationChannelID="0"/>
        <field Name="ios_secrect_key" GroupID="6475" IsHide="0" DisableBlank="0" DisableEdit="0" Description="苹果-AppSecret" FieldType="text" Options="" DefaultValue="" Other="" HtmlTemplate="" DictCode="" Size="0" Style="" RecommendChannel="" RecommendValue="" GroupChannel="" DataType="0" Caption="" RelationChannelID="0"/>
      </fields>
      <templates/>
    </channel>
    <channel ListProgram="" DocumentProgram="" FolderName="checkmodel" Type="0" Id="16060" Name="评论/贴子审核设置" ImageFolderName="" SerialNo="checkmodel" auto="false" SiteID="53" AutoSerialNo="checkmodel_a" IsDisplay="1" IsWeight="0" IsComment="0" IsClick="0" IsShowDraftNumber="0" Href="" Extra1="" ListJS="" DocumentJS="" TemplateInherit="0" Company="0" Application="">
      <fields>
        <group id="8552" Name="内容编辑" Extra="" Url="" LinkChannel="0" Type="0"/>
        <field Name="Title" GroupID="8552" IsHide="0" DisableBlank="0" DisableEdit="0" Description="客户端名称" FieldType="text" Options="" DefaultValue="" Other="" HtmlTemplate="" DictCode="" Size="0" Style="" RecommendChannel="" RecommendValue="" GroupChannel="" DataType="0" Caption="" RelationChannelID="0"/>
        <field Name="SubTitle" GroupID="8552" IsHide="1" DisableBlank="0" DisableEdit="0" Description="副标题" FieldType="text" Options="" DefaultValue="" Other="" HtmlTemplate="" DictCode="" Size="0" Style="" RecommendChannel="" RecommendValue="" GroupChannel="" DataType="0" Caption="" RelationChannelID="0"/>
        <field Name="PublishDate" GroupID="0" IsHide="0" DisableBlank="0" DisableEdit="0" Description="发布日期" FieldType="datetime" Options="" DefaultValue="" Other="" HtmlTemplate="" DictCode="" Size="0" Style="" RecommendChannel="" RecommendValue="" GroupChannel="" DataType="0" Caption="" RelationChannelID="0"/>
        <field Name="Weight" GroupID="0" IsHide="1" DisableBlank="0" DisableEdit="0" Description="权重" FieldType="text" Options="" DefaultValue="" Other="" HtmlTemplate="" DictCode="" Size="0" Style="" RecommendChannel="" RecommendValue="" GroupChannel="" DataType="0" Caption="" RelationChannelID="0"/>
        <field Name="DocFrom" GroupID="0" IsHide="1" DisableBlank="0" DisableEdit="0" Description="文章来源" FieldType="text" Options="" DefaultValue="" Other="" HtmlTemplate="" DictCode="" Size="0" Style="" RecommendChannel="" RecommendValue="" GroupChannel="" DataType="0" Caption="" RelationChannelID="0"/>
        <field Name="IsPhotoNews" GroupID="0" IsHide="1" DisableBlank="0" DisableEdit="0" Description="图片新闻" FieldType="checkbox" Options="" DefaultValue="" Other="" HtmlTemplate="" DictCode="" Size="0" Style="" RecommendChannel="" RecommendValue="" GroupChannel="" DataType="0" Caption="" RelationChannelID="0"/>
        <field Name="Summary" GroupID="0" IsHide="1" DisableBlank="0" DisableEdit="0" Description="摘要" FieldType="textarea" Options="" DefaultValue="" Other="" HtmlTemplate="" DictCode="" Size="0" Style="" RecommendChannel="" RecommendValue="" GroupChannel="" DataType="0" Caption="" RelationChannelID="0"/>
        <field Name="Content" GroupID="8552" IsHide="1" DisableBlank="0" DisableEdit="0" Description="内容" FieldType="textarea" Options="" DefaultValue="" Other="" HtmlTemplate="" DictCode="" Size="0" Style="" RecommendChannel="" RecommendValue="" GroupChannel="" DataType="0" Caption="" RelationChannelID="0"/>
        <field Name="Photo" GroupID="0" IsHide="1" DisableBlank="0" DisableEdit="0" Description="图片" FieldType="image" Options="" DefaultValue="" Other="" HtmlTemplate="" DictCode="" Size="0" Style="" RecommendChannel="" RecommendValue="" GroupChannel="" DataType="0" Caption="" RelationChannelID="0"/>
        <field Name="Keyword" GroupID="0" IsHide="1" DisableBlank="0" DisableEdit="0" Description="关键词" FieldType="text" Options="" DefaultValue="" Other="" HtmlTemplate="" DictCode="" Size="0" Style="" RecommendChannel="" RecommendValue="" GroupChannel="" DataType="0" Caption="" RelationChannelID="0"/>
        <field Name="Tag" GroupID="0" IsHide="1" DisableBlank="0" DisableEdit="0" Description="标签" FieldType="text" Options="" DefaultValue="" Other="" HtmlTemplate="" DictCode="" Size="0" Style="" RecommendChannel="" RecommendValue="" GroupChannel="" DataType="0" Caption="" RelationChannelID="0"/>
        <field Name="SetPublishDate" GroupID="0" IsHide="1" DisableBlank="0" DisableEdit="0" Description="定时发布" FieldType="text" Options="" DefaultValue="" Other="" HtmlTemplate="" DictCode="" Size="0" Style="" RecommendChannel="" RecommendValue="" GroupChannel="" DataType="0" Caption="" RelationChannelID="0"/>
        <field Name="comment_setting" GroupID="8552" IsHide="0" DisableBlank="0" DisableEdit="0" Description="社区评论审核模式" FieldType="radio" Options="先审后发(0)$tidemedia$先发后审(1)$tidemedia$" DefaultValue="" Other="null" HtmlTemplate="" DictCode="" Size="0" Style="null" RecommendChannel="" RecommendValue="" GroupChannel="" DataType="1" Caption="" RelationChannelID="0"/>
        <field Name="topic_setting" GroupID="8552" IsHide="0" DisableBlank="0" DisableEdit="0" Description="话题帖子审核模式" FieldType="radio" Options="先审后发(0)$tidemedia$先发后审(1)$tidemedia$" DefaultValue="" Other="null" HtmlTemplate="" DictCode="" Size="0" Style="null" RecommendChannel="" RecommendValue="" GroupChannel="" DataType="1" Caption="" RelationChannelID="0"/>
        <field Name="news_setting" GroupID="8552" IsHide="0" DisableBlank="0" DisableEdit="0" Description="普通文章评论审核模式" FieldType="radio" Options="先审后发(0)$tidemedia$先发后审(1)$tidemedia$" DefaultValue="" Other="null" HtmlTemplate="" DictCode="" Size="0" Style="null" RecommendChannel="" RecommendValue="" GroupChannel="" DataType="1" Caption="" RelationChannelID="0"/>
        <field Name="siteflag" GroupID="8552" IsHide="0" DisableBlank="0" DisableEdit="0" Description="客户端来源" FieldType="number" Options="" DefaultValue="" Other="null" HtmlTemplate="" DictCode="" Size="0" Style="null" RecommendChannel="" RecommendValue="" GroupChannel="" DataType="0" Caption="" RelationChannelID="0"/>
      </fields>
      <templates/>
    </channel>
    <channel ListProgram="" DocumentProgram="" FolderName="goldaddition" Type="0" Id="16323" Name="金币加成" ImageFolderName="" SerialNo="s53_goldaddition" auto="false" SiteID="53" AutoSerialNo="s53_goldaddition_a" IsDisplay="1" IsWeight="0" IsComment="0" IsClick="0" IsShowDraftNumber="0" Href="" Extra1="" ListJS="" DocumentJS="" TemplateInherit="0" Company="0" Application="">
      <fields>
        <group id="8743" Name="内容编辑" Extra="" Url="" LinkChannel="0" Type="0"/>
        <field Name="Title" GroupID="8743" IsHide="0" DisableBlank="0" DisableEdit="0" Description="动作名称" FieldType="text" Options="" DefaultValue="" Other="" HtmlTemplate="" DictCode="" Size="0" Style="" RecommendChannel="" RecommendValue="" GroupChannel="" DataType="0" Caption="" RelationChannelID="0"/>
        <field Name="SubTitle" GroupID="8743" IsHide="1" DisableBlank="0" DisableEdit="0" Description="副标题" FieldType="text" Options="" DefaultValue="" Other="" HtmlTemplate="" DictCode="" Size="0" Style="" RecommendChannel="" RecommendValue="" GroupChannel="" DataType="0" Caption="" RelationChannelID="0"/>
        <field Name="PublishDate" GroupID="0" IsHide="0" DisableBlank="0" DisableEdit="0" Description="发布日期" FieldType="datetime" Options="" DefaultValue="" Other="" HtmlTemplate="" DictCode="" Size="0" Style="" RecommendChannel="" RecommendValue="" GroupChannel="" DataType="0" Caption="" RelationChannelID="0"/>
        <field Name="Weight" GroupID="0" IsHide="1" DisableBlank="0" DisableEdit="0" Description="权重" FieldType="text" Options="" DefaultValue="" Other="" HtmlTemplate="" DictCode="" Size="0" Style="" RecommendChannel="" RecommendValue="" GroupChannel="" DataType="0" Caption="" RelationChannelID="0"/>
        <field Name="DocFrom" GroupID="0" IsHide="1" DisableBlank="0" DisableEdit="0" Description="文章来源" FieldType="text" Options="" DefaultValue="" Other="" HtmlTemplate="" DictCode="" Size="0" Style="" RecommendChannel="" RecommendValue="" GroupChannel="" DataType="0" Caption="" RelationChannelID="0"/>
        <field Name="IsPhotoNews" GroupID="0" IsHide="1" DisableBlank="0" DisableEdit="0" Description="图片新闻" FieldType="checkbox" Options="" DefaultValue="" Other="" HtmlTemplate="" DictCode="" Size="0" Style="" RecommendChannel="" RecommendValue="" GroupChannel="" DataType="0" Caption="" RelationChannelID="0"/>
        <field Name="Summary" GroupID="0" IsHide="1" DisableBlank="0" DisableEdit="0" Description="摘要" FieldType="textarea" Options="" DefaultValue="" Other="" HtmlTemplate="" DictCode="" Size="0" Style="" RecommendChannel="" RecommendValue="" GroupChannel="" DataType="0" Caption="" RelationChannelID="0"/>
        <field Name="Content" GroupID="8743" IsHide="1" DisableBlank="0" DisableEdit="0" Description="内容" FieldType="textarea" Options="" DefaultValue="" Other="" HtmlTemplate="" DictCode="" Size="0" Style="" RecommendChannel="" RecommendValue="" GroupChannel="" DataType="0" Caption="" RelationChannelID="0"/>
        <field Name="Photo" GroupID="0" IsHide="1" DisableBlank="0" DisableEdit="0" Description="图片" FieldType="image" Options="" DefaultValue="" Other="" HtmlTemplate="" DictCode="" Size="0" Style="" RecommendChannel="" RecommendValue="" GroupChannel="" DataType="0" Caption="" RelationChannelID="0"/>
        <field Name="Keyword" GroupID="0" IsHide="1" DisableBlank="0" DisableEdit="0" Description="关键词" FieldType="text" Options="" DefaultValue="" Other="" HtmlTemplate="" DictCode="" Size="0" Style="" RecommendChannel="" RecommendValue="" GroupChannel="" DataType="0" Caption="" RelationChannelID="0"/>
        <field Name="Tag" GroupID="0" IsHide="1" DisableBlank="0" DisableEdit="0" Description="标签" FieldType="text" Options="" DefaultValue="" Other="" HtmlTemplate="" DictCode="" Size="0" Style="" RecommendChannel="" RecommendValue="" GroupChannel="" DataType="0" Caption="" RelationChannelID="0"/>
        <field Name="SetPublishDate" GroupID="0" IsHide="1" DisableBlank="0" DisableEdit="0" Description="定时发布" FieldType="text" Options="" DefaultValue="" Other="" HtmlTemplate="" DictCode="" Size="0" Style="" RecommendChannel="" RecommendValue="" GroupChannel="" DataType="0" Caption="" RelationChannelID="0"/>
        <field Name="description" GroupID="8743" IsHide="0" DisableBlank="0" DisableEdit="0" Description="规则描述" FieldType="text" Options="" DefaultValue="" Other="null" HtmlTemplate="" DictCode="" Size="0" Style="null" RecommendChannel="" RecommendValue="" GroupChannel="" DataType="0" Caption="" RelationChannelID="0"/>
        <field Name="goldaddition" GroupID="8743" IsHide="0" DisableBlank="0" DisableEdit="0" Description="金币加成" FieldType="number" Options="" DefaultValue="" Other="null" HtmlTemplate="" DictCode="" Size="0" Style="null" RecommendChannel="" RecommendValue="" GroupChannel="" DataType="0" Caption="" RelationChannelID="0"/>
        <field Name="frequency" GroupID="8743" IsHide="0" DisableBlank="0" DisableEdit="0" Description="限制次数" FieldType="number" Options="" DefaultValue="" Other="null" HtmlTemplate="" DictCode="" Size="0" Style="null" RecommendChannel="" RecommendValue="" GroupChannel="" DataType="0" Caption="" RelationChannelID="0"/>
        <field Name="period" GroupID="8743" IsHide="0" DisableBlank="0" DisableEdit="0" Description="限制周期" FieldType="radio" Options="时(0)$tidemedia$天(1)$tidemedia$周(2)$tidemedia$月(3)$tidemedia$无限(4)$tidemedia$" DefaultValue="0" Other="null" HtmlTemplate="" DictCode="" Size="0" Style="null" RecommendChannel="" RecommendValue="" GroupChannel="" DataType="1" Caption="" RelationChannelID="0"/>
        <field Name="code" GroupID="8743" IsHide="0" DisableBlank="0" DisableEdit="0" Description="菜单标识" FieldType="text" Options="" DefaultValue="" Other="null" HtmlTemplate="" DictCode="" Size="0" Style="null" RecommendChannel="" RecommendValue="" GroupChannel="" DataType="0" Caption="" RelationChannelID="0"/>
        <field Name="ReadType" GroupID="8743" IsHide="0" DisableBlank="0" DisableEdit="0" Description="阅读增加类型" FieldType="radio" Options="打开即为阅读(0)$tidemedia$打开并停留(1)$tidemedia$" DefaultValue="0" Other="" HtmlTemplate="" DictCode="" Size="0" Style="" RecommendChannel="" RecommendValue="" GroupChannel="" DataType="1" Caption="" RelationChannelID="0"/>
        <field Name="StayTime" GroupID="8743" IsHide="0" DisableBlank="0" DisableEdit="0" Description="页面停留时间" FieldType="number" Options="" DefaultValue="" Other="" HtmlTemplate="" DictCode="" Size="0" Style="" RecommendChannel="" RecommendValue="" GroupChannel="" DataType="0" Caption="" RelationChannelID="0"/>
      </fields>
      <templates>
        <template TemplateID="1642" ChannelID="16323" LinkTemplate="0" Charset="" RowsPerPage="0" SubFolderType="0" TemplateType="3" FileNameType="0" FileNameField="" Rows="8" WhereSql="" Lable="" TitleWord="0" Href="" PublishInterval="0" IncludeChildChannel="0" IsInherit="0" TargetName="goldaddition.json"/>
      </templates>
    </channel>
  </channel>
  <template_files>
    <template_file id="1525" Name="话题图集页" FileName="wap_content.shtml" Description="" Title=""><![CDATA[<!doctype html>
<html>
<head>
<meta charset="utf-8">
<title>$item.getTitle()</title>
<meta name="viewport" content="width=device-width,initial-scale=1,maximum-scale=1" />
<meta name="format-detection" content="telephone=no" />

<meta itemprop="name" content="$item.getTitle()"/>
<meta itemprop="image" content="#if($item.getValue('Photo').startsWith("http")==true)$item.getValue('Photo')#else$channel.getSite().getExternalUrl2()$item.getValue('Photo')#end" />
<meta name="description" itemprop="description" content="$util.JSONQuote($item.getSummary())" />

<script src="/js/flexible_css.js"></script>
<script src="/js/flexible.js"></script>   

<script type="text/javascript" src="/js/jquery-1.11.1.min.js"></script>
<script type="text/javascript" src="/js/videoPlayer.js"></script>
<link type="text/css" rel="stylesheet" href="/css/article.css" />
<script> 
	var GlobalID = $item.getGlobalID(); 
    var siteId = $item.getChannel().getSiteID(); 
</script>
<script type="text/javascript" src="/js/history.js"></script>
</head>
<body>
<!--\#include virtual="/Downloadprompt/down.html" -->
<div class="content-wrapper">
      <div class="m-container" id="contentHolder">
            <article class="articleList" style="display: block;">
                <div class="head clearfix" id="ucScreen">
                    <h1 class="article-title">$util.JSQuote($item.getTitle())</h1>
                    <div class="data">发布日期：$item.FormatDate("yyyy年MM月dd日",$item.getPublishDate()) </div>
                </div>
                <div class="text clearfix">
                    <div class="text1"><div class="page-content page-on" style="padding-bottom:30px;">
                    #if($item.getValue("videourl")!="")
                    <div class="player"><video src="$item.getValue("videourl")" controls="controls" poster="$item.getValue("Photo")" style="width:100%;margin:20px auto;"></video></div>
                    #end
                    <div class="conmm">
                    $item.getValue("txtContent")
                    
                    <script>
                    var img=[];
                    #foreach($subitem in $item.listChildItems(14145))
                    img.unshift("$subitem.getValue("Photo")");
                    #end
                    var html=""
                    $(img).each(function(i,el){
                      html+='<img src="'+el+'">';
                    })
                    $(".conmm").append(html)
                    </script>
                    </div>
                    

                    </div></div>
                </div>
            </article>
      </div>
</div>

<!-- <div class="m-top"><a href="#top">回顶部</a></div> -->

<!-- 返回顶部 -->
<div class="top">
	<span class=""></span>
</div>

<script>
    var siteUrl = "$channel.getSite().getExternalUrl2()";
    var Title="$util.JSONQuote($item.getTitle())";
    var Summary="$util.JSONQuote($item.getSummary())";
    var pImg  = "$item.getValue('Photo')";
    if(pImg.substr(0,4)!="http"){
       pImg  = ""+siteUrl + pImg  ;
    }    
    var shareUrl = "$item.getHttpHref()";
    var Desc;
    
</script>
<script src="//res.wx.qq.com/open/js/jweixin-1.0.0.js"></script>
<script src="/js/js_wap.js"></script>
<script>
    //relationNews(); //相关新闻
</script>	
</body>
</html>]]></template_file>
    <template_file id="1486" Name="积分规则" FileName="grade_rules.html" Description="" Title=""><![CDATA[#foreach( $item in $Controller.listTopItems(999))
<tr>
        <tr>
	    <td>$item.getValue("Title")</td>
	    <td><span>+$item.getValue("scoreoperate")</span>经验值</td>
	    <td>上限<span id="totalgold">$item.getValue("upcontrol")</span>经验值</td>
	</tr>	    			
</tr>

#end]]></template_file>
    <template_file id="1485" Name="等级体系页面" FileName="grade.html" Description="" Title=""><![CDATA[#foreach( $item in $Controller.listTopItems(999))
<tr>
	<td>等级$item.getValue("level")</td>
	<td>$item.getValue("designation")</td>
	<td>$item.getValue("scoredown")-$item.getValue("scoretop")</td>
</tr>
#end]]></template_file>
    <template_file id="1642" Name="金币加成" FileName="goldaddition.json" Description="" Title=""><![CDATA[[
#set($i=0)
#foreach( $item in $Controller.listItems("*") )#if($i>0),#end #set($i=$i+1)
 {"Title":"$item.getTitle()","type":"$item.getValue("type")","description":"$item.getValue("description")","goldaddition":"$item.getIntValue("goldaddition")","frequency":"$item.getIntValue("frequency")","period":"$item.getValue("period")"}
#end
]
]]></template_file>
  </template_files>
</root>
