<?xml version="1.0" encoding="utf-8"?>

<!--文章信息，创建时间：2019-2-27 15:52-->
<root>
  <ChannelID>14273</ChannelID>
  <Status>1</Status>
  <Title>4618</Title>
  <SubTitle></SubTitle>
  <PublishDate>1541576070</PublishDate>
  <Weight></Weight>
  <DocFrom></DocFrom>
  <IsPhotoNews></IsPhotoNews>
  <Summary></Summary>
  <Content></Content>
  <Photo></Photo>
  <Keyword></Keyword>
  <Tag></Tag>
  <SetPublishDate></SetPublishDate>
  <Time>1541576070</Time>
  <Tel>15354185264</Tel>
  <siteflag>53</siteflag>
</root>
