<?xml version="1.0" encoding="utf-8"?>

<!--文章信息，创建时间：2019-2-27 15:44-->
<root>
  <ChannelID>15944</ChannelID>
  <Status>0</Status>
  <Title>第二届山西大学生时尚节之夜</Title>
  <SubTitle></SubTitle>
  <PublishDate>1530012746</PublishDate>
  <Weight>0</Weight>
  <DocFrom></DocFrom>
  <IsPhotoNews></IsPhotoNews>
  <Summary></Summary>
  <Content></Content>
  <Photo>http://img.juyun.tv/user/1525828527.jpg</Photo>
  <Keyword></Keyword>
  <Tag></Tag>
  <SetPublishDate></SetPublishDate>
  <pc_url>http://tv.jsports.cn/live_web.php?id=9477</pc_url>
  <url>http://tv.jsports.cn/live.php?id=9477</url>
  <userName>菁体育大东哥</userName>
  <columns>校园活动</columns>
  <views></views>
  <state></state>
  <start>1525861800</start>
  <activity_id>9477</activity_id>
  <end>0</end>
</root>
