<?xml version="1.0" encoding="utf-8"?>

<!--文章信息，创建时间：2019-2-27 15:44-->
<root>
  <ChannelID>15944</ChannelID>
  <Status>0</Status>
  <Title>新时代 新思想 新征程 全国体育与健康教研工作会议暨人教版体育与健康教材培训及经验交流会</Title>
  <SubTitle></SubTitle>
  <PublishDate>1530012746</PublishDate>
  <Weight>0</Weight>
  <DocFrom></DocFrom>
  <IsPhotoNews></IsPhotoNews>
  <Summary></Summary>
  <Content></Content>
  <Photo>http://img.juyun.tv/user/1525310507.jpg</Photo>
  <Keyword></Keyword>
  <Tag></Tag>
  <SetPublishDate></SetPublishDate>
  <pc_url>http://tv.jsports.cn/live_web.php?id=9514</pc_url>
  <url>http://tv.jsports.cn/live.php?id=9514</url>
  <userName>菁体育大东哥</userName>
  <columns>体育培训</columns>
  <views></views>
  <state></state>
  <start>1525449600</start>
  <activity_id>9514</activity_id>
  <end>0</end>
</root>
