<?xml version="1.0" encoding="utf-8"?>

<!--文章信息，创建时间：2019-2-27 15:44-->
<root>
  <ChannelID>15944</ChannelID>
  <Status>0</Status>
  <Title>山西传媒学院第五届“青春杯”校园足球赛</Title>
  <SubTitle></SubTitle>
  <PublishDate>1530012746</PublishDate>
  <Weight>0</Weight>
  <DocFrom></DocFrom>
  <IsPhotoNews></IsPhotoNews>
  <Summary></Summary>
  <Content></Content>
  <Photo>http://img.juyun.tv/user/1526365134.jpg</Photo>
  <Keyword></Keyword>
  <Tag></Tag>
  <SetPublishDate></SetPublishDate>
  <pc_url>http://tv.jsports.cn/live_web.php?id=9746</pc_url>
  <url>http://tv.jsports.cn/live.php?id=9746</url>
  <userName>菁体育大东哥</userName>
  <columns>公共栏目</columns>
  <views></views>
  <state></state>
  <start>1526374800</start>
  <activity_id>9746</activity_id>
  <end>0</end>
</root>
