<?xml version="1.0" encoding="utf-8"?>

<!--文章信息，创建时间：2019-2-27 15:44-->
<root>
  <ChannelID>15944</ChannelID>
  <Status>0</Status>
  <Title>2018年南京市第三届幼儿足球嘉年华</Title>
  <SubTitle></SubTitle>
  <PublishDate>1530012746</PublishDate>
  <Weight>0</Weight>
  <DocFrom></DocFrom>
  <IsPhotoNews></IsPhotoNews>
  <Summary></Summary>
  <Content></Content>
  <Photo>http://img.juyun.tv/user/1526805005.jpg</Photo>
  <Keyword></Keyword>
  <Tag></Tag>
  <SetPublishDate></SetPublishDate>
  <pc_url>http://tv.jsports.cn/live_web.php?id=9850</pc_url>
  <url>http://tv.jsports.cn/live.php?id=9850</url>
  <userName>菁体育大东哥</userName>
  <columns>校园活动</columns>
  <views></views>
  <state></state>
  <start>1526878800</start>
  <activity_id>9850</activity_id>
  <end>0</end>
</root>
