<?xml version="1.0" encoding="utf-8"?>

<!--文章信息，创建时间：2019-2-27 15:44-->
<root>
  <ChannelID>15944</ChannelID>
  <Status>0</Status>
  <Title>NBA教练培训班</Title>
  <SubTitle></SubTitle>
  <PublishDate>1530012739</PublishDate>
  <Weight>0</Weight>
  <DocFrom></DocFrom>
  <IsPhotoNews></IsPhotoNews>
  <Summary></Summary>
  <Content></Content>
  <Photo>http://img.juyun.tv/user/1498796315.jpg</Photo>
  <Keyword></Keyword>
  <Tag></Tag>
  <SetPublishDate></SetPublishDate>
  <pc_url>http://tv.jsports.cn/live_web.php?id=2289</pc_url>
  <url>http://tv.jsports.cn/live.php?id=2289</url>
  <userName>菁体育大东哥</userName>
  <columns>体育培训</columns>
  <views></views>
  <state></state>
  <start>1498719600</start>
  <activity_id>2289</activity_id>
  <end>1498924800</end>
</root>
