<?xml version="1.0" encoding="utf-8"?>

<!--文章信息，创建时间：2019-2-27 15:44-->
<root>
  <ChannelID>15944</ChannelID>
  <Status>0</Status>
  <Title>中国大学生五人制足球联赛全国总决赛</Title>
  <SubTitle></SubTitle>
  <PublishDate>1530012739</PublishDate>
  <Weight>0</Weight>
  <DocFrom></DocFrom>
  <IsPhotoNews></IsPhotoNews>
  <Summary></Summary>
  <Content></Content>
  <Photo>http://img.juyun.tv/user/1499190767.jpg</Photo>
  <Keyword></Keyword>
  <Tag></Tag>
  <SetPublishDate></SetPublishDate>
  <pc_url>http://tv.jsports.cn/live_web.php?id=2290</pc_url>
  <url>http://tv.jsports.cn/live.php?id=2290</url>
  <userName>菁体育大东哥</userName>
  <columns>体育赛事</columns>
  <views></views>
  <state></state>
  <start>1498665600</start>
  <activity_id>2290</activity_id>
  <end>1499270400</end>
</root>
