<?xml version="1.0" encoding="utf-8"?>

<!--文章信息，创建时间：2019-2-27 15:44-->
<root>
  <ChannelID>15944</ChannelID>
  <Status>0</Status>
  <Title>中国青少年健康体能教育与训练培训</Title>
  <SubTitle></SubTitle>
  <PublishDate>1530012746</PublishDate>
  <Weight>0</Weight>
  <DocFrom></DocFrom>
  <IsPhotoNews></IsPhotoNews>
  <Summary></Summary>
  <Content></Content>
  <Photo>http://img.juyun.tv/user/1500127095.jpg</Photo>
  <Keyword></Keyword>
  <Tag></Tag>
  <SetPublishDate></SetPublishDate>
  <pc_url>http://tv.jsports.cn/live_web.php?id=2914</pc_url>
  <url>http://tv.jsports.cn/live.php?id=2914</url>
  <userName>菁体育大东哥</userName>
  <columns>体育培训</columns>
  <views></views>
  <state></state>
  <start>1500048000</start>
  <activity_id>2914</activity_id>
  <end>1500303600</end>
</root>
