<?xml version="1.0" encoding="utf-8"?>

<!--文章信息，创建时间：2019-2-27 15:44-->
<root>
  <ChannelID>15944</ChannelID>
  <Status>0</Status>
  <Title>2017中国校园啦啦操教练员裁判员培训班</Title>
  <SubTitle></SubTitle>
  <PublishDate>1530012746</PublishDate>
  <Weight>0</Weight>
  <DocFrom></DocFrom>
  <IsPhotoNews></IsPhotoNews>
  <Summary></Summary>
  <Content></Content>
  <Photo>http://img.juyun.tv/user/1501422069.jpg</Photo>
  <Keyword></Keyword>
  <Tag></Tag>
  <SetPublishDate></SetPublishDate>
  <pc_url>http://tv.jsports.cn/live_web.php?id=3726</pc_url>
  <url>http://tv.jsports.cn/live.php?id=3726</url>
  <userName>菁体育大东哥</userName>
  <columns>体育培训</columns>
  <views></views>
  <state></state>
  <start>1501084800</start>
  <activity_id>3726</activity_id>
  <end>1501344000</end>
</root>
