<?xml version="1.0" encoding="utf-8"?>

<!--文章信息，创建时间：2019-2-27 15:44-->
<root>
  <ChannelID>15944</ChannelID>
  <Status>0</Status>
  <Title>山西高校庆祝国家资助新政实施十周年主题文艺汇演</Title>
  <SubTitle></SubTitle>
  <PublishDate>1530012746</PublishDate>
  <Weight>0</Weight>
  <DocFrom></DocFrom>
  <IsPhotoNews></IsPhotoNews>
  <Summary></Summary>
  <Content></Content>
  <Photo>http://juxian.juyun.tv/images/videoqg.jpg</Photo>
  <Keyword></Keyword>
  <Tag></Tag>
  <SetPublishDate></SetPublishDate>
  <pc_url>http://tv.jsports.cn/live_web.php?id=6100</pc_url>
  <url>http://tv.jsports.cn/live.php?id=6100</url>
  <userName>菁体育大东哥</userName>
  <columns>山西传媒学院</columns>
  <views></views>
  <state></state>
  <start>1508947200</start>
  <activity_id>6100</activity_id>
  <end>0</end>
</root>
