<?xml version="1.0" encoding="utf-8"?>

<!--文章信息，创建时间：2019-2-27 15:44-->
<root>
  <ChannelID>15944</ChannelID>
  <Status>0</Status>
  <Title>测试0131</Title>
  <SubTitle></SubTitle>
  <PublishDate>1530012746</PublishDate>
  <Weight>0</Weight>
  <DocFrom></DocFrom>
  <IsPhotoNews></IsPhotoNews>
  <Summary></Summary>
  <Content></Content>
  <Photo>http://juxian.juyun.tv/images/videoqg.jpg</Photo>
  <Keyword></Keyword>
  <Tag></Tag>
  <SetPublishDate></SetPublishDate>
  <pc_url>http://tv.jsports.cn/live_web.php?id=8008</pc_url>
  <url>http://tv.jsports.cn/live.php?id=8008</url>
  <userName>菁体育大东哥</userName>
  <columns>测试</columns>
  <views></views>
  <state></state>
  <start>1517364600</start>
  <activity_id>8008</activity_id>
  <end>0</end>
</root>
