<?xml version="1.0" encoding="utf-8"?>

<!--文章信息，创建时间：2019-2-27 15:53-->
<root>
  <ChannelID>15930</ChannelID>
  <Status>1</Status>
  <Title>v 5</Title>
  <SubTitle></SubTitle>
  <PublishDate>1529927657</PublishDate>
  <Weight>0</Weight>
  <DocFrom></DocFrom>
  <IsPhotoNews>0</IsPhotoNews>
  <Summary></Summary>
  <Content></Content>
  <Photo></Photo>
  <Keyword></Keyword>
  <Tag></Tag>
  <SetPublishDate></SetPublishDate>
  <designation>v 5</designation>
  <scoredown>5001</scoredown>
  <scoretop>10000</scoretop>
  <level>5</level>
</root>
