<?xml version="1.0" encoding="utf-8"?>

<!--文章信息，创建时间：2019-12-11 18:4-->
<root>
  <ChannelID>15898</ChannelID>
  <Status>1</Status>
  <TotalPage>1</TotalPage>
  <item_type>2</item_type>
  <doc_type>0</doc_type>
  <content_type>门头沟区</content_type>
  <showbuttontitle>0</showbuttontitle>
  <Title>不再靠羊谋生，北京门头沟清水镇老百姓变身职业守山人</Title>
  <PublishDate>2017-07-22 23:24:00</PublishDate>
  <DocFrom></DocFrom>
  <Summary></Summary>
  <Content>&lt;p&gt;&lt;img src="http://upload.qianlong.com/2018/0701/1530427411869.jpg" alt="生态良好照片"/&gt;&lt;/p&gt;&lt;p&gt;北京市门头沟区清水镇一隅。清水镇供图 千龙网发&amp;nbsp;&lt;/p&gt;&lt;p&gt;门头沟区清水镇地处北京西部深山区，距北京市中心100余公里，是首都西部的重要门户，素有“京西边陲”之称，处在首都“生态涵养区”范围内。这里还有百花山国家级自然保护区，如何维护好生态环境，成为清水镇党委书记贾卫东的挑战。近年来，清水镇深入开展了大面积的荒山造林、退耕还林、废弃矿山修复与治理、小流域综合治理等工作。&lt;/p&gt;&lt;p&gt;2010年以前，清水镇村民收入来源主要依靠当地煤矿资源。“最多的时候镇里的财政收入达到4000多万，曾经是门头沟最富裕的乡镇。”贾卫东说，关闭煤矿后，清水镇生态环境得到了有效改善。&lt;/p&gt;&lt;p&gt;2014年，贾卫东到清水镇工作后发现，村民放养的山羊对清水镇的生态环境造成的影响也不容乐观。因为山羊从树叶到根都吃，村民一旦赶着羊上山就基本上放任不管了，羊群直到天黑才会回来，贾卫东用“相当于扫荡”来形容山羊对山体植被的破坏性。&lt;/p&gt;&lt;p&gt;为了改善这一状况，贾卫东和乡镇班子成员下决心要对清水镇畜牧业进行转型退出。说干就干，但是清水镇村民养羊有近百年的散养劳作传统，加上很多村民都是困难户，如何劝导他们退出养羊也是摆在乡镇干部面前的“老大难”问题。&lt;/p&gt;&lt;p&gt;达摩庄村老梁一直靠养羊谋生。老梁的孩子在上学，妻子患有心脏病，需花费大量的医疗费。老梁养羊近30年，370只羊的收入几乎是家里所有的经济来源。面对这样的困难户，清水镇根据实际情况优先安排了生态管护员这样的公益性岗位为老梁提供就业。&lt;/p&gt;&lt;p&gt;经过100多个昼夜的奋战，反复劝导，2017年4月3日，清水镇达摩庄村最后一个养羊户的161只羊被商家收购，这标志着清水镇实现了规模化养羊全面退出的目标。“关停了辖区内32个村的14家规模化养殖场，清退了114家养羊户的25164只羊。”贾卫东总结了畜牧业退出攻坚战的成果。&lt;/p&gt;&lt;p&gt;这场保卫生态的畜牧业退出攻坚战完结了，接下来怎么带动村民致富呢？贾卫东也理清了清水镇今后的发展思路：坚持以生态保护为导向，引导和支持精品农业、林下经济、高端民宿等产业，大力开发绿色生态公益岗位，让更多老百姓成为“职业守山人”，静下心来守护好“绿水青山”。&lt;/p&gt;&lt;p&gt;比如，镇里积极申报了养蜂项目，鼓励养羊户发展绿色养蜂事业，并提供蜂箱等基础条件。此外，镇上还帮助联系销售渠道，保证收购底价，做好转产就业帮困服务。&lt;/p&gt;&lt;p&gt;目前，精品农业“奇异莓”、蜜蜂养殖、中草药种植等一批产业已初具规模。同时，面对本地低收入农户文化素质偏低、接受新本领能力较差等特点，贾卫东和镇村干部加大了生态管护员、老年巡视员、乡村清洁队等生态公益岗位的开发力度，优先安排低收入劳动力就业。2017年，清水镇公益性岗位安排低收入劳动力就业842人、项目带动就业314人，人均增收7500元。&lt;/p&gt;&lt;p&gt;羊群的退出换来的是植被一点点恢复，生态环境的不断改善。“现在野猪都进村了，松鼠、野鸡、野兔白天都能看到。”贾卫东笑着说。（文/千龙网记者 万小军）&lt;/p&gt;&lt;p&gt;&lt;img src="http://upload.qianlong.com/2018/0701/1530427362634.jpg" alt="书记入户"/&gt;&lt;/p&gt;&lt;p&gt;北京市门头沟区清水镇党委书记贾卫东（右）入户与村民座谈。清水镇供图 千龙网发&lt;/p&gt;&lt;p&gt;&lt;img src="http://upload.qianlong.com/2018/0701/1530427470963.jpg" alt="养羊退出照片3"/&gt;&lt;/p&gt;&lt;p&gt;北京市门头沟区清水镇清退养羊产业，图为工作人员帮村民运走羊群。清水镇供图 千龙网发&amp;nbsp;&lt;/p&gt;&lt;p&gt;&lt;img src="http://upload.qianlong.com/2018/0701/1530427402723.jpg" alt="五味子育苗"/&gt;&lt;/p&gt;&lt;p&gt;北京市门头沟区清水镇引导村民种植中草药五味子，图为五味子育苗。清水镇供图 千龙网发&lt;/p&gt;&lt;p&gt;&lt;img src="http://upload.qianlong.com/2018/0701/1530427478919.jpg" alt="精品农业奇异莓"/&gt;&lt;/p&gt;&lt;p&gt;图为北京市门头沟区精品农业奇异莓种植区。清水镇供图&amp;nbsp; 千龙网发&lt;/p&gt;&lt;p&gt;&lt;br/&gt;&lt;/p&gt;</Content>
  <Keyword>清水,山人,老百姓,职业,谋生</Keyword>
  <Photo4>/images/2018/7/2/2018721530514736546_49_t1080.png</Photo4>
  <Photo></Photo>
  <Photo2></Photo2>
  <Photo3></Photo3>
  <videoid>0</videoid>
  <videosource></videosource>
  <videourl></videourl>
  <isAudio>0</isAudio>
  <anuor></anuor>
  <mediatype>0</mediatype>
  <td_liveid></td_liveid>
  <epgchannelid>0</epgchannelid>
  <jumptype>0</jumptype>
  <href_app></href_app>
  <frame>0</frame>
  <secondcategory>0</secondcategory>
  <juxian_liveid>0</juxian_liveid>
  <juxian_companyid>0</juxian_companyid>
  <juxian_type>0</juxian_type>
  <juxian_user></juxian_user>
  <state>0</state>
  <start>0</start>
  <end>0</end>
  <live_shareurl></live_shareurl>
  <juxian_sourceid>0</juxian_sourceid>
  <payaction>0</payaction>
  <pdf></pdf>
  <Parent>0</Parent>
  <pv_virtual>0</pv_virtual>
  <pv>12</pv>
  <SubTitle></SubTitle>
  <Weight>0</Weight>
  <Tag></Tag>
  <SetPublishDate></SetPublishDate>
  <Status2>0</Status2>
  <IsPhotoNews>0</IsPhotoNews>
  <process>0</process>
  <duration></duration>
  <baoliao_userid>0</baoliao_userid>
  <baoliao_ispublic>1</baoliao_ispublic>
  <baoliaostatus>0</baoliaostatus>
  <interior_type>0</interior_type>
  <interior_id></interior_id>
  <allowcomment>1</allowcomment>
  <showread>1</showread>
  <phone></phone>
  <zan_virtual_num></zan_virtual_num>
  <allowadvert>1</allowadvert>
  <baoliao_localtion></baoliao_localtion>
  <jd></jd>
  <wd></wd>
  <showbaoliaouser>0</showbaoliaouser>
  <baoliao_photo2></baoliao_photo2>
  <baoliao_photo3></baoliao_photo3>
  <baoliao_photo4></baoliao_photo4>
  <baoliao_photo5></baoliao_photo5>
  <baoliao_photo6></baoliao_photo6>
  <baoliao_photo7></baoliao_photo7>
  <baoliao_photo8></baoliao_photo8>
  <baoliao_photo9></baoliao_photo9>
  <baoliao>0</baoliao>
  <wenzheng>0</wenzheng>
</root>
