<?xml version="1.0" encoding="utf-8"?>

<!--文章信息，创建时间：2019-12-11 18:4-->
<root>
  <ChannelID>15999</ChannelID>
  <Status>1</Status>
  <TotalPage>1</TotalPage>
  <item_type>3</item_type>
  <doc_type>0</doc_type>
  <content_type>政策文件</content_type>
  <showbuttontitle>0</showbuttontitle>
  <Title>北京市商务委员会关于申报2018年度第一批商务发展项目的补充通知</Title>
  <PublishDate>2017-07-21 19:12:00</PublishDate>
  <DocFrom></DocFrom>
  <Summary></Summary>
  <Content>&lt;p&gt;京商务交字〔2018〕69号&lt;/p&gt;&lt;p&gt;各区商务委，市属国有企业集团、总部企业，有关单位：&lt;/p&gt;&lt;p&gt;　　为进一步扩大支持范围，现对《关于申报2018年度第一批商务发展项目的通知》(京商务财务字〔2018〕9号)附件1《2018年新建和规范提升基本便民商业网点项目申报指南》、附件2《推进连锁经营发展项目申报指南》、附件16《支持“深夜食堂”特色餐饮发展项目申报指南》和附件17《支持市内免税店和进口商品直营店发展项目申报指南》作如下修订。&lt;/p&gt;&lt;p&gt;　　一、将附件1中符合条件的基本便民商业网点“2017年1月1日-2017年12月31日期间发生的店面装修及硬软件设备购置等支出”纳入支持范围。&lt;/p&gt;&lt;p&gt;　　二、将附件1中附表1的便利店网点支持标准第1款调整为“1。对于同时搭载蔬菜零售、早餐服务和针头线脑等日用品的网点，补助金额不超过网点年租金的50%及除租金外其他实际投资的50%之和(需经第三方评审机构审定)；对于不满足同时搭载蔬菜零售、早餐服务和针头线脑等日用品的网点，补助金额不超过网点年租金的30%及除租金外其他实际投资的30%之和(需经第三方评审机构审定)。”&lt;/p&gt;&lt;p&gt;　　将附件1中附表2的升级改造投资起始时间调整为2017年1月1日以后。&lt;/p&gt;&lt;p&gt;　　三、将附件2中的支持条件第3款调整为“对2017年1月1日以后新建或改造项目的装修、软硬件设备购置等支出给予支持。”&lt;/p&gt;&lt;p&gt;　　四、将附件16中的支持条件第1款调整为“‘深夜食堂’特色餐饮街区和特色商圈项目由投资主体自主申报，需符合城市功能定位和城市规划，特色元素较为显著，具有较好的业态结构、社会效益和经济效益。对2018年1月1日以后的相关规划设计、装修改造、软硬件设备购置等支出给予支持。”&lt;/p&gt;&lt;p&gt;　　将附件16中的支持条件第2款调整为“‘深夜食堂’特色餐厅申报主体应为品牌和连锁餐饮企业，符合食品安全、环境保护等相关要求。对2018年1月1日以后的装修改造和软硬件设备购置支出给予支持。”&lt;/p&gt;&lt;p&gt;　　五、将附件17中的支持条件第1款调整为“市内免税店和进口商品直营店的经营证照应在2018年1月1日以后颁发，其中市内免税店应具备国务院或其授权部门批准的免税品经营资质。”&lt;/p&gt;&lt;p&gt;　　将附件17中的支持标准段前增加“对市内免税店和进口商品直营店2017年1月1日以后的装修改造和硬软件设备购置等支出给予支持，”&lt;/p&gt;&lt;p&gt;　　六、《关于申报2018年度第一批商务发展项目的通知》(京商务财务字〔2018〕9号)与本补充通知的相关规定不一致处，以本补充通知为准。&lt;/p&gt;&lt;p&gt;　　修订后申报指南详见附件。&lt;/p&gt;&lt;p&gt;　　特此通知。&lt;/p&gt;&lt;p&gt;　　附件：1.2018年新建和规范提升基本便民商业网点项目申报指南(修订版)&lt;/p&gt;&lt;p&gt;　 &amp;nbsp; &amp;nbsp; &amp;nbsp;　2.推进连锁经营发展项目申报指南(修订版)&lt;/p&gt;&lt;p&gt;　　&amp;nbsp;&amp;nbsp; &amp;nbsp;　3.支持“深夜食堂”特色餐饮发展项目申报指南(修订版)&lt;/p&gt;&lt;p&gt;　　&amp;nbsp;&amp;nbsp; &amp;nbsp;　4.支持市内免税店和进口商品直营店发展项目申报指南(修订版)&lt;/p&gt;&lt;p&gt;北京市商务委员会&lt;/p&gt;&lt;p&gt;2018年5月10日&lt;/p&gt;&lt;p&gt;&lt;br/&gt;&lt;/p&gt;</Content>
  <Keyword>商务,申报,项目,发展,支持</Keyword>
  <Photo4></Photo4>
  <Photo></Photo>
  <Photo2></Photo2>
  <Photo3></Photo3>
  <videoid>0</videoid>
  <videosource></videosource>
  <videourl></videourl>
  <isAudio>0</isAudio>
  <anuor></anuor>
  <mediatype>0</mediatype>
  <td_liveid></td_liveid>
  <epgchannelid>0</epgchannelid>
  <jumptype>0</jumptype>
  <href_app></href_app>
  <frame>0</frame>
  <secondcategory>0</secondcategory>
  <juxian_liveid>0</juxian_liveid>
  <juxian_companyid>0</juxian_companyid>
  <juxian_type>0</juxian_type>
  <juxian_user></juxian_user>
  <state>0</state>
  <start>0</start>
  <end>0</end>
  <live_shareurl></live_shareurl>
  <juxian_sourceid>0</juxian_sourceid>
  <payaction>0</payaction>
  <pdf></pdf>
  <Parent>0</Parent>
  <pv_virtual>0</pv_virtual>
  <pv>0</pv>
  <SubTitle></SubTitle>
  <Weight>0</Weight>
  <Tag></Tag>
  <SetPublishDate></SetPublishDate>
  <Status2>0</Status2>
  <IsPhotoNews>0</IsPhotoNews>
  <process>0</process>
  <duration></duration>
  <baoliao_userid>0</baoliao_userid>
  <baoliao_ispublic>1</baoliao_ispublic>
  <baoliaostatus>0</baoliaostatus>
  <interior_type>0</interior_type>
  <interior_id></interior_id>
  <allowcomment>1</allowcomment>
  <showread>1</showread>
  <phone></phone>
  <zan_virtual_num></zan_virtual_num>
  <allowadvert>1</allowadvert>
  <baoliao_localtion></baoliao_localtion>
  <jd></jd>
  <wd></wd>
  <showbaoliaouser>0</showbaoliaouser>
  <baoliao_photo2></baoliao_photo2>
  <baoliao_photo3></baoliao_photo3>
  <baoliao_photo4></baoliao_photo4>
  <baoliao_photo5></baoliao_photo5>
  <baoliao_photo6></baoliao_photo6>
  <baoliao_photo7></baoliao_photo7>
  <baoliao_photo8></baoliao_photo8>
  <baoliao_photo9></baoliao_photo9>
  <baoliao>0</baoliao>
  <wenzheng>0</wenzheng>
</root>
