<?xml version="1.0" encoding="utf-8"?>

<!--文章信息，创建时间：2019-12-11 18:4-->
<root>
  <ChannelID>16341</ChannelID>
  <Status>1</Status>
  <TotalPage>1</TotalPage>
  <Title>医保</Title>
  <SubTitle></SubTitle>
  <PublishDate>2022-03-30 15:00:00</PublishDate>
  <Weight>0</Weight>
  <DocFrom></DocFrom>
  <IsPhotoNews>0</IsPhotoNews>
  <Summary></Summary>
  <Content></Content>
  <Photo>/images/2018/11/28/201811281543398718915_90.jpg</Photo>
  <Keyword></Keyword>
  <Tag></Tag>
  <SetPublishDate></SetPublishDate>
  <token>jx8b088ca18a3a3edf</token>
  <listurl>/a/e/i/list_1_0.shtml</listurl>
  <company_id>1617</company_id>
  <virtualconcern>0</virtualconcern>
  <model_control>1,5,6,7</model_control>
  <userid>0</userid>
  <topic_category>0</topic_category>
</root>
