<?xml version="1.0" encoding="utf-8"?>

<!--文章信息，创建时间：2019-12-11 18:4-->
<root>
  <ChannelID>16341</ChannelID>
  <Status>0</Status>
  <TotalPage>1</TotalPage>
  <Title>新闻女生小微</Title>
  <SubTitle></SubTitle>
  <PublishDate>2022-03-30 13:00:00</PublishDate>
  <Weight>0</Weight>
  <DocFrom></DocFrom>
  <IsPhotoNews>0</IsPhotoNews>
  <Summary>嗨！你好，我是小微</Summary>
  <Content></Content>
  <Photo>/images/2018/7/2/2018721530503949219_6.png</Photo>
  <Keyword></Keyword>
  <Tag></Tag>
  <SetPublishDate></SetPublishDate>
  <token>jxdbe7f5f863373be8</token>
  <listurl>/a/e/d/list_1_0.shtml</listurl>
  <company_id>1612</company_id>
  <virtualconcern>0</virtualconcern>
  <model_control>1,5,6,7</model_control>
  <userid>0</userid>
  <topic_category>0</topic_category>
</root>
