<?xml version="1.0" encoding="utf-8"?>

<!--文章信息，创建时间：2019-12-11 18:4-->
<root>
  <ChannelID>16341</ChannelID>
  <Status>1</Status>
  <TotalPage>1</TotalPage>
  <Title>交规</Title>
  <SubTitle></SubTitle>
  <PublishDate>2022-03-29 21:00:00</PublishDate>
  <Weight>0</Weight>
  <DocFrom></DocFrom>
  <IsPhotoNews>0</IsPhotoNews>
  <Summary></Summary>
  <Content></Content>
  <Photo>/images/2018/11/28/201811281543398794126_90.jpg</Photo>
  <Keyword></Keyword>
  <Tag></Tag>
  <SetPublishDate></SetPublishDate>
  <token>jx0db4ab7bda045803</token>
  <listurl>http://123.56.71.230:65530/a/e/h/list_1_0.shtml</listurl>
  <company_id>1616</company_id>
  <virtualconcern>0</virtualconcern>
  <model_control>1,2,3,4,5,6,7</model_control>
  <userid>85</userid>
  <topic_category>1019688</topic_category>
</root>
