<?xml version="1.0" encoding="utf-8"?>

<!--文章信息，创建时间：2019-12-11 18:4-->
<root>
  <ChannelID>16341</ChannelID>
  <Status>1</Status>
  <TotalPage>1</TotalPage>
  <Title>聚视新媒体</Title>
  <SubTitle></SubTitle>
  <PublishDate>2022-03-26 17:00:00</PublishDate>
  <Weight>0</Weight>
  <DocFrom></DocFrom>
  <IsPhotoNews>0</IsPhotoNews>
  <Summary></Summary>
  <Content></Content>
  <Photo>http://jushi-yanshi.tidemedia.com/images/2018/6/29/20186291530261345564_6.png</Photo>
  <Keyword></Keyword>
  <Tag></Tag>
  <SetPublishDate></SetPublishDate>
  <token>jx0052b0853335f928</token>
  <listurl>/a/e/b/list_1_0.shtml</listurl>
  <company_id>1610</company_id>
  <virtualconcern>0</virtualconcern>
  <model_control>1,2,3,4,5,6,7</model_control>
  <userid>293</userid>
  <topic_category>1025306</topic_category>
</root>
