<?xml version="1.0" encoding="utf-8"?>

<!--文章信息，创建时间：2019-12-11 18:4-->
<root>
  <ChannelID>16341</ChannelID>
  <Status>0</Status>
  <TotalPage>1</TotalPage>
  <Title>科创</Title>
  <SubTitle></SubTitle>
  <PublishDate>2022-03-27 09:00:00</PublishDate>
  <Weight>0</Weight>
  <DocFrom></DocFrom>
  <IsPhotoNews>0</IsPhotoNews>
  <Summary>聚视演示版客户端掌握一手资讯!!!</Summary>
  <Content></Content>
  <Photo>/images/2018/11/28/201811281543398938204_90.jpg</Photo>
  <Keyword></Keyword>
  <Tag></Tag>
  <SetPublishDate></SetPublishDate>
  <token>jx38063f0407f2d540</token>
  <listurl>/a/e/a/list_1_0.shtml</listurl>
  <company_id>1621</company_id>
  <virtualconcern>0</virtualconcern>
  <model_control>1,2,3,4,5,6,7</model_control>
  <userid>64</userid>
  <topic_category>1025305</topic_category>
</root>
