<?xml version="1.0" encoding="utf-8"?>

<!--文章信息，创建时间：2019-12-11 18:4-->
<root>
  <ChannelID>16341</ChannelID>
  <Status>1</Status>
  <TotalPage>1</TotalPage>
  <Title>交警频道</Title>
  <SubTitle></SubTitle>
  <PublishDate>2022-03-30 07:20:00</PublishDate>
  <Weight>0</Weight>
  <DocFrom></DocFrom>
  <IsPhotoNews>0</IsPhotoNews>
  <Summary></Summary>
  <Content></Content>
  <Photo>/images/2018/7/4/2018741530692229266_6.png</Photo>
  <Keyword></Keyword>
  <Tag></Tag>
  <SetPublishDate></SetPublishDate>
  <token>jxb06b8bf2c6112c35</token>
  <listurl>/a/e/f/list_1_0.shtml</listurl>
  <company_id>1614</company_id>
  <virtualconcern>0</virtualconcern>
  <model_control>1,5,6,7</model_control>
  <userid>0</userid>
  <topic_category>0</topic_category>
</root>
