<?xml version="1.0" encoding="utf-8"?>

<!--文章信息，创建时间：2019-12-11 18:4-->
<root>
  <ChannelID>16341</ChannelID>
  <Status>1</Status>
  <TotalPage>1</TotalPage>
  <Title>绿化</Title>
  <SubTitle></SubTitle>
  <PublishDate>2022-03-29 23:20:00</PublishDate>
  <Weight>0</Weight>
  <DocFrom></DocFrom>
  <IsPhotoNews>0</IsPhotoNews>
  <Summary>环保局是政府职能部门，最高机关系国家环保部，隶属于国务院管理，总称：国家环境保护部。</Summary>
  <Content></Content>
  <Photo>/images/2018/11/28/201811281543398754661_90.jpg</Photo>
  <Keyword></Keyword>
  <Tag></Tag>
  <SetPublishDate></SetPublishDate>
  <token>jx7fb6394ee0203a6c</token>
  <listurl>/a/e/g/list_1_0.shtml</listurl>
  <company_id>1615</company_id>
  <virtualconcern>0</virtualconcern>
  <model_control>1,2,3,4,5,6,7</model_control>
  <userid>85</userid>
  <topic_category>1019688</topic_category>
</root>
