<?xml version="1.0" encoding="utf-8"?>

<!--文章信息，创建时间：2019-12-11 18:4-->
<root>
  <ChannelID>16341</ChannelID>
  <Status>0</Status>
  <TotalPage>1</TotalPage>
  <Title>紫绮</Title>
  <SubTitle></SubTitle>
  <PublishDate>2018-05-23 05:20:00</PublishDate>
  <Weight>0</Weight>
  <DocFrom></DocFrom>
  <IsPhotoNews>0</IsPhotoNews>
  <Summary></Summary>
  <Content></Content>
  <Photo>/images/2019/1/9/2019191547023592796_5.png</Photo>
  <Keyword></Keyword>
  <Tag></Tag>
  <SetPublishDate></SetPublishDate>
  <token></token>
  <listurl>/a/e/a/list_1_0.shtml</listurl>
  <company_id>0</company_id>
  <virtualconcern>0</virtualconcern>
  <model_control>1,5,6,7</model_control>
  <userid>0</userid>
  <topic_category>0</topic_category>
</root>
