<?xml version="1.0" encoding="utf-8"?>

<!--文章信息，创建时间：2019-12-11 18:5-->
<root>
  <ChannelID>15931</ChannelID>
  <Status>1</Status>
  <TotalPage>1</TotalPage>
  <Title>被评论</Title>
  <SubTitle></SubTitle>
  <PublishDate>2018-05-15 09:15:00</PublishDate>
  <Weight></Weight>
  <DocFrom></DocFrom>
  <IsPhotoNews></IsPhotoNews>
  <Summary></Summary>
  <Content></Content>
  <Photo></Photo>
  <Keyword></Keyword>
  <Tag></Tag>
  <SetPublishDate></SetPublishDate>
  <ruletype>7</ruletype>
  <userid>64</userid>
  <beuserid>64</beuserid>
  <score>2</score>
  <docid>1019931</docid>
  <readstatus></readstatus>
</root>
