<?xml version="1.0" encoding="utf-8"?>

<!--文章信息，创建时间：2019-12-11 18:5-->
<root>
  <ChannelID>15931</ChannelID>
  <Status>1</Status>
  <TotalPage>1</TotalPage>
  <Title>评论</Title>
  <SubTitle></SubTitle>
  <PublishDate>2018-06-26 04:13:00</PublishDate>
  <Weight></Weight>
  <DocFrom></DocFrom>
  <IsPhotoNews></IsPhotoNews>
  <Summary></Summary>
  <Content></Content>
  <Photo></Photo>
  <Keyword></Keyword>
  <Tag></Tag>
  <SetPublishDate></SetPublishDate>
  <ruletype>4</ruletype>
  <userid>65</userid>
  <beuserid>82</beuserid>
  <score>10</score>
  <docid>1019933</docid>
  <readstatus></readstatus>
</root>
