<?xml version="1.0" encoding="utf-8"?>

<!--文章信息，创建时间：2019-12-11 18:5-->
<root>
  <ChannelID>15955</ChannelID>
  <Status>1</Status>
  <TotalPage>1</TotalPage>
  <Title>聚视演示版</Title>
  <SubTitle></SubTitle>
  <PublishDate>2017-08-03 08:38:00</PublishDate>
  <Weight>0</Weight>
  <DocFrom></DocFrom>
  <IsPhotoNews>0</IsPhotoNews>
  <Summary></Summary>
  <Content></Content>
  <Photo>/images/2018/11/7/20181171541563990789_9.jpg</Photo>
  <siteflag>53</siteflag>
  <Keyword></Keyword>
  <Tag></Tag>
  <SetPublishDate></SetPublishDate>
  <customcategory>1</customcategory>
  <juxiancreate>1</juxiancreate>
  <showtype>0</showtype>
  <showcomment>0</showcomment>
  <allowcomment>0</allowcomment>
  <showtime>0</showtime>
  <showread>0</showread>
  <showcommunity>0</showcommunity>
  <third_option>1,2,3</third_option>
  <function_switch></function_switch>
  <background></background>
  <background_color></background_color>
  <background_photo></background_photo>
  <mandatoryLogin>1</mandatoryLogin>
  <selectionDepartment>1</selectionDepartment>
  <tv_background_photo></tv_background_photo>
  <tongji>0</tongji>
  <baidu_tongji>0</baidu_tongji>
  <bugly>1</bugly>
  <BanInteract>0</BanInteract>
  <sensitive_word>0</sensitive_word>
  <globalBanned>0</globalBanned>
  <listType>0</listType>
  <Audit_avator>0</Audit_avator>
  <Audit_nickname>0</Audit_nickname>
  <wenzheng>0</wenzheng>
  <baoliao>0</baoliao>
  <AppDepartment></AppDepartment>
</root>
