<?xml version="1.0" encoding="utf-8"?>

<!--文章信息，创建时间：2019-3-1 15:28-->
<root>
  <ChannelID>16009</ChannelID>
  <Status>1</Status>
  <item_type>2</item_type>
  <doc_type>4</doc_type>
  <content_type></content_type>
  <showbuttontitle>0</showbuttontitle>
  <Title>交警频道</Title>
  <PublishDate>1530177002</PublishDate>
  <DocFrom>交警频道</DocFrom>
  <Summary></Summary>
  <Content></Content>
  <Keyword></Keyword>
  <Photo4></Photo4>
  <Photo>http://juxian.juyun.tv/images/videoqg.jpg</Photo>
  <Photo2></Photo2>
  <Photo3></Photo3>
  <videoid>0</videoid>
  <videosource></videosource>
  <videourl></videourl>
  <isAudio></isAudio>
  <anuor></anuor>
  <mediatype>0</mediatype>
  <td_liveid></td_liveid>
  <epgchannelid>0</epgchannelid>
  <jumptype></jumptype>
  <href_app></href_app>
  <frame></frame>
  <secondcategory></secondcategory>
  <juxian_liveid>10608</juxian_liveid>
  <juxian_companyid>1614</juxian_companyid>
  <juxian_type>3</juxian_type>
  <juxian_user>18800000000</juxian_user>
  <state>0</state>
  <start>1530172920</start>
  <end>0</end>
  <live_shareurl>http://juxian.juyun.tv/live.php?id=10608</live_shareurl>
  <juxian_sourceid>0</juxian_sourceid>
  <payaction>0</payaction>
  <pdf></pdf>
  <Parent>0</Parent>
  <pv_virtual></pv_virtual>
  <pv></pv>
  <SubTitle></SubTitle>
  <Weight>0</Weight>
  <Tag></Tag>
  <SetPublishDate></SetPublishDate>
  <Status2></Status2>
  <IsPhotoNews>0</IsPhotoNews>
  <process></process>
  <duration></duration>
  <baoliao_userid>0</baoliao_userid>
  <baoliao_ispublic>0</baoliao_ispublic>
  <baoliaostatus>0</baoliaostatus>
</root>
