<?xml version="1.0" encoding="utf-8"?>

<!--文章信息，创建时间：2019-2-27 16:22-->
<root>
  <ChannelID>15967</ChannelID>
  <Status>1</Status>
  <item_type>0</item_type>
  <doc_type>8</doc_type>
  <content_type>电视直播</content_type>
  <showbuttontitle>0</showbuttontitle>
  <Title>贵阳卫视</Title>
  <PublishDate>1530938961</PublishDate>
  <DocFrom></DocFrom>
  <Summary></Summary>
  <Content></Content>
  <Keyword>卫视,贵阳</Keyword>
  <Photo4></Photo4>
  <Photo>/images/2018/7/7/2018771530962319734_1_t1080.jpg</Photo>
  <Photo2></Photo2>
  <Photo3></Photo3>
  <videoid>0</videoid>
  <videosource>/images/2018/7/7/2018771530962295616_1.jpg</videosource>
  <videourl></videourl>
  <isAudio>2</isAudio>
  <anuor></anuor>
  <mediatype>1</mediatype>
  <td_liveid>GYBTV1</td_liveid>
  <epgchannelid>16041</epgchannelid>
  <jumptype>0</jumptype>
  <href_app></href_app>
  <frame>0</frame>
  <secondcategory>0</secondcategory>
  <juxian_liveid>0</juxian_liveid>
  <juxian_companyid>0</juxian_companyid>
  <juxian_type>0</juxian_type>
  <juxian_user></juxian_user>
  <state>0</state>
  <start>0</start>
  <end>0</end>
  <live_shareurl></live_shareurl>
  <juxian_sourceid>0</juxian_sourceid>
  <payaction>0</payaction>
  <pdf></pdf>
  <Parent>0</Parent>
  <pv_virtual>0</pv_virtual>
  <pv>47</pv>
  <SubTitle></SubTitle>
  <Weight>0</Weight>
  <Tag></Tag>
  <SetPublishDate></SetPublishDate>
  <Status2>2</Status2>
  <IsPhotoNews>0</IsPhotoNews>
  <process>0</process>
  <duration></duration>
  <baoliao_userid>0</baoliao_userid>
  <baoliao_ispublic>0</baoliao_ispublic>
  <baoliaostatus>0</baoliaostatus>
</root>
