<?xml version="1.0" encoding="utf-8"?>

<!--文章信息，创建时间：2019-12-11 18:6-->
<root>
  <ChannelID>14265</ChannelID>
  <Status>1</Status>
  <TotalPage>1</TotalPage>
  <Title>习近平写信勉励新近入党的电影表演艺术家牛犇 继续在从艺做人上作表率</Title>
  <SubTitle></SubTitle>
  <PublishDate>2018-05-15 01:31:00</PublishDate>
  <Weight></Weight>
  <DocFrom></DocFrom>
  <IsPhotoNews></IsPhotoNews>
  <Summary></Summary>
  <Content>不错</Content>
  <Photo></Photo>
  <Keyword></Keyword>
  <Tag></Tag>
  <SetPublishDate></SetPublishDate>
  <url>http://39.107.232.220:3680//a/a/d/content_266.shtml?</url>
  <parent>0</parent>
  <username>Last Man Standin</username>
  <item_gid>1019251</item_gid>
  <userid>64</userid>
  <siteflag>53</siteflag>
  <user_ip></user_ip>
</root>
