<?xml version="1.0" encoding="utf-8"?>

<!--文章信息，创建时间：2019-12-11 18:6-->
<root>
  <ChannelID>14265</ChannelID>
  <Status>1</Status>
  <TotalPage>1</TotalPage>
  <Title>场外养眼福利：克罗地亚的美女球迷</Title>
  <SubTitle></SubTitle>
  <PublishDate>2018-06-26 10:12:00</PublishDate>
  <Weight></Weight>
  <DocFrom></DocFrom>
  <IsPhotoNews></IsPhotoNews>
  <Summary></Summary>
  <Content>ghj</Content>
  <Photo></Photo>
  <Keyword></Keyword>
  <Tag></Tag>
  <SetPublishDate></SetPublishDate>
  <url>/a/b/b/video_wap_525.html</url>
  <parent>0</parent>
  <username>lxy_481581</username>
  <item_gid>1019862</item_gid>
  <userid>82</userid>
  <siteflag>53</siteflag>
  <user_ip></user_ip>
</root>
