<?xml version="1.0" encoding="utf-8"?>

<!--文章信息，创建时间：2019-2-27 15:52-->
<root>
  <ChannelID>14263</ChannelID>
  <Status>1</Status>
  <Title>456</Title>
  <PublishDate>1529998264</PublishDate>
  <SubTitle></SubTitle>
  <Weight></Weight>
  <DocFrom></DocFrom>
  <IsPhotoNews></IsPhotoNews>
  <Summary></Summary>
  <Content></Content>
  <Photo></Photo>
  <Keyword></Keyword>
  <Tag></Tag>
  <SetPublishDate></SetPublishDate>
  <password>c6f8668c457644fc3f8900bd29e36274</password>
  <phone>18511603200</phone>
  <avatar>http://39.107.232.220:3680/img/153689531232_y.jpg</avatar>
  <sessionTime>1541577318</sessionTime>
  <session>suxcphem58403io79f1knwb2r</session>
  <IP>43.224.47.131</IP>
  <serial>asfdsfsw2wqwtegdfg</serial>
  <sex>1</sex>
  <QQ></QQ>
  <wechat></wechat>
  <weibo></weibo>
  <siteflag>53</siteflag>
  <Truename></Truename>
  <score>243</score>
  <designation>v 3</designation>
  <level>3</level>
</root>
