<?xml version="1.0" encoding="utf-8"?>

<!--文章信息，创建时间：2019-2-27 15:52-->
<root>
  <ChannelID>14263</ChannelID>
  <Status>1</Status>
  <Title>李鲲</Title>
  <PublishDate>1530188836</PublishDate>
  <SubTitle></SubTitle>
  <Weight></Weight>
  <DocFrom></DocFrom>
  <IsPhotoNews></IsPhotoNews>
  <Summary></Summary>
  <Content></Content>
  <Photo></Photo>
  <Keyword></Keyword>
  <Tag></Tag>
  <SetPublishDate></SetPublishDate>
  <password>31e9e4fb56179fac9f0ef710a170cd21</password>
  <phone>13910326887</phone>
  <avatar>https://thirdwx.qlogo.cn/mmopen/vi_32/DYAIOgq83epz8b0op80lx9eWWCFpxiaywNUzLZEKDKhhpXxibjh06ytPU51ibAnMRONiaLQrniaN5onjKd6DBAoFpSQ/132</avatar>
  <sessionTime>1531027651</sessionTime>
  <session>6fspu3kzqt2ona7v5i9gdyrlx</session>
  <IP></IP>
  <serial></serial>
  <sex>0</sex>
  <QQ></QQ>
  <wechat>oJMiO0l5wjn1LgryhdLTjRDY2WDg</wechat>
  <weibo></weibo>
  <siteflag>53</siteflag>
  <Truename></Truename>
  <score>1</score>
  <designation>幼儿园</designation>
  <level>1</level>
</root>
