<?xml version="1.0" encoding="utf-8"?>

<!--文章信息，创建时间：2019-2-27 15:52-->
<root>
  <ChannelID>14263</ChannelID>
  <Status>1</Status>
  <Title>188*****753</Title>
  <PublishDate>1530412445</PublishDate>
  <SubTitle></SubTitle>
  <Weight></Weight>
  <DocFrom></DocFrom>
  <IsPhotoNews></IsPhotoNews>
  <Summary></Summary>
  <Content></Content>
  <Photo></Photo>
  <Keyword></Keyword>
  <Tag></Tag>
  <SetPublishDate></SetPublishDate>
  <password>63b45c7f7be8e6d25fee3fee40e2f43a</password>
  <phone>18810413753</phone>
  <avatar></avatar>
  <sessionTime>1537153756</sessionTime>
  <session>vwixqohj687zr0d5pletum2n3</session>
  <IP>117.188.14.195</IP>
  <serial>asfdsfsw2wqwtegdfg</serial>
  <sex>0</sex>
  <QQ></QQ>
  <wechat></wechat>
  <weibo></weibo>
  <siteflag>53</siteflag>
  <Truename></Truename>
  <score>72</score>
  <designation>小学生</designation>
  <level>2</level>
</root>
