<?xml version="1.0" encoding="utf-8"?>

<!--文章信息，创建时间：2019-2-27 15:52-->
<root>
  <ChannelID>14263</ChannelID>
  <Status>1</Status>
  <Title>王海龙</Title>
  <PublishDate>1530668002</PublishDate>
  <SubTitle></SubTitle>
  <Weight></Weight>
  <DocFrom></DocFrom>
  <IsPhotoNews></IsPhotoNews>
  <Summary></Summary>
  <Content></Content>
  <Photo></Photo>
  <Keyword></Keyword>
  <Tag></Tag>
  <SetPublishDate></SetPublishDate>
  <password>d65358c8d7a2a78a74613403f56bf92c</password>
  <phone>17004952032</phone>
  <avatar>https://thirdwx.qlogo.cn/mmopen/vi_32/DYAIOgq83eqOeUfJxE67FdgbTl57Nx3u2jk3ibGYK3G7JcOeLHib67eZBibM36cl5cpcQrLWfzfPjRx5T3iakjr0Nw/132</avatar>
  <sessionTime>1530754403</sessionTime>
  <session>u4w9sima2j1bohkegyxzn68pv</session>
  <IP></IP>
  <serial></serial>
  <sex>0</sex>
  <QQ></QQ>
  <wechat>oJMiO0oahhjKjSahWC91iXeV0W5U</wechat>
  <weibo></weibo>
  <siteflag>53</siteflag>
  <Truename></Truename>
  <score></score>
  <designation></designation>
  <level>0</level>
</root>
