<?xml version="1.0" encoding="utf-8"?>

<!--文章信息，创建时间：2019-2-27 15:52-->
<root>
  <ChannelID>14263</ChannelID>
  <Status>1</Status>
  <Title>木木木</Title>
  <PublishDate>1530724686</PublishDate>
  <SubTitle></SubTitle>
  <Weight></Weight>
  <DocFrom></DocFrom>
  <IsPhotoNews></IsPhotoNews>
  <Summary></Summary>
  <Content></Content>
  <Photo></Photo>
  <Keyword></Keyword>
  <Tag></Tag>
  <SetPublishDate></SetPublishDate>
  <password>1db8a8d12276406ea0e11c9fc94971ea</password>
  <phone>18630191228</phone>
  <avatar>http://thirdwx.qlogo.cn/mmopen/vi_32/DYAIOgq83er01Okcu6RAkFPxss8Ly2ZdARV83jJ99IAuvnfgYboY03vc035ZoZBibE5BW0TwMUaALicibXxARgNVA/132</avatar>
  <sessionTime>1530724694</sessionTime>
  <session>zd562rt7nlcj418x09map3vef</session>
  <IP></IP>
  <serial></serial>
  <sex>0</sex>
  <QQ></QQ>
  <wechat>oJMiO0h3syNOQc4OAEorufSvCcZE</wechat>
  <weibo></weibo>
  <siteflag>53</siteflag>
  <Truename></Truename>
  <score>42</score>
  <designation>幼儿园</designation>
  <level>1</level>
</root>
