<?xml version="1.0" encoding="utf-8"?>

<!--文章信息，创建时间：2019-2-27 15:52-->
<root>
  <ChannelID>14263</ChannelID>
  <Status>1</Status>
  <Title>陈小磊</Title>
  <PublishDate>1530746929</PublishDate>
  <SubTitle></SubTitle>
  <Weight></Weight>
  <DocFrom></DocFrom>
  <IsPhotoNews></IsPhotoNews>
  <Summary></Summary>
  <Content></Content>
  <Photo></Photo>
  <Keyword></Keyword>
  <Tag></Tag>
  <SetPublishDate></SetPublishDate>
  <password>6bb69be6a5c7ee9dea2c259f02eef4b1</password>
  <phone>17611586236</phone>
  <avatar>http://thirdwx.qlogo.cn/mmopen/vi_32/O9ff3hq50U5czUA34mLADiagvbHmnELSkicCyTNgsWxDOISadJsPdu43TnpdAD7yTfeItQNtTy5qEZbHoE8iaYkLQ/132</avatar>
  <sessionTime>1530746947</sessionTime>
  <session>5gb8por910v3u6yzlmaeftkdq</session>
  <IP></IP>
  <serial></serial>
  <sex>0</sex>
  <QQ></QQ>
  <wechat>oJMiO0ngmZQ5VMu_Y1ca39N7o3xI</wechat>
  <weibo></weibo>
  <siteflag>53</siteflag>
  <Truename></Truename>
  <score>41</score>
  <designation>幼儿园</designation>
  <level>1</level>
</root>
