<?xml version="1.0" encoding="utf-8"?>

<!--文章信息，创建时间：2019-2-27 15:52-->
<root>
  <ChannelID>14263</ChannelID>
  <Status>1</Status>
  <Title>157*****370</Title>
  <PublishDate>1530754377</PublishDate>
  <SubTitle></SubTitle>
  <Weight></Weight>
  <DocFrom></DocFrom>
  <IsPhotoNews></IsPhotoNews>
  <Summary></Summary>
  <Content></Content>
  <Photo></Photo>
  <Keyword></Keyword>
  <Tag></Tag>
  <SetPublishDate></SetPublishDate>
  <password>0af009eb14cca36ccc9a8527aaeb1552</password>
  <phone>15701667370</phone>
  <avatar>http://123.56.71.230:65530/img/153077797136_y.jpg</avatar>
  <sessionTime>1531110047</sessionTime>
  <session>b5218j7x6pog9mtuq0rheswfk</session>
  <IP>43.224.45.68</IP>
  <serial>asfdsfsw2wqwtegdfg</serial>
  <sex>1</sex>
  <QQ></QQ>
  <wechat></wechat>
  <weibo></weibo>
  <siteflag>53</siteflag>
  <Truename></Truename>
  <score>131</score>
  <designation>小学生</designation>
  <level>2</level>
</root>
