<?xml version="1.0" encoding="utf-8"?>

<!--文章信息，创建时间：2019-2-27 15:52-->
<root>
  <ChannelID>14263</ChannelID>
  <Status>1</Status>
  <Title>186*****541</Title>
  <PublishDate>1530776479</PublishDate>
  <SubTitle></SubTitle>
  <Weight></Weight>
  <DocFrom></DocFrom>
  <IsPhotoNews></IsPhotoNews>
  <Summary></Summary>
  <Content></Content>
  <Photo></Photo>
  <Keyword></Keyword>
  <Tag></Tag>
  <SetPublishDate></SetPublishDate>
  <password>30cf2b98fa09fd734c062c212b4a9c04</password>
  <phone>18600575541</phone>
  <avatar></avatar>
  <sessionTime>1536920781</sessionTime>
  <session>7mwrovui59j18sxthenc6qydl</session>
  <IP>43.224.45.68</IP>
  <serial>asfdsfsw2wqwtegdfg</serial>
  <sex>0</sex>
  <QQ></QQ>
  <wechat></wechat>
  <weibo></weibo>
  <siteflag>53</siteflag>
  <Truename></Truename>
  <score>3</score>
  <designation>幼儿园</designation>
  <level>1</level>
</root>
