<?xml version="1.0" encoding="utf-8"?>

<!--文章信息，创建时间：2019-2-27 15:52-->
<root>
  <ChannelID>14263</ChannelID>
  <Status>1</Status>
  <Title>186337</Title>
  <PublishDate>1536908373</PublishDate>
  <SubTitle></SubTitle>
  <Weight></Weight>
  <DocFrom></DocFrom>
  <IsPhotoNews></IsPhotoNews>
  <Summary></Summary>
  <Content></Content>
  <Photo></Photo>
  <Keyword></Keyword>
  <Tag></Tag>
  <SetPublishDate></SetPublishDate>
  <password></password>
  <phone>18646376337</phone>
  <avatar>http://39.107.232.220:3680/img/153690867985_y.jpg</avatar>
  <sessionTime>1536910021</sessionTime>
  <session>1fvbo9kgrdjz6p02qt3s7cexu</session>
  <IP>43.224.45.68</IP>
  <serial></serial>
  <sex>2</sex>
  <QQ></QQ>
  <wechat></wechat>
  <weibo></weibo>
  <siteflag>53</siteflag>
  <Truename></Truename>
  <score>60</score>
  <designation>小学生</designation>
  <level>2</level>
</root>
