<?xml version="1.0" encoding="utf-8"?>

<!--文章信息，创建时间：2019-2-27 15:52-->
<root>
  <ChannelID>14263</ChannelID>
  <Status>1</Status>
  <Title>洗洗睡吧_649107</Title>
  <PublishDate>1536914317</PublishDate>
  <SubTitle></SubTitle>
  <Weight></Weight>
  <DocFrom></DocFrom>
  <IsPhotoNews></IsPhotoNews>
  <Summary></Summary>
  <Content></Content>
  <Photo></Photo>
  <Keyword></Keyword>
  <Tag></Tag>
  <SetPublishDate></SetPublishDate>
  <password></password>
  <phone></phone>
  <avatar>http://thirdwx.qlogo.cn/mmopen/vi_32/DYAIOgq83er32ibeXFKuAa2ziaAzcJ0ibx5qFzGFI5ELbThRS4VIzxX9B010xWAbuibranaQGbnYe6aJaaib1JtOeNQ/132</avatar>
  <sessionTime>1536914600</sessionTime>
  <session>une5csl3q46mk7ow1tjix0bzf</session>
  <IP>43.224.45.68</IP>
  <serial></serial>
  <sex>0</sex>
  <QQ></QQ>
  <wechat>oJMiO0tVDI24j13c3G6DDpzgW1Gg</wechat>
  <weibo></weibo>
  <siteflag>53</siteflag>
  <Truename></Truename>
  <score></score>
  <designation></designation>
  <level>0</level>
</root>
