<?xml version="1.0" encoding="utf-8"?>

<!--文章信息，创建时间：2019-2-27 15:52-->
<root>
  <ChannelID>14263</ChannelID>
  <Status>1</Status>
  <Title>『Mr·哼哼』_228741</Title>
  <PublishDate>1536914405</PublishDate>
  <SubTitle></SubTitle>
  <Weight></Weight>
  <DocFrom></DocFrom>
  <IsPhotoNews></IsPhotoNews>
  <Summary></Summary>
  <Content></Content>
  <Photo></Photo>
  <Keyword></Keyword>
  <Tag></Tag>
  <SetPublishDate></SetPublishDate>
  <password></password>
  <phone></phone>
  <avatar>https://thirdqq.qlogo.cn/qqapp/1106295214/B5D74BE15A89B5318507FC60E1F367FB/100</avatar>
  <sessionTime>1536915576</sessionTime>
  <session>xdscak5bj6ig9otpr427fyzqh</session>
  <IP>43.224.45.68</IP>
  <serial></serial>
  <sex>0</sex>
  <QQ>B5D74BE15A89B5318507FC60E1F367FB</QQ>
  <wechat></wechat>
  <weibo></weibo>
  <siteflag>53</siteflag>
  <Truename></Truename>
  <score>5</score>
  <designation>幼儿园</designation>
  <level>1</level>
</root>
