<?xml version="1.0" encoding="utf-8"?>

<!--文章信息，创建时间：2019-2-27 15:52-->
<root>
  <ChannelID>14263</ChannelID>
  <Status>1</Status>
  <Title>Lxyer6_928657</Title>
  <PublishDate>1536914464</PublishDate>
  <SubTitle></SubTitle>
  <Weight></Weight>
  <DocFrom></DocFrom>
  <IsPhotoNews></IsPhotoNews>
  <Summary></Summary>
  <Content></Content>
  <Photo></Photo>
  <Keyword></Keyword>
  <Tag></Tag>
  <SetPublishDate></SetPublishDate>
  <password></password>
  <phone></phone>
  <avatar>https://tvax3.sinaimg.cn/crop.0.1.750.750.180/005Pioywly8fuo9ebnyhpj30ku0kwwhy.jpg</avatar>
  <sessionTime>1541571783</sessionTime>
  <session>7s24ntbwo3xhvf9zjpq5gu1cd</session>
  <IP>43.224.45.68</IP>
  <serial></serial>
  <sex>0</sex>
  <QQ></QQ>
  <wechat></wechat>
  <weibo>5338641596</weibo>
  <siteflag>53</siteflag>
  <Truename></Truename>
  <score>5</score>
  <designation>幼儿园</designation>
  <level>1</level>
</root>
