<?xml version="1.0" encoding="utf-8"?>

<!--文章信息，创建时间：2019-2-27 15:52-->
<root>
  <ChannelID>14263</ChannelID>
  <Status>1</Status>
  <Title>lxyer_787841</Title>
  <PublishDate>1536914499</PublishDate>
  <SubTitle></SubTitle>
  <Weight></Weight>
  <DocFrom></DocFrom>
  <IsPhotoNews></IsPhotoNews>
  <Summary></Summary>
  <Content></Content>
  <Photo></Photo>
  <Keyword></Keyword>
  <Tag></Tag>
  <SetPublishDate></SetPublishDate>
  <password></password>
  <phone></phone>
  <avatar>https://thirdwx.qlogo.cn/mmopen/vi_32/ajNVdqHZLLB9xBSic7icqIpHFwAeqDbaVCWSXnnyWP0eSvN5yXBibrzZibznBdgscsfib1We3gpW94ic97f4Y9LkwnicQ/132</avatar>
  <sessionTime>1536914897</sessionTime>
  <session>9yqmzjplv6t8ioh5er23ug0aw</session>
  <IP>43.224.45.68</IP>
  <serial></serial>
  <sex>0</sex>
  <QQ></QQ>
  <wechat>oJMiO0jxW1_wsN6lE-dNbjBNac94</wechat>
  <weibo></weibo>
  <siteflag>53</siteflag>
  <Truename></Truename>
  <score></score>
  <designation></designation>
  <level>0</level>
</root>
