<?xml version="1.0" encoding="utf-8"?>

<!--文章信息，创建时间：2019-2-27 15:52-->
<root>
  <ChannelID>14263</ChannelID>
  <Status>1</Status>
  <Title>leaohero_371107</Title>
  <PublishDate>1536914766</PublishDate>
  <SubTitle></SubTitle>
  <Weight></Weight>
  <DocFrom></DocFrom>
  <IsPhotoNews></IsPhotoNews>
  <Summary></Summary>
  <Content></Content>
  <Photo></Photo>
  <Keyword></Keyword>
  <Tag></Tag>
  <SetPublishDate></SetPublishDate>
  <password></password>
  <phone></phone>
  <avatar>http://tva2.sinaimg.cn/crop.0.243.1927.1927.50/006DrCJEjw8fblu4sytu3j31kw2thqv5.jpg</avatar>
  <sessionTime>1541560549</sessionTime>
  <session>17a3tkpe6rdy8mzo904whvjn2</session>
  <IP>61.148.245.217</IP>
  <serial></serial>
  <sex>0</sex>
  <QQ></QQ>
  <wechat></wechat>
  <weibo>6079657854</weibo>
  <siteflag>53</siteflag>
  <Truename></Truename>
  <score></score>
  <designation></designation>
  <level>0</level>
</root>
