[{"title":"我的景区","docFrom":"我的景区","time":"04月24日","photo":"http://www.huangshannews.cn/images/2018/12/5/20181251543975055807_26.jpg","score":"0","city":"","lng":"118.664149","lat":"29.852245","address":"黄山市歙县零一二县道","summary":"武阳乡地处安徽省歙县南乡，新安江畔，是山区也是库区乡镇。距县城36公里，武阳乡土地总面积49平方公里。","contenturl":"/map/d/c/content_12.shtml"}
,{"title":"新疆","docFrom":"景点管理","time":"06月10日","photo":"/images/2019/6/10/20196101560163836286_28.jpg","score":"0","city":"","lng":"","lat":"","address":"","summary":"","contenturl":"/map/d/content_31.shtml"}
,{"title":"测试1休宁县阳台村","docFrom":"景点管理","time":"05月09日","photo":"http://www.huangshannews.cn/images/2018/12/5/20181251543973755820_25.png","score":"6","city":"","lng":"118.084855","lat":"29.575899","address":"安徽省黄山市休宁县五城镇西边","summary":"阳台村位于安徽省黄山市休宁县五城镇西边，距县城36公里，东接红坑源村，南连横塘村，北连里庄村，西与江西婺源相连。全村辖5个村民小组，村域面积9765.5亩，其中水田220.5亩，茶园743亩，林地8802亩。","contenturl":"/map/d/content_30.shtml"}
,{"title":"景点","docFrom":"黄山风景区","time":"04月26日","photo":"/images/2019/4/26/20194261556275204415_231.jpg","score":"4","city":"","lng":"123","lat":"10","address":"详细地址详细地址详细地址详细地址详细地址详细地址详细地址详细地址详细地址详细地址详细地址","summary":"景点","contenturl":"/map/d/a/content_28.shtml"}
,{"title":"测试景点","docFrom":"景点管理","time":"04月26日","photo":"/images/2019/4/26/20194261556274994403_231.jpg","score":"4","city":"","lng":"","lat":"","address":"","summary":"测试景点","contenturl":"/map/d/content_25.shtml"}
,{"title":"深渡镇阳产土楼","docFrom":"黄山风景区","time":"04月24日","photo":"http://www.huangshannews.cn/images/2018/12/5/20181251543981744506_26.jpg","score":"9","city":"","lng":"118.67062","lat":"29.878597","address":"黄山市歙县近深渡景区","summary":"阳产土楼坐落在安徽省歙县深渡镇千岛湖黄金旅游线上，交通十分便利，距离镇所在地深渡6公里处。因临近新安江，空气湿润，降水丰富。","contenturl":"/map/d/a/content_14.shtml"}
,{"title":"黄山区郭村","docFrom":"黄山风景区","time":"04月24日","photo":"http://www.huangshannews.cn/images/2018/12/5/20181251543980601373_26.jpg","score":"8","city":"","lng":"117.971585","lat":"30.128342","address":"黄山市黄山区焦村镇","summary":"郭村(原郭村乡)，隶属于安徽省黄山市黄山区焦村镇，郭村历史悠久，古时处在徽州府、池州府和宁国府通道的交叉处。","contenturl":"/map/d/a/content_13.shtml"}
,{"title":"休宁县阳台村","docFrom":"休宁县","time":"04月24日","photo":"http://www.huangshannews.cn/images/2018/12/5/20181251543973755820_25.png","score":"7","city":"","lng":"118.084855","lat":"29.575899","address":"安徽省黄山市休宁县五城镇西边","summary":"阳台村位于安徽省黄山市休宁县五城镇西边，距县城36公里，东接红坑源村，南连横塘村，北连里庄村，西与江西婺源相连。全村辖5个村民小组，村域面积9765.5亩，其中水田220.5亩，茶园743亩，林地8802亩。","contenturl":"/map/d/b/content_11.shtml"}
,{"title":"休宁县白际乡","docFrom":"休宁县","time":"04月24日","photo":"http://www.huangshannews.cn/images/2018/12/5/20181251543976723636_25.png","score":"8","city":"","lng":"118.405121","lat":"29.538132","address":"黄山市休宁县白际乡","summary":"地处安徽省黄山市休宁县东南边陲，位于东经118°21'~118°26'，北纬29°30'~29°45'之间，东与黄山市歙县狮石乡连接，南与浙江中洲镇毗邻，西连该县璜尖乡和源芳乡，北接歙县石门乡和该县榆村乡，与千岛湖相距35公里","contenturl":"/map/d/b/content_10.shtml"}
,{"title":"新安江山水画廊","docFrom":"休宁县","time":"04月24日","photo":"http://www.huangshannews.cn/images/2018/12/5/20181251543977228337_26.jpg","score":"9","city":"","lng":"118.598926","lat":"29.837643","address":"黄山市歙县黄山大道 ","summary":"新安江山水画廊风景区位于中国历史文化名城歙县境内，全长约百里(约50千米)，是黄山--徽州古城歙县--千岛湖黄山旅游线上的一颗璀璨明珠。国家AAAA级风景名胜区。","contenturl":"/map/d/b/content_9.shtml"}
,{"title":"徽州区灵山村","docFrom":"黄山风景区","time":"04月24日","photo":"http://app.huangshannews.cn/images/2018/11/30/201811301543564121679_25.jpg","score":"10","city":"","lng":"118.326057","lat":"29.92415","address":"黄山市徽州区呈坎镇（距离黄山风景区50公里）","summary":"灵山村位于呈坎东南，依山傍水而建，后唐时建村，元代隶属徽州府歙县22都1图，明代隶属徽州府歙县滚秀乡灵山大社仁风里，今属黄山市徽州区呈坎镇灵山行政村，辖17个村民组，人口1700余人。","contenturl":"/map/d/a/content_8.shtml"}
,{"title":"黄山翡翠谷","docFrom":"黄山风景区","time":"04月24日","photo":"http://app.huangshannews.cn/images/2018/11/28/201811281543378052296_32.jpg","score":"8","city":"","lng":"118.228695","lat":"30.117636","address":"黄山市黄山区汤口镇山岔村","summary":"翡翠谷，昵称“情人谷”，位于黄山风景区南大门汤口镇山岔村，紧靠205国道和合铜黄高速公路。峡谷长达6华里，分布着一百多个形态各异、大小不同的彩池。彩池随周围景色变幻、太阳角度及光线明暗的不同，或晶明或翠绿，变化万千，绚丽多彩，宛如一颗颗翡翠洒满谷中，故名翡翠谷。 在获奥斯卡四项大奖的影片《卧虎藏龙》中，竹稍打斗、池边爱恋、飞瀑踏波等镜头都拍摄于翡翠谷。","contenturl":"/map/d/a/content_7.shtml"}
,{"title":"黄山杨家寨","docFrom":"黄山风景区","time":"04月24日","photo":"http://app.huangshannews.cn/images/2018/11/28/201811281543387174523_32.jpg","score":"5","city":"","lng":"117.954677","lat":"30.23533","address":"13681972227","summary":"杨家寨景区是由黄山区情义旅游开发有限公司投资兴建。景区位于在黄山区西部，地处太平湖国家湿地公园核心区，黄山、九华山中心地段，距黟县西递宏村20公里。日益成为九华山—太平湖—黟县古民居的便捷通道，旅游交通十分便利。","contenturl":"/map/d/a/content_6.shtml"}
]