<?xml version="1.0" encoding="utf-8"?>

<!--文章信息，创建时间：2019-2-27 15:53-->
<root>
  <ChannelID>16072</ChannelID>
  <Status>1</Status>
  <Title>雨轩说事</Title>
  <SubTitle></SubTitle>
  <PublishDate>1530191828</PublishDate>
  <Weight>0</Weight>
  <DocFrom></DocFrom>
  <IsPhotoNews>0</IsPhotoNews>
  <Summary></Summary>
  <Content></Content>
  <Photo>/images/2018/7/4/2018741530692212608_6.png</Photo>
  <Keyword></Keyword>
  <Tag></Tag>
  <SetPublishDate></SetPublishDate>
  <companyid>1613</companyid>
</root>
