<?xml version="1.0" encoding="utf-8"?>

<!--文章信息，创建时间：2019-2-27 15:53-->
<root>
  <ChannelID>16072</ChannelID>
  <Status>1</Status>
  <Title>聚视演示</Title>
  <SubTitle></SubTitle>
  <PublishDate>1530191381</PublishDate>
  <Weight>0</Weight>
  <DocFrom></DocFrom>
  <IsPhotoNews>0</IsPhotoNews>
  <Summary></Summary>
  <Content></Content>
  <Photo>/images/2018/6/29/20186291530261366404_6.png</Photo>
  <Keyword></Keyword>
  <Tag></Tag>
  <SetPublishDate></SetPublishDate>
  <companyid>1621</companyid>
</root>
