<?xml version="1.0" encoding="utf-8"?>

<!--文章信息，创建时间：2019-12-11 18:4-->
<root>
  <ChannelID>15908</ChannelID>
  <Status>1</Status>
  <TotalPage>1</TotalPage>
  <item_type>0</item_type>
  <doc_type>0</doc_type>
  <content_type></content_type>
  <showbuttontitle>0</showbuttontitle>
  <Title>一起学做饭~</Title>
  <PublishDate>2017-04-21 02:22:00</PublishDate>
  <DocFrom></DocFrom>
  <Summary></Summary>
  <Content>&lt;p&gt;　　人生最幸福的事情就是&amp;mdash;&amp;mdash;大~口~吃~肉！相信美味的排骨一定在你的吃肉列表之中吧。是红烧还是清蒸啊，是糖醋还是香辣啊，是不是也想过排骨中加点料呢？&lt;/p&gt; &lt;p align="center"&gt;&lt;img alt="" src="http://5b0988e595225.cdn.sohucs.com/images/20171112/4e265a4065514c6898edfa9c90bd25aa.gif" /&gt;&lt;/p&gt;&lt;p&gt;　　今天小果儿给大家带来的是各种排骨的美味搭配，给排骨找了个伴儿，这样吃起来味道更丰富哦！&lt;/p&gt; &lt;p&gt;　　1&lt;/p&gt; &lt;p&gt;　　土豆烧排骨&lt;/p&gt; &lt;p&gt;　　▽&lt;/p&gt; &lt;p align="center"&gt;&lt;img alt="" src="http://5b0988e595225.cdn.sohucs.com/images/20171112/808a773cca9a430da9e89dbeed3efa19.jpeg" /&gt;&lt;/p&gt;&lt;p&gt;　　byAIKO淘&lt;/p&gt; &lt;p&gt;　　&amp;middot;主料&amp;middot;&lt;/p&gt; &lt;p&gt;　　排骨｜500g&lt;/p&gt; &lt;p&gt;　　土豆｜1个&lt;/p&gt; &lt;p&gt;　　&amp;middot;辅料&amp;middot;&lt;/p&gt; &lt;p&gt;　　生姜｜1块&lt;/p&gt; &lt;p&gt;　　大蒜｜4瓣&lt;/p&gt; &lt;p&gt;　　八角｜3个&lt;/p&gt; &lt;p&gt;　　桂皮｜2块&lt;/p&gt; &lt;p&gt;　　红椒｜1个&lt;/p&gt; &lt;p&gt;　　料酒｜2汤匙&lt;/p&gt; &lt;p&gt;　　老抽｜1/2茶匙&lt;/p&gt; &lt;p&gt;　　味极鲜/生抽｜2汤匙&lt;/p&gt; &lt;p&gt;　　盐｜少许&lt;/p&gt; &lt;p&gt;　　冰糖｜2小块&lt;/p&gt; &lt;p&gt;　　葱｜2根&lt;/p&gt; &lt;p&gt;　　&amp;middot;做法&amp;middot;&lt;/p&gt; &lt;p&gt;　　1.生姜切片，蒜切小瓣，葱切葱花。土豆、彩椒洗净切块备用。排骨洗干净，冷水下锅焯水，煮出血水浮沫之后捞出沥干。&lt;/p&gt; &lt;p&gt;　　2.&amp;nbsp;想要土豆脆香一些的可用油炸一下，不太在意的话就不需要炸了。&lt;/p&gt; &lt;p&gt;　　3.&amp;nbsp;锅里热油，下姜片、八角、桂皮爆香。&lt;/p&gt; &lt;p&gt;　　4.放入排骨煸炒，大火翻炒至排骨微焦，加入料酒、老抽、冰糖翻炒均匀上色。下味极鲜或生抽翻炒均匀。然后下蒜瓣，继续翻炒上色均匀即可。&lt;/p&gt; &lt;p&gt;　　5.&amp;nbsp;倒入水没过排骨，大火烧开。&lt;/p&gt; &lt;p&gt;　　6.&amp;nbsp;烧开后转小火，加盖焖煮40分钟左右。&lt;/p&gt; &lt;p&gt;　　7.&amp;nbsp;最后5分钟加入土豆，再焖煮至土豆软熟。&lt;/p&gt; &lt;p&gt;　　8.&amp;nbsp;土豆煮软后加入红椒，大火不断地翻炒收汁，最后加少许盐调味即可。&lt;/p&gt; &lt;p&gt;　　2&lt;/p&gt; &lt;p&gt;　　粉蒸排骨&lt;/p&gt; &lt;p&gt;　　▽&lt;/p&gt; &lt;p align="center"&gt;&lt;img alt="" src="http://5b0988e595225.cdn.sohucs.com/images/20171112/3e1d993b5a6e4d95be707f3129c74785.jpeg" /&gt;&lt;/p&gt;&lt;p&gt;　　by i粗茶淡饭1&lt;/p&gt; &lt;p&gt;　　&amp;middot;主料&amp;middot;&lt;/p&gt; &lt;p&gt;　　猪小排｜500g&lt;/p&gt; &lt;p&gt;　　蒸肉米粉｜50g&lt;/p&gt; &lt;p&gt;　　土豆｜1个&lt;/p&gt; &lt;p&gt;　　&amp;middot;辅料&amp;middot;&lt;/p&gt; &lt;p&gt;　　油｜适量&lt;/p&gt; &lt;p&gt;　　盐｜2g&lt;/p&gt; &lt;p&gt;　　郫县豆瓣酱｜10g&lt;/p&gt; &lt;p&gt;　　姜片｜适量&lt;/p&gt; &lt;p&gt;　　香葱｜2根&lt;/p&gt; &lt;p&gt;　　生抽｜5g&lt;/p&gt; &lt;p&gt;　　老抽｜2g&lt;/p&gt; &lt;p&gt;　　糖｜2g&lt;/p&gt; &lt;p&gt;　　酒酿｜15g&lt;/p&gt; &lt;p&gt;　　十三香｜2g&lt;/p&gt; &lt;p&gt;　　辣椒面｜适量&lt;/p&gt; &lt;p&gt;　　花椒油｜少许&lt;/p&gt; &lt;p&gt;　　白胡椒粉｜适量&lt;/p&gt; &lt;p&gt;　　鸡精｜适量&lt;/p&gt; &lt;p&gt;　　&amp;middot;做法&amp;middot;&lt;/p&gt; &lt;p&gt;　　1.&amp;nbsp;锅中放入少量油，小火将油烧至温热时，放入郫县豆瓣酱，小火炒制，豆瓣酱炒出香味和红油即可关火备用。&lt;/p&gt; &lt;p&gt;　　2.&amp;nbsp;准备好葱段和姜片。将小排冲洗干净，控干水分，排骨中加入葱段、姜片、盐、生抽、老抽、糖、十三香、白胡椒粉、酒酿以及炒好的豆瓣酱，将其充分拌匀，腌制1～2小时。&lt;/p&gt; &lt;p&gt;　　3.&amp;nbsp;排骨腌制好后放入辣椒面和花椒油拌匀。&lt;/p&gt; &lt;p&gt;　　4.&amp;nbsp;再放入蒸肉米粉调拌均匀，让每一块排骨都裹上米粉。&lt;/p&gt; &lt;p&gt;　　5.&amp;nbsp;土豆去皮洗净切块放入碗底，再把排骨放在上面。&lt;/p&gt; &lt;p&gt;　　6.&amp;nbsp;高压锅中放入足量开水，把排骨碗放入锅中。为了防止水滴进碗里，用不锈钢盘子盖住碗口。&lt;/p&gt; &lt;p&gt;　　7.&amp;nbsp;盖上锅盖之后开中大火，上气后蒸制50分钟即可。蒸好后不要立刻开盖，等放气后才可以揭开锅盖。这道粉蒸排骨非常酥烂香糯～&lt;/p&gt; &lt;p&gt;　　小贴士&lt;/p&gt; &lt;p&gt;　　1. 调味料可以根据自己口味来调节。&lt;/p&gt; &lt;p&gt;　　2.打底食材可以换成红薯、南瓜、芋头等。&lt;/p&gt; &lt;p&gt;　　3.&amp;nbsp;如果用一般蒸锅，大约要蒸制一个半小时左右，蒸锅的水量一定要放足。&lt;/p&gt; &lt;p&gt;　　3&lt;/p&gt; &lt;p&gt;　　白萝卜炖排骨&lt;/p&gt; &lt;p&gt;　　▽&lt;/p&gt; &lt;p align="center"&gt;&lt;img alt="" src="http://5b0988e595225.cdn.sohucs.com/images/20171112/328aec1f26b14dcfb94e972ef4b42c4d.jpeg" /&gt;&lt;/p&gt;&lt;p&gt;　　by JUJURAI&lt;/p&gt; &lt;p&gt;　　&amp;middot;主料&amp;middot;&lt;/p&gt; &lt;p&gt;　　排骨｜400g&lt;/p&gt; &lt;p&gt;　　白萝卜｜800g&lt;/p&gt; &lt;p&gt;　　&amp;middot;辅料&amp;middot;&lt;/p&gt; &lt;p&gt;　　生抽｜2汤匙&lt;/p&gt; &lt;p&gt;　　蒜｜3瓣&lt;/p&gt; &lt;p&gt;　　姜｜5g&lt;/p&gt; &lt;p&gt;　　葱｜2棵&lt;/p&gt; &lt;p&gt;　　料酒｜1汤匙&lt;/p&gt; &lt;p&gt;　　老抽｜1汤匙&lt;/p&gt; &lt;p&gt;　　白糖｜1/2茶匙&lt;/p&gt; &lt;p&gt;　　盐｜1/2茶匙&lt;/p&gt; &lt;p&gt;　　&amp;middot;做法&amp;middot;&lt;/p&gt; &lt;p&gt;　　1.&amp;nbsp;排骨切块，冷水下锅，放入葱结和料酒，煮出血水后捞出控干。&lt;/p&gt; &lt;p&gt;　　2.&amp;nbsp;白萝卜切滚刀块，姜切片，蒜剥去外皮备用。&lt;/p&gt; &lt;p&gt;　　3.&amp;nbsp;锅里热油，放排骨煸炒，炒至排骨焦香后放姜片、生抽、老抽、料酒，炒至上色。&lt;/p&gt; &lt;p&gt;　　4.&amp;nbsp;兑入清水，没过排骨2/3，大火烧开后小火煲40分钟，之后放入萝卜，煮30分钟。&lt;/p&gt; &lt;p&gt;　　5.&amp;nbsp;最后放入盐和白糖，大火收汁即可。&lt;/p&gt; &lt;p&gt;　　小贴士&lt;/p&gt; &lt;p&gt;　　1.单独炖排骨的时候不用放特别多水，因为一会儿还要炖白萝卜，白萝卜会出很多水。&lt;/p&gt; &lt;p&gt;　　2.&amp;nbsp;生抽、老抽的盐味足够了，盐一定要适量。&lt;/p&gt; &lt;p&gt;　　4&lt;/p&gt; &lt;p&gt;　　豆角炖排骨&lt;/p&gt; &lt;p&gt;　　▽&lt;/p&gt; &lt;p align="center"&gt;&lt;img alt="" src="http://5b0988e595225.cdn.sohucs.com/images/20171112/9d0f564fee2449459a667454bc98bdff.jpeg" /&gt;&lt;/p&gt;&lt;p&gt;　　by JUJURAI&lt;/p&gt; &lt;p&gt;　　&amp;middot;主料&amp;middot;&lt;/p&gt; &lt;p&gt;　　排骨｜500g&lt;/p&gt; &lt;p&gt;　　豆角｜150g&lt;/p&gt; &lt;p&gt;　　&amp;middot;辅料&amp;middot;&lt;/p&gt; &lt;p&gt;　　姜｜5g&lt;/p&gt; &lt;p&gt;　　蒜｜2瓣&lt;/p&gt; &lt;p&gt;　　葱｜2棵&lt;/p&gt; &lt;p&gt;　　红椒｜1个&lt;/p&gt; &lt;p&gt;　　生抽｜1汤匙&lt;/p&gt; &lt;p&gt;　　蚝油｜1/2汤匙&lt;/p&gt; &lt;p&gt;　　番茄酱｜少许&lt;/p&gt; &lt;p&gt;　　料酒｜1汤匙&lt;/p&gt; &lt;p&gt;　　&amp;middot;做法&amp;middot;&lt;/p&gt; &lt;p&gt;　　1.&amp;nbsp;豆角洗净，撕去两头，去掉老筋后切段。红椒切丝，姜和蒜切片。&lt;/p&gt; &lt;p&gt;　　2.&amp;nbsp;排骨冷水下锅，放姜片、葱结、料酒煮出血水捞出控干。&lt;/p&gt; &lt;p&gt;　　3.锅里热油，放排骨煸炒，炒至排骨微焦，放姜蒜同炒。随后调入生抽、蚝油、番茄酱和清水煮开。&lt;/p&gt; &lt;p&gt;　　4.放入豆角，小火焖煮50分钟。&lt;/p&gt; &lt;p&gt;　　5.&amp;nbsp;放入红椒，调入白糖，开大火一边翻炒一边收汁，待汁收到浓稠即可。&lt;/p&gt; &lt;p&gt;　　小贴士&lt;/p&gt; &lt;p&gt;　　生抽、蚝油、番茄酱有比较重的咸味，就不需要加盐了。&lt;/p&gt; &lt;p&gt;　　或在公众号对话框输入菜品名&lt;/p&gt; &lt;p&gt;　　▷特朗普访华国宴吃什么？◁&lt;/p&gt; &lt;p&gt;　　国宴菜在家轻松做～&lt;/p&gt; &lt;p&gt;　　史上最详细教程在这里！&lt;/p&gt;</Content>
  <Keyword></Keyword>
  <Photo4></Photo4>
  <Photo>http://123.56.71.230:8004/images/2017/12/18/201712181513595926017_14.jpg</Photo>
  <Photo2></Photo2>
  <Photo3></Photo3>
  <videoid>0</videoid>
  <videosource></videosource>
  <videourl></videourl>
  <isAudio>0</isAudio>
  <anuor></anuor>
  <mediatype>0</mediatype>
  <td_liveid></td_liveid>
  <epgchannelid>0</epgchannelid>
  <jumptype></jumptype>
  <href_app></href_app>
  <frame></frame>
  <secondcategory></secondcategory>
  <juxian_liveid>0</juxian_liveid>
  <juxian_companyid>0</juxian_companyid>
  <juxian_type>0</juxian_type>
  <juxian_user></juxian_user>
  <state>0</state>
  <start></start>
  <end></end>
  <live_shareurl></live_shareurl>
  <juxian_sourceid>0</juxian_sourceid>
  <payaction>0</payaction>
  <pdf></pdf>
  <Parent>0</Parent>
  <pv_virtual></pv_virtual>
  <pv></pv>
  <SubTitle></SubTitle>
  <Weight>0</Weight>
  <Tag></Tag>
  <SetPublishDate></SetPublishDate>
  <Status2></Status2>
  <IsPhotoNews>1</IsPhotoNews>
  <process></process>
  <duration></duration>
  <baoliao_userid>0</baoliao_userid>
  <baoliao_ispublic>1</baoliao_ispublic>
  <baoliaostatus>0</baoliaostatus>
  <interior_type>0</interior_type>
  <interior_id></interior_id>
  <allowcomment>1</allowcomment>
  <showread>1</showread>
  <phone></phone>
  <zan_virtual_num></zan_virtual_num>
  <allowadvert>1</allowadvert>
  <baoliao_localtion></baoliao_localtion>
  <jd></jd>
  <wd></wd>
  <showbaoliaouser>0</showbaoliaouser>
  <baoliao_photo2></baoliao_photo2>
  <baoliao_photo3></baoliao_photo3>
  <baoliao_photo4></baoliao_photo4>
  <baoliao_photo5></baoliao_photo5>
  <baoliao_photo6></baoliao_photo6>
  <baoliao_photo7></baoliao_photo7>
  <baoliao_photo8></baoliao_photo8>
  <baoliao_photo9></baoliao_photo9>
  <baoliao>0</baoliao>
  <wenzheng>0</wenzheng>
</root>
