<?xml version="1.0" encoding="utf-8"?>

<!--文章信息，创建时间：2019-12-11 18:6-->
<root>
  <ChannelID>15928</ChannelID>
  <Status>1</Status>
  <TotalPage>1</TotalPage>
  <Title>游玩</Title>
  <SubTitle></SubTitle>
  <PublishDate>2017-08-08 12:39:00</PublishDate>
  <Weight>0</Weight>
  <DocFrom></DocFrom>
  <IsPhotoNews></IsPhotoNews>
  <Summary></Summary>
  <Content></Content>
  <Photo></Photo>
  <Keyword></Keyword>
  <Tag></Tag>
  <SetPublishDate></SetPublishDate>
  <Parent>5</Parent>
  <Level>2</Level>
  <hasNextLevel>0</hasNextLevel>
  <PhotoTop></PhotoTop>
</root>
