<?xml version="1.0" encoding="utf-8"?>

<!--文章信息，创建时间：2019-12-11 18:6-->
<root>
  <ChannelID>15928</ChannelID>
  <Status>1</Status>
  <TotalPage>1</TotalPage>
  <Title>休闲</Title>
  <SubTitle></SubTitle>
  <PublishDate>2017-08-03 20:18:00</PublishDate>
  <Weight>0</Weight>
  <DocFrom></DocFrom>
  <IsPhotoNews></IsPhotoNews>
  <Summary></Summary>
  <Content></Content>
  <Photo>http://123.56.71.230:8004/images/2018/6/25/20186251529929354106_1.png</Photo>
  <Keyword></Keyword>
  <Tag></Tag>
  <SetPublishDate></SetPublishDate>
  <Parent>0</Parent>
  <Level>1</Level>
  <hasNextLevel></hasNextLevel>
  <PhotoTop></PhotoTop>
</root>
