<?xml version="1.0" encoding="utf-8"?>

<!--文章信息，创建时间：2019-12-11 18:4-->
<root>
  <ChannelID>15947</ChannelID>
  <Status>1</Status>
  <TotalPage>1</TotalPage>
  <Title>新闻女生小微</Title>
  <PublishDate>2017-06-19 21:13:00</PublishDate>
  <Summary></Summary>
  <Photo></Photo>
  <phone>18800000003</phone>
  <token>jxdbe7f5f863373be8</token>
  <company_id>1612</company_id>
  <address></address>
  <parent>1621</parent>
  <SubTitle></SubTitle>
  <Weight>0</Weight>
  <DocFrom></DocFrom>
  <IsPhotoNews></IsPhotoNews>
  <Content></Content>
  <Keyword></Keyword>
  <Tag></Tag>
  <SetPublishDate></SetPublishDate>
  <listurl></listurl>
  <juxian_userid>0</juxian_userid>
  <IP></IP>
  <Email></Email>
  <Status1>0</Status1>
  <Type>0</Type>
  <Avatar></Avatar>
  <remark></remark>
  <company_type></company_type>
  <jushi_userid></jushi_userid>
  <Site></Site>
  <company_code></company_code>
</root>
