<?xml version="1.0" encoding="utf-8"?>

<!--文章信息，创建时间：2019-12-11 18:4-->
<root>
  <ChannelID>15919</ChannelID>
  <Status>1</Status>
  <TotalPage>1</TotalPage>
  <Title>聚视演示</Title>
  <SubTitle></SubTitle>
  <PublishDate>2017-06-19 14:21:00</PublishDate>
  <Weight>0</Weight>
  <DocFrom></DocFrom>
  <IsPhotoNews>0</IsPhotoNews>
  <Summary></Summary>
  <Content></Content>
  <Photo>/images/2018/6/29/20186291530261366404_6.png</Photo>
  <Keyword></Keyword>
  <Tag></Tag>
  <SetPublishDate></SetPublishDate>
  <phone>18800000000</phone>
  <token>jx38063f0407f2d540</token>
  <parent>0</parent>
  <address></address>
  <listurl>http://123.56.71.230:65530/a/e/a/list_1_0.shtml</listurl>
  <company_id>1621</company_id>
  <virtualconcern>0</virtualconcern>
  <model_control>1,2,3,4,5,6,7</model_control>
  <userid>64</userid>
  <topic_category>1019688</topic_category>
  <juxian_userid>0</juxian_userid>
  <card_url></card_url>
  <popularity>0</popularity>
</root>
