<?xml version="1.0" encoding="utf-8"?>

<!--文章信息，创建时间：2019-12-11 18:4-->
<root>
  <ChannelID>15919</ChannelID>
  <Status>1</Status>
  <TotalPage>1</TotalPage>
  <Title>cms创建</Title>
  <SubTitle></SubTitle>
  <PublishDate>2017-07-25 02:36:00</PublishDate>
  <Weight>0</Weight>
  <DocFrom></DocFrom>
  <IsPhotoNews>0</IsPhotoNews>
  <Summary></Summary>
  <Content></Content>
  <Photo>/images/2018/7/2/2018721530535055093_49.jpg</Photo>
  <Keyword></Keyword>
  <Tag></Tag>
  <SetPublishDate></SetPublishDate>
  <phone></phone>
  <token></token>
  <parent></parent>
  <address></address>
  <listurl></listurl>
  <company_id>0</company_id>
  <virtualconcern></virtualconcern>
  <model_control>1,5,6,7</model_control>
  <userid></userid>
  <topic_category>0</topic_category>
  <juxian_userid>0</juxian_userid>
  <card_url></card_url>
  <popularity>0</popularity>
</root>
