<?xml version="1.0" encoding="utf-8"?>

<!--文章信息，创建时间：2019-2-27 15:44-->
<root>
  <ChannelID>15978</ChannelID>
  <Status>1</Status>
  <Title>交警频道</Title>
  <SubTitle></SubTitle>
  <PublishDate>1530191992</PublishDate>
  <Weight>0</Weight>
  <DocFrom></DocFrom>
  <IsPhotoNews>0</IsPhotoNews>
  <Summary></Summary>
  <Content></Content>
  <Photo>/images/2018/7/4/2018741530692229266_6.png</Photo>
  <Keyword></Keyword>
  <Tag></Tag>
  <SetPublishDate></SetPublishDate>
  <phone>18800000005</phone>
  <token>jxb06b8bf2c6112c35</token>
  <parent>1621</parent>
  <address></address>
  <listurl>http://123.56.71.230:65530/a/e/f/list_1_0.shtml</listurl>
  <company_id>1614</company_id>
  <virtualconcern></virtualconcern>
  <model_control>1,5,6,7</model_control>
  <userid></userid>
  <topic_category>0</topic_category>
</root>
