<?xml version="1.0" encoding="utf-8"?>

<!--文章信息，创建时间：2019-2-27 15:44-->
<root>
  <ChannelID>15978</ChannelID>
  <Status>1</Status>
  <Title>水利局</Title>
  <SubTitle></SubTitle>
  <PublishDate>1530192221</PublishDate>
  <Weight>0</Weight>
  <DocFrom></DocFrom>
  <IsPhotoNews>0</IsPhotoNews>
  <Summary></Summary>
  <Content></Content>
  <Photo>/images/2018/7/3/2018731530601938042_6.png</Photo>
  <Keyword></Keyword>
  <Tag></Tag>
  <SetPublishDate></SetPublishDate>
  <phone>18800000007</phone>
  <token>jx0db4ab7bda045803</token>
  <parent>1621</parent>
  <address></address>
  <listurl>http://123.56.71.230:65530/a/e/h/list_1_0.shtml</listurl>
  <company_id>1616</company_id>
  <virtualconcern>0</virtualconcern>
  <model_control>1,3,4,5,6,7</model_control>
  <userid>84</userid>
  <topic_category>1019729</topic_category>
</root>
