<?xml version="1.0" encoding="utf-8"?>

<!--文章信息，创建时间：2019-2-27 15:52-->
<root>
  <ChannelID>15932</ChannelID>
  <Status>1</Status>
  <Title>点赞通知</Title>
  <PublishDate>1529931313</PublishDate>
  <messagetype>3</messagetype>
  <Photo>http://123.56.71.230:8004/images/2018/6/25/20186251529931330198_1.png</Photo>
  <Photo2>http://123.56.71.230:8004/images/2018/6/25/20186251529931337464_1.png</Photo2>
  <SubTitle></SubTitle>
  <Weight>0</Weight>
  <DocFrom></DocFrom>
  <IsPhotoNews>0</IsPhotoNews>
  <Summary></Summary>
  <Content></Content>
  <Keyword></Keyword>
  <Tag></Tag>
  <SetPublishDate></SetPublishDate>
</root>
